# RUN: half_node_IO ep.E.x ep.E.x
## RANKFILE 1:
rank 0=m33 slot=0
rank 1=m33 slot=1
rank 2=m33 slot=2
rank 3=m33 slot=3
rank 4=m33 slot=4
rank 5=m33 slot=5
rank 6=m33 slot=6
rank 7=m33 slot=7
rank 8=m33 slot=8
rank 9=m33 slot=9
rank 10=m33 slot=10
rank 11=m33 slot=11
rank 12=m33 slot=12
rank 13=m33 slot=13
rank 14=m33 slot=14
rank 15=m33 slot=15
rank 16=m33 slot=16
rank 17=m33 slot=17
rank 18=m33 slot=18
rank 19=m33 slot=19
rank 20=m33 slot=20
rank 21=m33 slot=21
rank 22=m33 slot=22
rank 23=m33 slot=23
rank 24=m33 slot=24
rank 25=m33 slot=25
rank 26=m33 slot=26
rank 27=m33 slot=27
rank 28=m33 slot=28
rank 29=m33 slot=29
rank 30=m33 slot=30
rank 31=m33 slot=31
rank 32=m33 slot=32
rank 33=m33 slot=33
rank 34=m33 slot=34
rank 35=m33 slot=35
rank 36=m33 slot=36
rank 37=m33 slot=37
rank 38=m33 slot=38
rank 39=m33 slot=39
rank 40=m33 slot=40
rank 41=m33 slot=41
rank 42=m33 slot=42
rank 43=m33 slot=43
rank 44=m33 slot=44
rank 45=m33 slot=45
rank 46=m33 slot=46
rank 47=m33 slot=47
rank 48=m33 slot=48
rank 49=m33 slot=49
rank 50=m33 slot=50
rank 51=m33 slot=51
rank 52=m33 slot=52
rank 53=m33 slot=53
rank 54=m33 slot=54
rank 55=m33 slot=55
rank 56=m33 slot=56
rank 57=m33 slot=57
rank 58=m33 slot=58
rank 59=m33 slot=59
rank 60=m33 slot=60
rank 61=m33 slot=61
rank 62=m33 slot=62
rank 63=m33 slot=63
## RANKFILE 2:
rank 0=m33 slot=64
rank 1=m33 slot=65
rank 2=m33 slot=66
rank 3=m33 slot=67
rank 4=m33 slot=68
rank 5=m33 slot=69
rank 6=m33 slot=70
rank 7=m33 slot=71
rank 8=m33 slot=72
rank 9=m33 slot=73
rank 10=m33 slot=74
rank 11=m33 slot=75
rank 12=m33 slot=76
rank 13=m33 slot=77
rank 14=m33 slot=78
rank 15=m33 slot=79
rank 16=m33 slot=80
rank 17=m33 slot=81
rank 18=m33 slot=82
rank 19=m33 slot=83
rank 20=m33 slot=84
rank 21=m33 slot=85
rank 22=m33 slot=86
rank 23=m33 slot=87
rank 24=m33 slot=88
rank 25=m33 slot=89
rank 26=m33 slot=90
rank 27=m33 slot=91
rank 28=m33 slot=92
rank 29=m33 slot=93
rank 30=m33 slot=94
rank 31=m33 slot=95
rank 32=m33 slot=96
rank 33=m33 slot=97
rank 34=m33 slot=98
rank 35=m33 slot=99
rank 36=m33 slot=100
rank 37=m33 slot=101
rank 38=m33 slot=102
rank 39=m33 slot=103
rank 40=m33 slot=104
rank 41=m33 slot=105
rank 42=m33 slot=106
rank 43=m33 slot=107
rank 44=m33 slot=108
rank 45=m33 slot=109
rank 46=m33 slot=110
rank 47=m33 slot=111
rank 48=m33 slot=112
rank 49=m33 slot=113
rank 50=m33 slot=114
rank 51=m33 slot=115
rank 52=m33 slot=116
rank 53=m33 slot=117
rank 54=m33 slot=118
rank 55=m33 slot=119
rank 56=m33 slot=120
rank 57=m33 slot=121
rank 58=m33 slot=122
rank 59=m33 slot=123
rank 60=m33 slot=124
rank 61=m33 slot=125
rank 62=m33 slot=126
rank 63=m33 slot=127
## REPORT 1:
Rank 0: Node m33, CPU core 0, NUMA node 0
Rank 1: Node m33, CPU core 1, NUMA node 0
Rank 2: Node m33, CPU core 2, NUMA node 0
Rank 3: Node m33, CPU core 3, NUMA node 0
Rank 4: Node m33, CPU core 4, NUMA node 0
Rank 5: Node m33, CPU core 5, NUMA node 0
Rank 6: Node m33, CPU core 6, NUMA node 0
Rank 7: Node m33, CPU core 7, NUMA node 0
Rank 8: Node m33, CPU core 8, NUMA node 0
Rank 9: Node m33, CPU core 9, NUMA node 0
Rank 10: Node m33, CPU core 10, NUMA node 0
Rank 11: Node m33, CPU core 11, NUMA node 0
Rank 12: Node m33, CPU core 12, NUMA node 0
Rank 13: Node m33, CPU core 13, NUMA node 0
Rank 14: Node m33, CPU core 14, NUMA node 0
Rank 15: Node m33, CPU core 15, NUMA node 0
Rank 16: Node m33, CPU core 16, NUMA node 1
Rank 17: Node m33, CPU core 17, NUMA node 1
Rank 18: Node m33, CPU core 18, NUMA node 1
Rank 19: Node m33, CPU core 19, NUMA node 1
Rank 20: Node m33, CPU core 20, NUMA node 1
Rank 21: Node m33, CPU core 21, NUMA node 1
Rank 22: Node m33, CPU core 22, NUMA node 1
Rank 23: Node m33, CPU core 23, NUMA node 1
Rank 24: Node m33, CPU core 24, NUMA node 1
Rank 25: Node m33, CPU core 25, NUMA node 1
Rank 26: Node m33, CPU core 26, NUMA node 1
Rank 27: Node m33, CPU core 27, NUMA node 1
Rank 28: Node m33, CPU core 28, NUMA node 1
Rank 29: Node m33, CPU core 29, NUMA node 1
Rank 30: Node m33, CPU core 30, NUMA node 1
Rank 31: Node m33, CPU core 31, NUMA node 1
Rank 32: Node m33, CPU core 32, NUMA node 2
Rank 33: Node m33, CPU core 33, NUMA node 2
Rank 34: Node m33, CPU core 34, NUMA node 2
Rank 35: Node m33, CPU core 35, NUMA node 2
Rank 36: Node m33, CPU core 36, NUMA node 2
Rank 37: Node m33, CPU core 37, NUMA node 2
Rank 38: Node m33, CPU core 38, NUMA node 2
Rank 39: Node m33, CPU core 39, NUMA node 2
Rank 40: Node m33, CPU core 40, NUMA node 2
Rank 41: Node m33, CPU core 41, NUMA node 2
Rank 42: Node m33, CPU core 42, NUMA node 2
Rank 43: Node m33, CPU core 43, NUMA node 2
Rank 44: Node m33, CPU core 44, NUMA node 2
Rank 45: Node m33, CPU core 45, NUMA node 2
Rank 46: Node m33, CPU core 46, NUMA node 2
Rank 47: Node m33, CPU core 47, NUMA node 2
Rank 48: Node m33, CPU core 48, NUMA node 3
Rank 49: Node m33, CPU core 49, NUMA node 3
Rank 50: Node m33, CPU core 50, NUMA node 3
Rank 51: Node m33, CPU core 51, NUMA node 3
Rank 52: Node m33, CPU core 52, NUMA node 3
Rank 53: Node m33, CPU core 53, NUMA node 3
Rank 54: Node m33, CPU core 54, NUMA node 3
Rank 55: Node m33, CPU core 55, NUMA node 3
Rank 56: Node m33, CPU core 56, NUMA node 3
Rank 57: Node m33, CPU core 57, NUMA node 3
Rank 58: Node m33, CPU core 58, NUMA node 3
Rank 59: Node m33, CPU core 59, NUMA node 3
Rank 60: Node m33, CPU core 60, NUMA node 3
Rank 61: Node m33, CPU core 61, NUMA node 3
Rank 62: Node m33, CPU core 62, NUMA node 3
Rank 63: Node m33, CPU core 63, NUMA node 3

===== SUMMARY =====

----- NODE: m33 -----
CPU cores used: 0 1 2 3 4 5 6 7 8 9 10 11 12 13 14 15 16 17 18 19 20 21 22 23 24 25 26 27 28 29 30 31 32 33 34 35 36 37 38 39 40 41 42 43 44 45 46 47 48 49 50 51 52 53 54 55 56 57 58 59 60 61 62 63 
NUMA nodes used: 0 1 2 3 
## REPORT 2:
Rank 0: Node m33, CPU core 64, NUMA node 4
Rank 1: Node m33, CPU core 65, NUMA node 4
Rank 2: Node m33, CPU core 66, NUMA node 4
Rank 3: Node m33, CPU core 67, NUMA node 4
Rank 4: Node m33, CPU core 68, NUMA node 4
Rank 5: Node m33, CPU core 69, NUMA node 4
Rank 6: Node m33, CPU core 70, NUMA node 4
Rank 7: Node m33, CPU core 71, NUMA node 4
Rank 8: Node m33, CPU core 72, NUMA node 4
Rank 9: Node m33, CPU core 73, NUMA node 4
Rank 10: Node m33, CPU core 74, NUMA node 4
Rank 11: Node m33, CPU core 75, NUMA node 4
Rank 12: Node m33, CPU core 76, NUMA node 4
Rank 13: Node m33, CPU core 77, NUMA node 4
Rank 14: Node m33, CPU core 78, NUMA node 4
Rank 15: Node m33, CPU core 79, NUMA node 4
Rank 16: Node m33, CPU core 80, NUMA node 5
Rank 17: Node m33, CPU core 81, NUMA node 5
Rank 18: Node m33, CPU core 82, NUMA node 5
Rank 19: Node m33, CPU core 83, NUMA node 5
Rank 20: Node m33, CPU core 84, NUMA node 5
Rank 21: Node m33, CPU core 85, NUMA node 5
Rank 22: Node m33, CPU core 86, NUMA node 5
Rank 23: Node m33, CPU core 87, NUMA node 5
Rank 24: Node m33, CPU core 88, NUMA node 5
Rank 25: Node m33, CPU core 89, NUMA node 5
Rank 26: Node m33, CPU core 90, NUMA node 5
Rank 27: Node m33, CPU core 91, NUMA node 5
Rank 28: Node m33, CPU core 92, NUMA node 5
Rank 29: Node m33, CPU core 93, NUMA node 5
Rank 30: Node m33, CPU core 94, NUMA node 5
Rank 31: Node m33, CPU core 95, NUMA node 5
Rank 32: Node m33, CPU core 96, NUMA node 6
Rank 33: Node m33, CPU core 97, NUMA node 6
Rank 34: Node m33, CPU core 98, NUMA node 6
Rank 35: Node m33, CPU core 99, NUMA node 6
Rank 36: Node m33, CPU core 100, NUMA node 6
Rank 37: Node m33, CPU core 101, NUMA node 6
Rank 38: Node m33, CPU core 102, NUMA node 6
Rank 39: Node m33, CPU core 103, NUMA node 6
Rank 40: Node m33, CPU core 104, NUMA node 6
Rank 41: Node m33, CPU core 105, NUMA node 6
Rank 42: Node m33, CPU core 106, NUMA node 6
Rank 43: Node m33, CPU core 107, NUMA node 6
Rank 44: Node m33, CPU core 108, NUMA node 6
Rank 45: Node m33, CPU core 109, NUMA node 6
Rank 46: Node m33, CPU core 110, NUMA node 6
Rank 47: Node m33, CPU core 111, NUMA node 6
Rank 48: Node m33, CPU core 112, NUMA node 7
Rank 49: Node m33, CPU core 113, NUMA node 7
Rank 50: Node m33, CPU core 114, NUMA node 7
Rank 51: Node m33, CPU core 115, NUMA node 7
Rank 52: Node m33, CPU core 116, NUMA node 7
Rank 53: Node m33, CPU core 117, NUMA node 7
Rank 54: Node m33, CPU core 118, NUMA node 7
Rank 55: Node m33, CPU core 119, NUMA node 7
Rank 56: Node m33, CPU core 120, NUMA node 7
Rank 57: Node m33, CPU core 121, NUMA node 7
Rank 58: Node m33, CPU core 122, NUMA node 7
Rank 59: Node m33, CPU core 123, NUMA node 7
Rank 60: Node m33, CPU core 124, NUMA node 7
Rank 61: Node m33, CPU core 125, NUMA node 7
Rank 62: Node m33, CPU core 126, NUMA node 7
Rank 63: Node m33, CPU core 127, NUMA node 7

===== SUMMARY =====

----- NODE: m33 -----
CPU cores used: 64 65 66 67 68 69 70 71 72 73 74 75 76 77 78 79 80 81 82 83 84 85 86 87 88 89 90 91 92 93 94 95 96 97 98 99 100 101 102 103 104 105 106 107 108 109 110 111 112 113 114 115 116 117 118 119 120 121 122 123 124 125 126 127 
NUMA nodes used: 4 5 6 7 
## EXECUTE:
### mpirun 1 2026-07-04 14:47:24
### mpirun 1 2026-07-04 14:47:24
### mpirun 2 2026-07-04 14:53:54
### mpirun 2 2026-07-04 14:54:35
### mpirun 3 2026-07-04 15:00:22
### mpirun 3 2026-07-04 15:01:53
### mpirun 4 2026-07-04 15:07:39
## BENCH 1:
### mpirun 1 2026-07-04 14:47:24

 NAS Parallel Benchmarks 3.4 -- EP Benchmark

 Number of random numbers generated:   2199023255552  (class E)
 Total number of processes:                       64

EP Benchmark Results:

CPU Time =   386.988
N = 2^   40
No. Gaussian Pairs =  863554308186.
Sums =     6.890169663166355D+11    6.890164670690535D+11
Counts:
  0  402472491787.
  1  384285547773.
  2   72139715664.
  3    4547154685.
  4     108408570.
  5        986325.
  6          3374.
  7             8.
  8             0.
  9             0.


 EP Benchmark Completed.
 Class           =                        E
 Size            =            2199023255552
 Iterations      =                        0
 Time in seconds =                   386.99
 Total processes =                       64
 Active processes=                       64
 Mop/s total     =                  5682.41
 Mop/s/process   =                    88.79
 Operation type  = Random numbers generated
 Verification    =               SUCCESSFUL
 Version         =                    3.4.4
 Compile date    =              06 Apr 2026

 Compile options:
    MPIFC        = mpif90
    FLINK        = $(MPIFC)
    FMPI_LIB     = (none)
    FMPI_INC     = (none)
    FFLAGS       = -O3
    FLINKFLAGS   = $(FFLAGS)
    RAND         = randi8


 Please send feedbacks and/or the results of this run to:

 NPB Development Team 
 Internet: npb@nas.nasa.gov


### mpirun 2 2026-07-04 14:53:54

 NAS Parallel Benchmarks 3.4 -- EP Benchmark

 Number of random numbers generated:   2199023255552  (class E)
 Total number of processes:                       64

EP Benchmark Results:

CPU Time =   386.015
N = 2^   40
No. Gaussian Pairs =  863554308186.
Sums =     6.890169663166355D+11    6.890164670690535D+11
Counts:
  0  402472491787.
  1  384285547773.
  2   72139715664.
  3    4547154685.
  4     108408570.
  5        986325.
  6          3374.
  7             8.
  8             0.
  9             0.


 EP Benchmark Completed.
 Class           =                        E
 Size            =            2199023255552
 Iterations      =                        0
 Time in seconds =                   386.01
 Total processes =                       64
 Active processes=                       64
 Mop/s total     =                  5696.74
 Mop/s/process   =                    89.01
 Operation type  = Random numbers generated
 Verification    =               SUCCESSFUL
 Version         =                    3.4.4
 Compile date    =              06 Apr 2026

 Compile options:
    MPIFC        = mpif90
    FLINK        = $(MPIFC)
    FMPI_LIB     = (none)
    FMPI_INC     = (none)
    FFLAGS       = -O3
    FLINKFLAGS   = $(FFLAGS)
    RAND         = randi8


 Please send feedbacks and/or the results of this run to:

 NPB Development Team 
 Internet: npb@nas.nasa.gov


### mpirun 3 2026-07-04 15:00:22

 NAS Parallel Benchmarks 3.4 -- EP Benchmark

 Number of random numbers generated:   2199023255552  (class E)
 Total number of processes:                       64

EP Benchmark Results:

CPU Time =   434.986
N = 2^   40
No. Gaussian Pairs =  863554308186.
Sums =     6.890169663166355D+11    6.890164670690535D+11
Counts:
  0  402472491787.
  1  384285547773.
  2   72139715664.
  3    4547154685.
  4     108408570.
  5        986325.
  6          3374.
  7             8.
  8             0.
  9             0.


 EP Benchmark Completed.
 Class           =                        E
 Size            =            2199023255552
 Iterations      =                        0
 Time in seconds =                   434.99
 Total processes =                       64
 Active processes=                       64
 Mop/s total     =                  5055.39
 Mop/s/process   =                    78.99
 Operation type  = Random numbers generated
 Verification    =               SUCCESSFUL
 Version         =                    3.4.4
 Compile date    =              06 Apr 2026

 Compile options:
    MPIFC        = mpif90
    FLINK        = $(MPIFC)
    FMPI_LIB     = (none)
    FMPI_INC     = (none)
    FFLAGS       = -O3
    FLINKFLAGS   = $(FFLAGS)
    RAND         = randi8


 Please send feedbacks and/or the results of this run to:

 NPB Development Team 
 Internet: npb@nas.nasa.gov


### mpirun 4 2026-07-04 15:07:39

 NAS Parallel Benchmarks 3.4 -- EP Benchmark

 Number of random numbers generated:   2199023255552  (class E)
 Total number of processes:                       64

EP Benchmark Results:

CPU Time =   436.412
N = 2^   40
No. Gaussian Pairs =  863554308186.
Sums =     6.890169663166355D+11    6.890164670690535D+11
Counts:
  0  402472491787.
  1  384285547773.
  2   72139715664.
  3    4547154685.
  4     108408570.
  5        986325.
  6          3374.
  7             8.
  8             0.
  9             0.


 EP Benchmark Completed.
 Class           =                        E
 Size            =            2199023255552
 Iterations      =                        0
 Time in seconds =                   436.41
 Total processes =                       64
 Active processes=                       64
 Mop/s total     =                  5038.87
 Mop/s/process   =                    78.73
 Operation type  = Random numbers generated
 Verification    =               SUCCESSFUL
 Version         =                    3.4.4
 Compile date    =              06 Apr 2026

 Compile options:
    MPIFC        = mpif90
    FLINK        = $(MPIFC)
    FMPI_LIB     = (none)
    FMPI_INC     = (none)
    FFLAGS       = -O3
    FLINKFLAGS   = $(FFLAGS)
    RAND         = randi8


 Please send feedbacks and/or the results of this run to:

 NPB Development Team 
 Internet: npb@nas.nasa.gov


## BENCH 2:
### mpirun 1 2026-07-04 14:47:24

 NAS Parallel Benchmarks 3.4 -- EP Benchmark

 Number of random numbers generated:   2199023255552  (class E)
 Total number of processes:                       64

EP Benchmark Results:

CPU Time =   428.324
N = 2^   40
No. Gaussian Pairs =  863554308186.
Sums =     6.890169663166355D+11    6.890164670690535D+11
Counts:
  0  402472491787.
  1  384285547773.
  2   72139715664.
  3    4547154685.
  4     108408570.
  5        986325.
  6          3374.
  7             8.
  8             0.
  9             0.


 EP Benchmark Completed.
 Class           =                        E
 Size            =            2199023255552
 Iterations      =                        0
 Time in seconds =                   428.32
 Total processes =                       64
 Active processes=                       64
 Mop/s total     =                  5134.02
 Mop/s/process   =                    80.22
 Operation type  = Random numbers generated
 Verification    =               SUCCESSFUL
 Version         =                    3.4.4
 Compile date    =              06 Apr 2026

 Compile options:
    MPIFC        = mpif90
    FLINK        = $(MPIFC)
    FMPI_LIB     = (none)
    FMPI_INC     = (none)
    FFLAGS       = -O3
    FLINKFLAGS   = $(FFLAGS)
    RAND         = randi8


 Please send feedbacks and/or the results of this run to:

 NPB Development Team 
 Internet: npb@nas.nasa.gov


### mpirun 2 2026-07-04 14:54:35

 NAS Parallel Benchmarks 3.4 -- EP Benchmark

 Number of random numbers generated:   2199023255552  (class E)
 Total number of processes:                       64

EP Benchmark Results:

CPU Time =   435.747
N = 2^   40
No. Gaussian Pairs =  863554308186.
Sums =     6.890169663166355D+11    6.890164670690535D+11
Counts:
  0  402472491787.
  1  384285547773.
  2   72139715664.
  3    4547154685.
  4     108408570.
  5        986325.
  6          3374.
  7             8.
  8             0.
  9             0.


 EP Benchmark Completed.
 Class           =                        E
 Size            =            2199023255552
 Iterations      =                        0
 Time in seconds =                   435.75
 Total processes =                       64
 Active processes=                       64
 Mop/s total     =                  5046.56
 Mop/s/process   =                    78.85
 Operation type  = Random numbers generated
 Verification    =               SUCCESSFUL
 Version         =                    3.4.4
 Compile date    =              06 Apr 2026

 Compile options:
    MPIFC        = mpif90
    FLINK        = $(MPIFC)
    FMPI_LIB     = (none)
    FMPI_INC     = (none)
    FFLAGS       = -O3
    FLINKFLAGS   = $(FFLAGS)
    RAND         = randi8


 Please send feedbacks and/or the results of this run to:

 NPB Development Team 
 Internet: npb@nas.nasa.gov


### mpirun 3 2026-07-04 15:01:53

 NAS Parallel Benchmarks 3.4 -- EP Benchmark

 Number of random numbers generated:   2199023255552  (class E)
 Total number of processes:                       64

EP Benchmark Results:

CPU Time =   401.983
N = 2^   40
No. Gaussian Pairs =  863554308186.
Sums =     6.890169663166355D+11    6.890164670690535D+11
Counts:
  0  402472491787.
  1  384285547773.
  2   72139715664.
  3    4547154685.
  4     108408570.
  5        986325.
  6          3374.
  7             8.
  8             0.
  9             0.


 EP Benchmark Completed.
 Class           =                        E
 Size            =            2199023255552
 Iterations      =                        0
 Time in seconds =                   401.98
 Total processes =                       64
 Active processes=                       64
 Mop/s total     =                  5470.44
 Mop/s/process   =                    85.48
 Operation type  = Random numbers generated
 Verification    =               SUCCESSFUL
 Version         =                    3.4.4
 Compile date    =              06 Apr 2026

 Compile options:
    MPIFC        = mpif90
    FLINK        = $(MPIFC)
    FMPI_LIB     = (none)
    FMPI_INC     = (none)
    FFLAGS       = -O3
    FLINKFLAGS   = $(FFLAGS)
    RAND         = randi8


 Please send feedbacks and/or the results of this run to:

 NPB Development Team 
 Internet: npb@nas.nasa.gov


# RUN: half_socket_IO ep.E.x ep.E.x
## RANKFILE 1:
rank 0=m33 slot=0
rank 32=m33 slot=64
rank 1=m33 slot=1
rank 33=m33 slot=65
rank 2=m33 slot=2
rank 34=m33 slot=66
rank 3=m33 slot=3
rank 35=m33 slot=67
rank 4=m33 slot=4
rank 36=m33 slot=68
rank 5=m33 slot=5
rank 37=m33 slot=69
rank 6=m33 slot=6
rank 38=m33 slot=70
rank 7=m33 slot=7
rank 39=m33 slot=71
rank 8=m33 slot=8
rank 40=m33 slot=72
rank 9=m33 slot=9
rank 41=m33 slot=73
rank 10=m33 slot=10
rank 42=m33 slot=74
rank 11=m33 slot=11
rank 43=m33 slot=75
rank 12=m33 slot=12
rank 44=m33 slot=76
rank 13=m33 slot=13
rank 45=m33 slot=77
rank 14=m33 slot=14
rank 46=m33 slot=78
rank 15=m33 slot=15
rank 47=m33 slot=79
rank 16=m33 slot=16
rank 48=m33 slot=80
rank 17=m33 slot=17
rank 49=m33 slot=81
rank 18=m33 slot=18
rank 50=m33 slot=82
rank 19=m33 slot=19
rank 51=m33 slot=83
rank 20=m33 slot=20
rank 52=m33 slot=84
rank 21=m33 slot=21
rank 53=m33 slot=85
rank 22=m33 slot=22
rank 54=m33 slot=86
rank 23=m33 slot=23
rank 55=m33 slot=87
rank 24=m33 slot=24
rank 56=m33 slot=88
rank 25=m33 slot=25
rank 57=m33 slot=89
rank 26=m33 slot=26
rank 58=m33 slot=90
rank 27=m33 slot=27
rank 59=m33 slot=91
rank 28=m33 slot=28
rank 60=m33 slot=92
rank 29=m33 slot=29
rank 61=m33 slot=93
rank 30=m33 slot=30
rank 62=m33 slot=94
rank 31=m33 slot=31
rank 63=m33 slot=95
## RANKFILE 2:
rank 0=m33 slot=32
rank 32=m33 slot=96
rank 1=m33 slot=33
rank 33=m33 slot=97
rank 2=m33 slot=34
rank 34=m33 slot=98
rank 3=m33 slot=35
rank 35=m33 slot=99
rank 4=m33 slot=36
rank 36=m33 slot=100
rank 5=m33 slot=37
rank 37=m33 slot=101
rank 6=m33 slot=38
rank 38=m33 slot=102
rank 7=m33 slot=39
rank 39=m33 slot=103
rank 8=m33 slot=40
rank 40=m33 slot=104
rank 9=m33 slot=41
rank 41=m33 slot=105
rank 10=m33 slot=42
rank 42=m33 slot=106
rank 11=m33 slot=43
rank 43=m33 slot=107
rank 12=m33 slot=44
rank 44=m33 slot=108
rank 13=m33 slot=45
rank 45=m33 slot=109
rank 14=m33 slot=46
rank 46=m33 slot=110
rank 15=m33 slot=47
rank 47=m33 slot=111
rank 16=m33 slot=48
rank 48=m33 slot=112
rank 17=m33 slot=49
rank 49=m33 slot=113
rank 18=m33 slot=50
rank 50=m33 slot=114
rank 19=m33 slot=51
rank 51=m33 slot=115
rank 20=m33 slot=52
rank 52=m33 slot=116
rank 21=m33 slot=53
rank 53=m33 slot=117
rank 22=m33 slot=54
rank 54=m33 slot=118
rank 23=m33 slot=55
rank 55=m33 slot=119
rank 24=m33 slot=56
rank 56=m33 slot=120
rank 25=m33 slot=57
rank 57=m33 slot=121
rank 26=m33 slot=58
rank 58=m33 slot=122
rank 27=m33 slot=59
rank 59=m33 slot=123
rank 28=m33 slot=60
rank 60=m33 slot=124
rank 29=m33 slot=61
rank 61=m33 slot=125
rank 30=m33 slot=62
rank 62=m33 slot=126
rank 31=m33 slot=63
rank 63=m33 slot=127
## REPORT 1:
Rank 0: Node m33, CPU core 0, NUMA node 0
Rank 1: Node m33, CPU core 1, NUMA node 0
Rank 2: Node m33, CPU core 2, NUMA node 0
Rank 3: Node m33, CPU core 3, NUMA node 0
Rank 4: Node m33, CPU core 4, NUMA node 0
Rank 5: Node m33, CPU core 5, NUMA node 0
Rank 6: Node m33, CPU core 6, NUMA node 0
Rank 7: Node m33, CPU core 7, NUMA node 0
Rank 8: Node m33, CPU core 8, NUMA node 0
Rank 9: Node m33, CPU core 9, NUMA node 0
Rank 10: Node m33, CPU core 10, NUMA node 0
Rank 11: Node m33, CPU core 11, NUMA node 0
Rank 12: Node m33, CPU core 12, NUMA node 0
Rank 13: Node m33, CPU core 13, NUMA node 0
Rank 14: Node m33, CPU core 14, NUMA node 0
Rank 15: Node m33, CPU core 15, NUMA node 0
Rank 16: Node m33, CPU core 16, NUMA node 1
Rank 17: Node m33, CPU core 17, NUMA node 1
Rank 18: Node m33, CPU core 18, NUMA node 1
Rank 19: Node m33, CPU core 19, NUMA node 1
Rank 20: Node m33, CPU core 20, NUMA node 1
Rank 21: Node m33, CPU core 21, NUMA node 1
Rank 22: Node m33, CPU core 22, NUMA node 1
Rank 23: Node m33, CPU core 23, NUMA node 1
Rank 24: Node m33, CPU core 24, NUMA node 1
Rank 25: Node m33, CPU core 25, NUMA node 1
Rank 26: Node m33, CPU core 26, NUMA node 1
Rank 27: Node m33, CPU core 27, NUMA node 1
Rank 28: Node m33, CPU core 28, NUMA node 1
Rank 29: Node m33, CPU core 29, NUMA node 1
Rank 30: Node m33, CPU core 30, NUMA node 1
Rank 31: Node m33, CPU core 31, NUMA node 1
Rank 32: Node m33, CPU core 64, NUMA node 4
Rank 33: Node m33, CPU core 65, NUMA node 4
Rank 34: Node m33, CPU core 66, NUMA node 4
Rank 35: Node m33, CPU core 67, NUMA node 4
Rank 36: Node m33, CPU core 68, NUMA node 4
Rank 37: Node m33, CPU core 69, NUMA node 4
Rank 38: Node m33, CPU core 70, NUMA node 4
Rank 39: Node m33, CPU core 71, NUMA node 4
Rank 40: Node m33, CPU core 72, NUMA node 4
Rank 41: Node m33, CPU core 73, NUMA node 4
Rank 42: Node m33, CPU core 74, NUMA node 4
Rank 43: Node m33, CPU core 75, NUMA node 4
Rank 44: Node m33, CPU core 76, NUMA node 4
Rank 45: Node m33, CPU core 77, NUMA node 4
Rank 46: Node m33, CPU core 78, NUMA node 4
Rank 47: Node m33, CPU core 79, NUMA node 4
Rank 48: Node m33, CPU core 80, NUMA node 5
Rank 49: Node m33, CPU core 81, NUMA node 5
Rank 50: Node m33, CPU core 82, NUMA node 5
Rank 51: Node m33, CPU core 83, NUMA node 5
Rank 52: Node m33, CPU core 84, NUMA node 5
Rank 53: Node m33, CPU core 85, NUMA node 5
Rank 54: Node m33, CPU core 86, NUMA node 5
Rank 55: Node m33, CPU core 87, NUMA node 5
Rank 56: Node m33, CPU core 88, NUMA node 5
Rank 57: Node m33, CPU core 89, NUMA node 5
Rank 58: Node m33, CPU core 90, NUMA node 5
Rank 59: Node m33, CPU core 91, NUMA node 5
Rank 60: Node m33, CPU core 92, NUMA node 5
Rank 61: Node m33, CPU core 93, NUMA node 5
Rank 62: Node m33, CPU core 94, NUMA node 5
Rank 63: Node m33, CPU core 95, NUMA node 5

===== SUMMARY =====

----- NODE: m33 -----
CPU cores used: 0 1 2 3 4 5 6 7 8 9 10 11 12 13 14 15 16 17 18 19 20 21 22 23 24 25 26 27 28 29 30 31 64 65 66 67 68 69 70 71 72 73 74 75 76 77 78 79 80 81 82 83 84 85 86 87 88 89 90 91 92 93 94 95 
NUMA nodes used: 0 1 4 5 
## REPORT 2:
Rank 0: Node m33, CPU core 32, NUMA node 2
Rank 1: Node m33, CPU core 33, NUMA node 2
Rank 2: Node m33, CPU core 34, NUMA node 2
Rank 3: Node m33, CPU core 35, NUMA node 2
Rank 4: Node m33, CPU core 36, NUMA node 2
Rank 5: Node m33, CPU core 37, NUMA node 2
Rank 6: Node m33, CPU core 38, NUMA node 2
Rank 7: Node m33, CPU core 39, NUMA node 2
Rank 8: Node m33, CPU core 40, NUMA node 2
Rank 9: Node m33, CPU core 41, NUMA node 2
Rank 10: Node m33, CPU core 42, NUMA node 2
Rank 11: Node m33, CPU core 43, NUMA node 2
Rank 12: Node m33, CPU core 44, NUMA node 2
Rank 13: Node m33, CPU core 45, NUMA node 2
Rank 14: Node m33, CPU core 46, NUMA node 2
Rank 15: Node m33, CPU core 47, NUMA node 2
Rank 16: Node m33, CPU core 48, NUMA node 3
Rank 17: Node m33, CPU core 49, NUMA node 3
Rank 18: Node m33, CPU core 50, NUMA node 3
Rank 19: Node m33, CPU core 51, NUMA node 3
Rank 20: Node m33, CPU core 52, NUMA node 3
Rank 21: Node m33, CPU core 53, NUMA node 3
Rank 22: Node m33, CPU core 54, NUMA node 3
Rank 23: Node m33, CPU core 55, NUMA node 3
Rank 24: Node m33, CPU core 56, NUMA node 3
Rank 25: Node m33, CPU core 57, NUMA node 3
Rank 26: Node m33, CPU core 58, NUMA node 3
Rank 27: Node m33, CPU core 59, NUMA node 3
Rank 28: Node m33, CPU core 60, NUMA node 3
Rank 29: Node m33, CPU core 61, NUMA node 3
Rank 30: Node m33, CPU core 62, NUMA node 3
Rank 31: Node m33, CPU core 63, NUMA node 3
Rank 32: Node m33, CPU core 96, NUMA node 6
Rank 33: Node m33, CPU core 97, NUMA node 6
Rank 34: Node m33, CPU core 98, NUMA node 6
Rank 35: Node m33, CPU core 99, NUMA node 6
Rank 36: Node m33, CPU core 100, NUMA node 6
Rank 37: Node m33, CPU core 101, NUMA node 6
Rank 38: Node m33, CPU core 102, NUMA node 6
Rank 39: Node m33, CPU core 103, NUMA node 6
Rank 40: Node m33, CPU core 104, NUMA node 6
Rank 41: Node m33, CPU core 105, NUMA node 6
Rank 42: Node m33, CPU core 106, NUMA node 6
Rank 43: Node m33, CPU core 107, NUMA node 6
Rank 44: Node m33, CPU core 108, NUMA node 6
Rank 45: Node m33, CPU core 109, NUMA node 6
Rank 46: Node m33, CPU core 110, NUMA node 6
Rank 47: Node m33, CPU core 111, NUMA node 6
Rank 48: Node m33, CPU core 112, NUMA node 7
Rank 49: Node m33, CPU core 113, NUMA node 7
Rank 50: Node m33, CPU core 114, NUMA node 7
Rank 51: Node m33, CPU core 115, NUMA node 7
Rank 52: Node m33, CPU core 116, NUMA node 7
Rank 53: Node m33, CPU core 117, NUMA node 7
Rank 54: Node m33, CPU core 118, NUMA node 7
Rank 55: Node m33, CPU core 119, NUMA node 7
Rank 56: Node m33, CPU core 120, NUMA node 7
Rank 57: Node m33, CPU core 121, NUMA node 7
Rank 58: Node m33, CPU core 122, NUMA node 7
Rank 59: Node m33, CPU core 123, NUMA node 7
Rank 60: Node m33, CPU core 124, NUMA node 7
Rank 61: Node m33, CPU core 125, NUMA node 7
Rank 62: Node m33, CPU core 126, NUMA node 7
Rank 63: Node m33, CPU core 127, NUMA node 7

===== SUMMARY =====

----- NODE: m33 -----
CPU cores used: 32 33 34 35 36 37 38 39 40 41 42 43 44 45 46 47 48 49 50 51 52 53 54 55 56 57 58 59 60 61 62 63 96 97 98 99 100 101 102 103 104 105 106 107 108 109 110 111 112 113 114 115 116 117 118 119 120 121 122 123 124 125 126 127 
NUMA nodes used: 2 3 6 7 
## EXECUTE:
### mpirun 1 2026-07-04 15:15:01
### mpirun 1 2026-07-04 15:15:01
### mpirun 2 2026-07-04 15:21:32
### mpirun 2 2026-07-04 15:21:32
### mpirun 3 2026-07-04 15:28:01
### mpirun 3 2026-07-04 15:28:01
### mpirun 4 2026-07-04 15:34:31
## BENCH 1:
### mpirun 1 2026-07-04 15:15:01

 NAS Parallel Benchmarks 3.4 -- EP Benchmark

 Number of random numbers generated:   2199023255552  (class E)
 Total number of processes:                       64

EP Benchmark Results:

CPU Time =   386.917
N = 2^   40
No. Gaussian Pairs =  863554308186.
Sums =     6.890169663166355D+11    6.890164670690535D+11
Counts:
  0  402472491787.
  1  384285547773.
  2   72139715664.
  3    4547154685.
  4     108408570.
  5        986325.
  6          3374.
  7             8.
  8             0.
  9             0.


 EP Benchmark Completed.
 Class           =                        E
 Size            =            2199023255552
 Iterations      =                        0
 Time in seconds =                   386.92
 Total processes =                       64
 Active processes=                       64
 Mop/s total     =                  5683.46
 Mop/s/process   =                    88.80
 Operation type  = Random numbers generated
 Verification    =               SUCCESSFUL
 Version         =                    3.4.4
 Compile date    =              06 Apr 2026

 Compile options:
    MPIFC        = mpif90
    FLINK        = $(MPIFC)
    FMPI_LIB     = (none)
    FMPI_INC     = (none)
    FFLAGS       = -O3
    FLINKFLAGS   = $(FFLAGS)
    RAND         = randi8


 Please send feedbacks and/or the results of this run to:

 NPB Development Team 
 Internet: npb@nas.nasa.gov


### mpirun 2 2026-07-04 15:21:32

 NAS Parallel Benchmarks 3.4 -- EP Benchmark

 Number of random numbers generated:   2199023255552  (class E)
 Total number of processes:                       64

EP Benchmark Results:

CPU Time =   386.819
N = 2^   40
No. Gaussian Pairs =  863554308186.
Sums =     6.890169663166355D+11    6.890164670690535D+11
Counts:
  0  402472491787.
  1  384285547773.
  2   72139715664.
  3    4547154685.
  4     108408570.
  5        986325.
  6          3374.
  7             8.
  8             0.
  9             0.


 EP Benchmark Completed.
 Class           =                        E
 Size            =            2199023255552
 Iterations      =                        0
 Time in seconds =                   386.82
 Total processes =                       64
 Active processes=                       64
 Mop/s total     =                  5684.89
 Mop/s/process   =                    88.83
 Operation type  = Random numbers generated
 Verification    =               SUCCESSFUL
 Version         =                    3.4.4
 Compile date    =              06 Apr 2026

 Compile options:
    MPIFC        = mpif90
    FLINK        = $(MPIFC)
    FMPI_LIB     = (none)
    FMPI_INC     = (none)
    FFLAGS       = -O3
    FLINKFLAGS   = $(FFLAGS)
    RAND         = randi8


 Please send feedbacks and/or the results of this run to:

 NPB Development Team 
 Internet: npb@nas.nasa.gov


### mpirun 3 2026-07-04 15:28:01

 NAS Parallel Benchmarks 3.4 -- EP Benchmark

 Number of random numbers generated:   2199023255552  (class E)
 Total number of processes:                       64

EP Benchmark Results:

CPU Time =   386.969
N = 2^   40
No. Gaussian Pairs =  863554308186.
Sums =     6.890169663166355D+11    6.890164670690535D+11
Counts:
  0  402472491787.
  1  384285547773.
  2   72139715664.
  3    4547154685.
  4     108408570.
  5        986325.
  6          3374.
  7             8.
  8             0.
  9             0.


 EP Benchmark Completed.
 Class           =                        E
 Size            =            2199023255552
 Iterations      =                        0
 Time in seconds =                   386.97
 Total processes =                       64
 Active processes=                       64
 Mop/s total     =                  5682.69
 Mop/s/process   =                    88.79
 Operation type  = Random numbers generated
 Verification    =               SUCCESSFUL
 Version         =                    3.4.4
 Compile date    =              06 Apr 2026

 Compile options:
    MPIFC        = mpif90
    FLINK        = $(MPIFC)
    FMPI_LIB     = (none)
    FMPI_INC     = (none)
    FFLAGS       = -O3
    FLINKFLAGS   = $(FFLAGS)
    RAND         = randi8


 Please send feedbacks and/or the results of this run to:

 NPB Development Team 
 Internet: npb@nas.nasa.gov


### mpirun 4 2026-07-04 15:34:31

 NAS Parallel Benchmarks 3.4 -- EP Benchmark

 Number of random numbers generated:   2199023255552  (class E)
 Total number of processes:                       64

EP Benchmark Results:

CPU Time =   458.649
N = 2^   40
No. Gaussian Pairs =  863554308186.
Sums =     6.890169663166355D+11    6.890164670690535D+11
Counts:
  0  402472491787.
  1  384285547773.
  2   72139715664.
  3    4547154685.
  4     108408570.
  5        986325.
  6          3374.
  7             8.
  8             0.
  9             0.


 EP Benchmark Completed.
 Class           =                        E
 Size            =            2199023255552
 Iterations      =                        0
 Time in seconds =                   458.65
 Total processes =                       64
 Active processes=                       64
 Mop/s total     =                  4794.56
 Mop/s/process   =                    74.92
 Operation type  = Random numbers generated
 Verification    =               SUCCESSFUL
 Version         =                    3.4.4
 Compile date    =              06 Apr 2026

 Compile options:
    MPIFC        = mpif90
    FLINK        = $(MPIFC)
    FMPI_LIB     = (none)
    FMPI_INC     = (none)
    FFLAGS       = -O3
    FLINKFLAGS   = $(FFLAGS)
    RAND         = randi8


 Please send feedbacks and/or the results of this run to:

 NPB Development Team 
 Internet: npb@nas.nasa.gov


## BENCH 2:
### mpirun 1 2026-07-04 15:15:01

 NAS Parallel Benchmarks 3.4 -- EP Benchmark

 Number of random numbers generated:   2199023255552  (class E)
 Total number of processes:                       64

EP Benchmark Results:

CPU Time =   387.249
N = 2^   40
No. Gaussian Pairs =  863554308186.
Sums =     6.890169663166355D+11    6.890164670690535D+11
Counts:
  0  402472491787.
  1  384285547773.
  2   72139715664.
  3    4547154685.
  4     108408570.
  5        986325.
  6          3374.
  7             8.
  8             0.
  9             0.


 EP Benchmark Completed.
 Class           =                        E
 Size            =            2199023255552
 Iterations      =                        0
 Time in seconds =                   387.25
 Total processes =                       64
 Active processes=                       64
 Mop/s total     =                  5678.58
 Mop/s/process   =                    88.73
 Operation type  = Random numbers generated
 Verification    =               SUCCESSFUL
 Version         =                    3.4.4
 Compile date    =              06 Apr 2026

 Compile options:
    MPIFC        = mpif90
    FLINK        = $(MPIFC)
    FMPI_LIB     = (none)
    FMPI_INC     = (none)
    FFLAGS       = -O3
    FLINKFLAGS   = $(FFLAGS)
    RAND         = randi8


 Please send feedbacks and/or the results of this run to:

 NPB Development Team 
 Internet: npb@nas.nasa.gov


### mpirun 2 2026-07-04 15:21:32

 NAS Parallel Benchmarks 3.4 -- EP Benchmark

 Number of random numbers generated:   2199023255552  (class E)
 Total number of processes:                       64

EP Benchmark Results:

CPU Time =   386.422
N = 2^   40
No. Gaussian Pairs =  863554308186.
Sums =     6.890169663166355D+11    6.890164670690535D+11
Counts:
  0  402472491787.
  1  384285547773.
  2   72139715664.
  3    4547154685.
  4     108408570.
  5        986325.
  6          3374.
  7             8.
  8             0.
  9             0.


 EP Benchmark Completed.
 Class           =                        E
 Size            =            2199023255552
 Iterations      =                        0
 Time in seconds =                   386.42
 Total processes =                       64
 Active processes=                       64
 Mop/s total     =                  5690.73
 Mop/s/process   =                    88.92
 Operation type  = Random numbers generated
 Verification    =               SUCCESSFUL
 Version         =                    3.4.4
 Compile date    =              06 Apr 2026

 Compile options:
    MPIFC        = mpif90
    FLINK        = $(MPIFC)
    FMPI_LIB     = (none)
    FMPI_INC     = (none)
    FFLAGS       = -O3
    FLINKFLAGS   = $(FFLAGS)
    RAND         = randi8


 Please send feedbacks and/or the results of this run to:

 NPB Development Team 
 Internet: npb@nas.nasa.gov


### mpirun 3 2026-07-04 15:28:01

 NAS Parallel Benchmarks 3.4 -- EP Benchmark

 Number of random numbers generated:   2199023255552  (class E)
 Total number of processes:                       64

EP Benchmark Results:

CPU Time =   395.732
N = 2^   40
No. Gaussian Pairs =  863554308186.
Sums =     6.890169663166355D+11    6.890164670690535D+11
Counts:
  0  402472491787.
  1  384285547773.
  2   72139715664.
  3    4547154685.
  4     108408570.
  5        986325.
  6          3374.
  7             8.
  8             0.
  9             0.


 EP Benchmark Completed.
 Class           =                        E
 Size            =            2199023255552
 Iterations      =                        0
 Time in seconds =                   395.73
 Total processes =                       64
 Active processes=                       64
 Mop/s total     =                  5556.86
 Mop/s/process   =                    86.83
 Operation type  = Random numbers generated
 Verification    =               SUCCESSFUL
 Version         =                    3.4.4
 Compile date    =              06 Apr 2026

 Compile options:
    MPIFC        = mpif90
    FLINK        = $(MPIFC)
    FMPI_LIB     = (none)
    FMPI_INC     = (none)
    FFLAGS       = -O3
    FLINKFLAGS   = $(FFLAGS)
    RAND         = randi8


 Please send feedbacks and/or the results of this run to:

 NPB Development Team 
 Internet: npb@nas.nasa.gov


# RUN: half_numa_IO ep.E.x ep.E.x
## RANKFILE 1:
rank 0=m33 slot=0
rank 1=m33 slot=1
rank 2=m33 slot=2
rank 3=m33 slot=3
rank 4=m33 slot=4
rank 5=m33 slot=5
rank 6=m33 slot=6
rank 7=m33 slot=7
rank 8=m33 slot=16
rank 9=m33 slot=17
rank 10=m33 slot=18
rank 11=m33 slot=19
rank 12=m33 slot=20
rank 13=m33 slot=21
rank 14=m33 slot=22
rank 15=m33 slot=23
rank 16=m33 slot=32
rank 17=m33 slot=33
rank 18=m33 slot=34
rank 19=m33 slot=35
rank 20=m33 slot=36
rank 21=m33 slot=37
rank 22=m33 slot=38
rank 23=m33 slot=39
rank 24=m33 slot=48
rank 25=m33 slot=49
rank 26=m33 slot=50
rank 27=m33 slot=51
rank 28=m33 slot=52
rank 29=m33 slot=53
rank 30=m33 slot=54
rank 31=m33 slot=55
rank 32=m33 slot=64
rank 33=m33 slot=65
rank 34=m33 slot=66
rank 35=m33 slot=67
rank 36=m33 slot=68
rank 37=m33 slot=69
rank 38=m33 slot=70
rank 39=m33 slot=71
rank 40=m33 slot=80
rank 41=m33 slot=81
rank 42=m33 slot=82
rank 43=m33 slot=83
rank 44=m33 slot=84
rank 45=m33 slot=85
rank 46=m33 slot=86
rank 47=m33 slot=87
rank 48=m33 slot=96
rank 49=m33 slot=97
rank 50=m33 slot=98
rank 51=m33 slot=99
rank 52=m33 slot=100
rank 53=m33 slot=101
rank 54=m33 slot=102
rank 55=m33 slot=103
rank 56=m33 slot=112
rank 57=m33 slot=113
rank 58=m33 slot=114
rank 59=m33 slot=115
rank 60=m33 slot=116
rank 61=m33 slot=117
rank 62=m33 slot=118
rank 63=m33 slot=119
## RANKFILE 2:
rank 0=m33 slot=8
rank 1=m33 slot=9
rank 2=m33 slot=10
rank 3=m33 slot=11
rank 4=m33 slot=12
rank 5=m33 slot=13
rank 6=m33 slot=14
rank 7=m33 slot=15
rank 8=m33 slot=24
rank 9=m33 slot=25
rank 10=m33 slot=26
rank 11=m33 slot=27
rank 12=m33 slot=28
rank 13=m33 slot=29
rank 14=m33 slot=30
rank 15=m33 slot=31
rank 16=m33 slot=40
rank 17=m33 slot=41
rank 18=m33 slot=42
rank 19=m33 slot=43
rank 20=m33 slot=44
rank 21=m33 slot=45
rank 22=m33 slot=46
rank 23=m33 slot=47
rank 24=m33 slot=56
rank 25=m33 slot=57
rank 26=m33 slot=58
rank 27=m33 slot=59
rank 28=m33 slot=60
rank 29=m33 slot=61
rank 30=m33 slot=62
rank 31=m33 slot=63
rank 32=m33 slot=72
rank 33=m33 slot=73
rank 34=m33 slot=74
rank 35=m33 slot=75
rank 36=m33 slot=76
rank 37=m33 slot=77
rank 38=m33 slot=78
rank 39=m33 slot=79
rank 40=m33 slot=88
rank 41=m33 slot=89
rank 42=m33 slot=90
rank 43=m33 slot=91
rank 44=m33 slot=92
rank 45=m33 slot=93
rank 46=m33 slot=94
rank 47=m33 slot=95
rank 48=m33 slot=104
rank 49=m33 slot=105
rank 50=m33 slot=106
rank 51=m33 slot=107
rank 52=m33 slot=108
rank 53=m33 slot=109
rank 54=m33 slot=110
rank 55=m33 slot=111
rank 56=m33 slot=120
rank 57=m33 slot=121
rank 58=m33 slot=122
rank 59=m33 slot=123
rank 60=m33 slot=124
rank 61=m33 slot=125
rank 62=m33 slot=126
rank 63=m33 slot=127
## REPORT 1:
Rank 0: Node m33, CPU core 0, NUMA node 0
Rank 1: Node m33, CPU core 1, NUMA node 0
Rank 2: Node m33, CPU core 2, NUMA node 0
Rank 3: Node m33, CPU core 3, NUMA node 0
Rank 4: Node m33, CPU core 4, NUMA node 0
Rank 5: Node m33, CPU core 5, NUMA node 0
Rank 6: Node m33, CPU core 6, NUMA node 0
Rank 7: Node m33, CPU core 7, NUMA node 0
Rank 8: Node m33, CPU core 16, NUMA node 1
Rank 9: Node m33, CPU core 17, NUMA node 1
Rank 10: Node m33, CPU core 18, NUMA node 1
Rank 11: Node m33, CPU core 19, NUMA node 1
Rank 12: Node m33, CPU core 20, NUMA node 1
Rank 13: Node m33, CPU core 21, NUMA node 1
Rank 14: Node m33, CPU core 22, NUMA node 1
Rank 15: Node m33, CPU core 23, NUMA node 1
Rank 16: Node m33, CPU core 32, NUMA node 2
Rank 17: Node m33, CPU core 33, NUMA node 2
Rank 19: Node m33, CPU core 35, NUMA node 2
Rank 18: Node m33, CPU core 34, NUMA node 2
Rank 20: Node m33, CPU core 36, NUMA node 2
Rank 21: Node m33, CPU core 37, NUMA node 2
Rank 22: Node m33, CPU core 38, NUMA node 2
Rank 23: Node m33, CPU core 39, NUMA node 2
Rank 24: Node m33, CPU core 48, NUMA node 3
Rank 25: Node m33, CPU core 49, NUMA node 3
Rank 26: Node m33, CPU core 50, NUMA node 3
Rank 27: Node m33, CPU core 51, NUMA node 3
Rank 28: Node m33, CPU core 52, NUMA node 3
Rank 29: Node m33, CPU core 53, NUMA node 3
Rank 30: Node m33, CPU core 54, NUMA node 3
Rank 31: Node m33, CPU core 55, NUMA node 3
Rank 32: Node m33, CPU core 64, NUMA node 4
Rank 33: Node m33, CPU core 65, NUMA node 4
Rank 34: Node m33, CPU core 66, NUMA node 4
Rank 35: Node m33, CPU core 67, NUMA node 4
Rank 36: Node m33, CPU core 68, NUMA node 4
Rank 37: Node m33, CPU core 69, NUMA node 4
Rank 38: Node m33, CPU core 70, NUMA node 4
Rank 39: Node m33, CPU core 71, NUMA node 4
Rank 40: Node m33, CPU core 80, NUMA node 5
Rank 41: Node m33, CPU core 81, NUMA node 5
Rank 42: Node m33, CPU core 82, NUMA node 5
Rank 43: Node m33, CPU core 83, NUMA node 5
Rank 44: Node m33, CPU core 84, NUMA node 5
Rank 45: Node m33, CPU core 85, NUMA node 5
Rank 46: Node m33, CPU core 86, NUMA node 5
Rank 47: Node m33, CPU core 87, NUMA node 5
Rank 48: Node m33, CPU core 96, NUMA node 6
Rank 49: Node m33, CPU core 97, NUMA node 6
Rank 50: Node m33, CPU core 98, NUMA node 6
Rank 51: Node m33, CPU core 99, NUMA node 6
Rank 52: Node m33, CPU core 100, NUMA node 6
Rank 53: Node m33, CPU core 101, NUMA node 6
Rank 54: Node m33, CPU core 102, NUMA node 6
Rank 55: Node m33, CPU core 103, NUMA node 6
Rank 56: Node m33, CPU core 112, NUMA node 7
Rank 57: Node m33, CPU core 113, NUMA node 7
Rank 58: Node m33, CPU core 114, NUMA node 7
Rank 59: Node m33, CPU core 115, NUMA node 7
Rank 60: Node m33, CPU core 116, NUMA node 7
Rank 61: Node m33, CPU core 117, NUMA node 7
Rank 62: Node m33, CPU core 118, NUMA node 7
Rank 63: Node m33, CPU core 119, NUMA node 7

===== SUMMARY =====

----- NODE: m33 -----
CPU cores used: 0 1 2 3 4 5 6 7 16 17 18 19 20 21 22 23 32 33 34 35 36 37 38 39 48 49 50 51 52 53 54 55 64 65 66 67 68 69 70 71 80 81 82 83 84 85 86 87 96 97 98 99 100 101 102 103 112 113 114 115 116 117 118 119 
NUMA nodes used: 0 1 2 3 4 5 6 7 
## REPORT 2:
Rank 0: Node m33, CPU core 8, NUMA node 0
Rank 1: Node m33, CPU core 9, NUMA node 0
Rank 2: Node m33, CPU core 10, NUMA node 0
Rank 3: Node m33, CPU core 11, NUMA node 0
Rank 4: Node m33, CPU core 12, NUMA node 0
Rank 5: Node m33, CPU core 13, NUMA node 0
Rank 6: Node m33, CPU core 14, NUMA node 0
Rank 7: Node m33, CPU core 15, NUMA node 0
Rank 8: Node m33, CPU core 24, NUMA node 1
Rank 9: Node m33, CPU core 25, NUMA node 1
Rank 10: Node m33, CPU core 26, NUMA node 1
Rank 11: Node m33, CPU core 27, NUMA node 1
Rank 12: Node m33, CPU core 28, NUMA node 1
Rank 13: Node m33, CPU core 29, NUMA node 1
Rank 14: Node m33, CPU core 30, NUMA node 1
Rank 15: Node m33, CPU core 31, NUMA node 1
Rank 16: Node m33, CPU core 40, NUMA node 2
Rank 17: Node m33, CPU core 41, NUMA node 2
Rank 18: Node m33, CPU core 42, NUMA node 2
Rank 19: Node m33, CPU core 43, NUMA node 2
Rank 20: Node m33, CPU core 44, NUMA node 2
Rank 21: Node m33, CPU core 45, NUMA node 2
Rank 22: Node m33, CPU core 46, NUMA node 2
Rank 23: Node m33, CPU core 47, NUMA node 2
Rank 24: Node m33, CPU core 56, NUMA node 3
Rank 25: Node m33, CPU core 57, NUMA node 3
Rank 26: Node m33, CPU core 58, NUMA node 3
Rank 27: Node m33, CPU core 59, NUMA node 3
Rank 28: Node m33, CPU core 60, NUMA node 3
Rank 29: Node m33, CPU core 61, NUMA node 3
Rank 30: Node m33, CPU core 62, NUMA node 3
Rank 31: Node m33, CPU core 63, NUMA node 3
Rank 32: Node m33, CPU core 72, NUMA node 4
Rank 33: Node m33, CPU core 73, NUMA node 4
Rank 34: Node m33, CPU core 74, NUMA node 4
Rank 35: Node m33, CPU core 75, NUMA node 4
Rank 36: Node m33, CPU core 76, NUMA node 4
Rank 37: Node m33, CPU core 77, NUMA node 4
Rank 38: Node m33, CPU core 78, NUMA node 4
Rank 39: Node m33, CPU core 79, NUMA node 4
Rank 40: Node m33, CPU core 88, NUMA node 5
Rank 41: Node m33, CPU core 89, NUMA node 5
Rank 42: Node m33, CPU core 90, NUMA node 5
Rank 43: Node m33, CPU core 91, NUMA node 5
Rank 44: Node m33, CPU core 92, NUMA node 5
Rank 45: Node m33, CPU core 93, NUMA node 5
Rank 46: Node m33, CPU core 94, NUMA node 5
Rank 47: Node m33, CPU core 95, NUMA node 5
Rank 48: Node m33, CPU core 104, NUMA node 6
Rank 49: Node m33, CPU core 105, NUMA node 6
Rank 50: Node m33, CPU core 106, NUMA node 6
Rank 51: Node m33, CPU core 107, NUMA node 6
Rank 52: Node m33, CPU core 108, NUMA node 6
Rank 53: Node m33, CPU core 109, NUMA node 6
Rank 54: Node m33, CPU core 110, NUMA node 6
Rank 55: Node m33, CPU core 111, NUMA node 6
Rank 56: Node m33, CPU core 120, NUMA node 7
Rank 57: Node m33, CPU core 121, NUMA node 7
Rank 58: Node m33, CPU core 122, NUMA node 7
Rank 59: Node m33, CPU core 123, NUMA node 7
Rank 60: Node m33, CPU core 124, NUMA node 7
Rank 61: Node m33, CPU core 125, NUMA node 7
Rank 62: Node m33, CPU core 126, NUMA node 7
Rank 63: Node m33, CPU core 127, NUMA node 7

===== SUMMARY =====

----- NODE: m33 -----
CPU cores used: 8 9 10 11 12 13 14 15 24 25 26 27 28 29 30 31 40 41 42 43 44 45 46 47 56 57 58 59 60 61 62 63 72 73 74 75 76 77 78 79 88 89 90 91 92 93 94 95 104 105 106 107 108 109 110 111 120 121 122 123 124 125 126 127 
NUMA nodes used: 0 1 2 3 4 5 6 7 
## EXECUTE:
### mpirun 1 2026-07-04 15:42:16
### mpirun 1 2026-07-04 15:42:16
### mpirun 2 2026-07-04 15:48:51
### mpirun 2 2026-07-04 15:49:04
### mpirun 3 2026-07-04 15:55:37
### mpirun 3 2026-07-04 15:56:58
### mpirun 4 2026-07-04 16:03:21
## BENCH 1:
### mpirun 1 2026-07-04 15:42:16

 NAS Parallel Benchmarks 3.4 -- EP Benchmark

 Number of random numbers generated:   2199023255552  (class E)
 Total number of processes:                       64

EP Benchmark Results:

CPU Time =   392.135
N = 2^   40
No. Gaussian Pairs =  863554308186.
Sums =     6.890169663166355D+11    6.890164670690535D+11
Counts:
  0  402472491787.
  1  384285547773.
  2   72139715664.
  3    4547154685.
  4     108408570.
  5        986325.
  6          3374.
  7             8.
  8             0.
  9             0.


 EP Benchmark Completed.
 Class           =                        E
 Size            =            2199023255552
 Iterations      =                        0
 Time in seconds =                   392.14
 Total processes =                       64
 Active processes=                       64
 Mop/s total     =                  5607.82
 Mop/s/process   =                    87.62
 Operation type  = Random numbers generated
 Verification    =               SUCCESSFUL
 Version         =                    3.4.4
 Compile date    =              06 Apr 2026

 Compile options:
    MPIFC        = mpif90
    FLINK        = $(MPIFC)
    FMPI_LIB     = (none)
    FMPI_INC     = (none)
    FFLAGS       = -O3
    FLINKFLAGS   = $(FFLAGS)
    RAND         = randi8


 Please send feedbacks and/or the results of this run to:

 NPB Development Team 
 Internet: npb@nas.nasa.gov


### mpirun 2 2026-07-04 15:48:51

 NAS Parallel Benchmarks 3.4 -- EP Benchmark

 Number of random numbers generated:   2199023255552  (class E)
 Total number of processes:                       64

EP Benchmark Results:

CPU Time =   484.428
N = 2^   40
No. Gaussian Pairs =  863554308186.
Sums =     6.890169663166355D+11    6.890164670690535D+11
Counts:
  0  402472491787.
  1  384285547773.
  2   72139715664.
  3    4547154685.
  4     108408570.
  5        986325.
  6          3374.
  7             8.
  8             0.
  9             0.


 EP Benchmark Completed.
 Class           =                        E
 Size            =            2199023255552
 Iterations      =                        0
 Time in seconds =                   484.43
 Total processes =                       64
 Active processes=                       64
 Mop/s total     =                  4539.43
 Mop/s/process   =                    70.93
 Operation type  = Random numbers generated
 Verification    =               SUCCESSFUL
 Version         =                    3.4.4
 Compile date    =              06 Apr 2026

 Compile options:
    MPIFC        = mpif90
    FLINK        = $(MPIFC)
    FMPI_LIB     = (none)
    FMPI_INC     = (none)
    FFLAGS       = -O3
    FLINKFLAGS   = $(FFLAGS)
    RAND         = randi8


 Please send feedbacks and/or the results of this run to:

 NPB Development Team 
 Internet: npb@nas.nasa.gov


### mpirun 3 2026-07-04 15:56:58

 NAS Parallel Benchmarks 3.4 -- EP Benchmark

 Number of random numbers generated:   2199023255552  (class E)
 Total number of processes:                       64

EP Benchmark Results:

CPU Time =   395.614
N = 2^   40
No. Gaussian Pairs =  863554308186.
Sums =     6.890169663166355D+11    6.890164670690535D+11
Counts:
  0  402472491787.
  1  384285547773.
  2   72139715664.
  3    4547154685.
  4     108408570.
  5        986325.
  6          3374.
  7             8.
  8             0.
  9             0.


 EP Benchmark Completed.
 Class           =                        E
 Size            =            2199023255552
 Iterations      =                        0
 Time in seconds =                   395.61
 Total processes =                       64
 Active processes=                       64
 Mop/s total     =                  5558.50
 Mop/s/process   =                    86.85
 Operation type  = Random numbers generated
 Verification    =               SUCCESSFUL
 Version         =                    3.4.4
 Compile date    =              06 Apr 2026

 Compile options:
    MPIFC        = mpif90
    FLINK        = $(MPIFC)
    FMPI_LIB     = (none)
    FMPI_INC     = (none)
    FFLAGS       = -O3
    FLINKFLAGS   = $(FFLAGS)
    RAND         = randi8


 Please send feedbacks and/or the results of this run to:

 NPB Development Team 
 Internet: npb@nas.nasa.gov


## BENCH 2:
### mpirun 1 2026-07-04 15:42:16

 NAS Parallel Benchmarks 3.4 -- EP Benchmark

 Number of random numbers generated:   2199023255552  (class E)
 Total number of processes:                       64

EP Benchmark Results:

CPU Time =   404.641
N = 2^   40
No. Gaussian Pairs =  863554308186.
Sums =     6.890169663166355D+11    6.890164670690535D+11
Counts:
  0  402472491787.
  1  384285547773.
  2   72139715664.
  3    4547154685.
  4     108408570.
  5        986325.
  6          3374.
  7             8.
  8             0.
  9             0.


 EP Benchmark Completed.
 Class           =                        E
 Size            =            2199023255552
 Iterations      =                        0
 Time in seconds =                   404.64
 Total processes =                       64
 Active processes=                       64
 Mop/s total     =                  5434.51
 Mop/s/process   =                    84.91
 Operation type  = Random numbers generated
 Verification    =               SUCCESSFUL
 Version         =                    3.4.4
 Compile date    =              06 Apr 2026

 Compile options:
    MPIFC        = mpif90
    FLINK        = $(MPIFC)
    FMPI_LIB     = (none)
    FMPI_INC     = (none)
    FFLAGS       = -O3
    FLINKFLAGS   = $(FFLAGS)
    RAND         = randi8


 Please send feedbacks and/or the results of this run to:

 NPB Development Team 
 Internet: npb@nas.nasa.gov


### mpirun 2 2026-07-04 15:49:04

 NAS Parallel Benchmarks 3.4 -- EP Benchmark

 Number of random numbers generated:   2199023255552  (class E)
 Total number of processes:                       64

EP Benchmark Results:

CPU Time =   391.704
N = 2^   40
No. Gaussian Pairs =  863554308186.
Sums =     6.890169663166355D+11    6.890164670690535D+11
Counts:
  0  402472491787.
  1  384285547773.
  2   72139715664.
  3    4547154685.
  4     108408570.
  5        986325.
  6          3374.
  7             8.
  8             0.
  9             0.


 EP Benchmark Completed.
 Class           =                        E
 Size            =            2199023255552
 Iterations      =                        0
 Time in seconds =                   391.70
 Total processes =                       64
 Active processes=                       64
 Mop/s total     =                  5613.99
 Mop/s/process   =                    87.72
 Operation type  = Random numbers generated
 Verification    =               SUCCESSFUL
 Version         =                    3.4.4
 Compile date    =              06 Apr 2026

 Compile options:
    MPIFC        = mpif90
    FLINK        = $(MPIFC)
    FMPI_LIB     = (none)
    FMPI_INC     = (none)
    FFLAGS       = -O3
    FLINKFLAGS   = $(FFLAGS)
    RAND         = randi8


 Please send feedbacks and/or the results of this run to:

 NPB Development Team 
 Internet: npb@nas.nasa.gov


### mpirun 3 2026-07-04 15:55:37

 NAS Parallel Benchmarks 3.4 -- EP Benchmark

 Number of random numbers generated:   2199023255552  (class E)
 Total number of processes:                       64

EP Benchmark Results:

CPU Time =   460.984
N = 2^   40
No. Gaussian Pairs =  863554308186.
Sums =     6.890169663166355D+11    6.890164670690535D+11
Counts:
  0  402472491787.
  1  384285547773.
  2   72139715664.
  3    4547154685.
  4     108408570.
  5        986325.
  6          3374.
  7             8.
  8             0.
  9             0.


 EP Benchmark Completed.
 Class           =                        E
 Size            =            2199023255552
 Iterations      =                        0
 Time in seconds =                   460.98
 Total processes =                       64
 Active processes=                       64
 Mop/s total     =                  4770.29
 Mop/s/process   =                    74.54
 Operation type  = Random numbers generated
 Verification    =               SUCCESSFUL
 Version         =                    3.4.4
 Compile date    =              06 Apr 2026

 Compile options:
    MPIFC        = mpif90
    FLINK        = $(MPIFC)
    FMPI_LIB     = (none)
    FMPI_INC     = (none)
    FFLAGS       = -O3
    FLINKFLAGS   = $(FFLAGS)
    RAND         = randi8


 Please send feedbacks and/or the results of this run to:

 NPB Development Team 
 Internet: npb@nas.nasa.gov


### mpirun 4 2026-07-04 16:03:21

 NAS Parallel Benchmarks 3.4 -- EP Benchmark

 Number of random numbers generated:   2199023255552  (class E)
 Total number of processes:                       64

EP Benchmark Results:

CPU Time =   644.684
N = 2^   40
No. Gaussian Pairs =  863554308186.
Sums =     6.890169663166355D+11    6.890164670690535D+11
Counts:
  0  402472491787.
  1  384285547773.
  2   72139715664.
  3    4547154685.
  4     108408570.
  5        986325.
  6          3374.
  7             8.
  8             0.
  9             0.


 EP Benchmark Completed.
 Class           =                        E
 Size            =            2199023255552
 Iterations      =                        0
 Time in seconds =                   644.68
 Total processes =                       64
 Active processes=                       64
 Mop/s total     =                  3411.01
 Mop/s/process   =                    53.30
 Operation type  = Random numbers generated
 Verification    =               SUCCESSFUL
 Version         =                    3.4.4
 Compile date    =              06 Apr 2026

 Compile options:
    MPIFC        = mpif90
    FLINK        = $(MPIFC)
    FMPI_LIB     = (none)
    FMPI_INC     = (none)
    FFLAGS       = -O3
    FLINKFLAGS   = $(FFLAGS)
    RAND         = randi8


 Please send feedbacks and/or the results of this run to:

 NPB Development Team 
 Internet: npb@nas.nasa.gov


# RUN: half_ccd_IO ep.E.x ep.E.x
## RANKFILE 1:
rank 0=m33 slot=0
rank 1=m33 slot=1
rank 2=m33 slot=2
rank 3=m33 slot=3
rank 4=m33 slot=8
rank 5=m33 slot=9
rank 6=m33 slot=10
rank 7=m33 slot=11
rank 8=m33 slot=16
rank 9=m33 slot=17
rank 10=m33 slot=18
rank 11=m33 slot=19
rank 12=m33 slot=24
rank 13=m33 slot=25
rank 14=m33 slot=26
rank 15=m33 slot=27
rank 16=m33 slot=32
rank 17=m33 slot=33
rank 18=m33 slot=34
rank 19=m33 slot=35
rank 20=m33 slot=40
rank 21=m33 slot=41
rank 22=m33 slot=42
rank 23=m33 slot=43
rank 24=m33 slot=48
rank 25=m33 slot=49
rank 26=m33 slot=50
rank 27=m33 slot=51
rank 28=m33 slot=56
rank 29=m33 slot=57
rank 30=m33 slot=58
rank 31=m33 slot=59
rank 32=m33 slot=64
rank 33=m33 slot=65
rank 34=m33 slot=66
rank 35=m33 slot=67
rank 36=m33 slot=72
rank 37=m33 slot=73
rank 38=m33 slot=74
rank 39=m33 slot=75
rank 40=m33 slot=80
rank 41=m33 slot=81
rank 42=m33 slot=82
rank 43=m33 slot=83
rank 44=m33 slot=88
rank 45=m33 slot=89
rank 46=m33 slot=90
rank 47=m33 slot=91
rank 48=m33 slot=96
rank 49=m33 slot=97
rank 50=m33 slot=98
rank 51=m33 slot=99
rank 52=m33 slot=104
rank 53=m33 slot=105
rank 54=m33 slot=106
rank 55=m33 slot=107
rank 56=m33 slot=112
rank 57=m33 slot=113
rank 58=m33 slot=114
rank 59=m33 slot=115
rank 60=m33 slot=120
rank 61=m33 slot=121
rank 62=m33 slot=122
rank 63=m33 slot=123
## RANKFILE 2:
rank 0=m33 slot=4
rank 1=m33 slot=5
rank 2=m33 slot=6
rank 3=m33 slot=7
rank 4=m33 slot=12
rank 5=m33 slot=13
rank 6=m33 slot=14
rank 7=m33 slot=15
rank 8=m33 slot=20
rank 9=m33 slot=21
rank 10=m33 slot=22
rank 11=m33 slot=23
rank 12=m33 slot=28
rank 13=m33 slot=29
rank 14=m33 slot=30
rank 15=m33 slot=31
rank 16=m33 slot=36
rank 17=m33 slot=37
rank 18=m33 slot=38
rank 19=m33 slot=39
rank 20=m33 slot=44
rank 21=m33 slot=45
rank 22=m33 slot=46
rank 23=m33 slot=47
rank 24=m33 slot=52
rank 25=m33 slot=53
rank 26=m33 slot=54
rank 27=m33 slot=55
rank 28=m33 slot=60
rank 29=m33 slot=61
rank 30=m33 slot=62
rank 31=m33 slot=63
rank 32=m33 slot=68
rank 33=m33 slot=69
rank 34=m33 slot=70
rank 35=m33 slot=71
rank 36=m33 slot=76
rank 37=m33 slot=77
rank 38=m33 slot=78
rank 39=m33 slot=79
rank 40=m33 slot=84
rank 41=m33 slot=85
rank 42=m33 slot=86
rank 43=m33 slot=87
rank 44=m33 slot=92
rank 45=m33 slot=93
rank 46=m33 slot=94
rank 47=m33 slot=95
rank 48=m33 slot=100
rank 49=m33 slot=101
rank 50=m33 slot=102
rank 51=m33 slot=103
rank 52=m33 slot=108
rank 53=m33 slot=109
rank 54=m33 slot=110
rank 55=m33 slot=111
rank 56=m33 slot=116
rank 57=m33 slot=117
rank 58=m33 slot=118
rank 59=m33 slot=119
rank 60=m33 slot=124
rank 61=m33 slot=125
rank 62=m33 slot=126
rank 63=m33 slot=127
## REPORT 1:
Rank 0: Node m33, CPU core 0, NUMA node 0
Rank 1: Node m33, CPU core 1, NUMA node 0
Rank 2: Node m33, CPU core 2, NUMA node 0
Rank 3: Node m33, CPU core 3, NUMA node 0
Rank 4: Node m33, CPU core 8, NUMA node 0
Rank 5: Node m33, CPU core 9, NUMA node 0
Rank 6: Node m33, CPU core 10, NUMA node 0
Rank 7: Node m33, CPU core 11, NUMA node 0
Rank 8: Node m33, CPU core 16, NUMA node 1
Rank 9: Node m33, CPU core 17, NUMA node 1
Rank 10: Node m33, CPU core 18, NUMA node 1
Rank 11: Node m33, CPU core 19, NUMA node 1
Rank 12: Node m33, CPU core 24, NUMA node 1
Rank 13: Node m33, CPU core 25, NUMA node 1
Rank 14: Node m33, CPU core 26, NUMA node 1
Rank 15: Node m33, CPU core 27, NUMA node 1
Rank 16: Node m33, CPU core 32, NUMA node 2
Rank 17: Node m33, CPU core 33, NUMA node 2
Rank 18: Node m33, CPU core 34, NUMA node 2
Rank 19: Node m33, CPU core 35, NUMA node 2
Rank 20: Node m33, CPU core 40, NUMA node 2
Rank 21: Node m33, CPU core 41, NUMA node 2
Rank 22: Node m33, CPU core 42, NUMA node 2
Rank 23: Node m33, CPU core 43, NUMA node 2
Rank 24: Node m33, CPU core 48, NUMA node 3
Rank 25: Node m33, CPU core 49, NUMA node 3
Rank 26: Node m33, CPU core 50, NUMA node 3
Rank 27: Node m33, CPU core 51, NUMA node 3
Rank 28: Node m33, CPU core 56, NUMA node 3
Rank 29: Node m33, CPU core 57, NUMA node 3
Rank 30: Node m33, CPU core 58, NUMA node 3
Rank 31: Node m33, CPU core 59, NUMA node 3
Rank 32: Node m33, CPU core 64, NUMA node 4
Rank 33: Node m33, CPU core 65, NUMA node 4
Rank 34: Node m33, CPU core 66, NUMA node 4
Rank 35: Node m33, CPU core 67, NUMA node 4
Rank 36: Node m33, CPU core 72, NUMA node 4
Rank 37: Node m33, CPU core 73, NUMA node 4
Rank 38: Node m33, CPU core 74, NUMA node 4
Rank 39: Node m33, CPU core 75, NUMA node 4
Rank 40: Node m33, CPU core 80, NUMA node 5
Rank 41: Node m33, CPU core 81, NUMA node 5
Rank 42: Node m33, CPU core 82, NUMA node 5
Rank 43: Node m33, CPU core 83, NUMA node 5
Rank 44: Node m33, CPU core 88, NUMA node 5
Rank 45: Node m33, CPU core 89, NUMA node 5
Rank 47: Node m33, CPU core 91, NUMA node 5
Rank 46: Node m33, CPU core 90, NUMA node 5
Rank 48: Node m33, CPU core 96, NUMA node 6
Rank 49: Node m33, CPU core 97, NUMA node 6
Rank 50: Node m33, CPU core 98, NUMA node 6
Rank 51: Node m33, CPU core 99, NUMA node 6
Rank 52: Node m33, CPU core 104, NUMA node 6
Rank 53: Node m33, CPU core 105, NUMA node 6
Rank 54: Node m33, CPU core 106, NUMA node 6
Rank 55: Node m33, CPU core 107, NUMA node 6
Rank 56: Node m33, CPU core 112, NUMA node 7
Rank 57: Node m33, CPU core 113, NUMA node 7
Rank 58: Node m33, CPU core 114, NUMA node 7
Rank 59: Node m33, CPU core 115, NUMA node 7
Rank 60: Node m33, CPU core 120, NUMA node 7
Rank 61: Node m33, CPU core 121, NUMA node 7
Rank 62: Node m33, CPU core 122, NUMA node 7
Rank 63: Node m33, CPU core 123, NUMA node 7

===== SUMMARY =====

----- NODE: m33 -----
CPU cores used: 0 1 2 3 8 9 10 11 16 17 18 19 24 25 26 27 32 33 34 35 40 41 42 43 48 49 50 51 56 57 58 59 64 65 66 67 72 73 74 75 80 81 82 83 88 89 90 91 96 97 98 99 104 105 106 107 112 113 114 115 120 121 122 123 
NUMA nodes used: 0 1 2 3 4 5 6 7 
## REPORT 2:
Rank 0: Node m33, CPU core 4, NUMA node 0
Rank 1: Node m33, CPU core 5, NUMA node 0
Rank 2: Node m33, CPU core 6, NUMA node 0
Rank 3: Node m33, CPU core 7, NUMA node 0
Rank 4: Node m33, CPU core 12, NUMA node 0
Rank 5: Node m33, CPU core 13, NUMA node 0
Rank 6: Node m33, CPU core 14, NUMA node 0
Rank 7: Node m33, CPU core 15, NUMA node 0
Rank 8: Node m33, CPU core 20, NUMA node 1
Rank 9: Node m33, CPU core 21, NUMA node 1
Rank 10: Node m33, CPU core 22, NUMA node 1
Rank 11: Node m33, CPU core 23, NUMA node 1
Rank 12: Node m33, CPU core 28, NUMA node 1
Rank 13: Node m33, CPU core 29, NUMA node 1
Rank 14: Node m33, CPU core 30, NUMA node 1
Rank 15: Node m33, CPU core 31, NUMA node 1
Rank 16: Node m33, CPU core 36, NUMA node 2
Rank 17: Node m33, CPU core 37, NUMA node 2
Rank 18: Node m33, CPU core 38, NUMA node 2
Rank 19: Node m33, CPU core 39, NUMA node 2
Rank 20: Node m33, CPU core 44, NUMA node 2
Rank 21: Node m33, CPU core 45, NUMA node 2
Rank 22: Node m33, CPU core 46, NUMA node 2
Rank 23: Node m33, CPU core 47, NUMA node 2
Rank 24: Node m33, CPU core 52, NUMA node 3
Rank 25: Node m33, CPU core 53, NUMA node 3
Rank 26: Node m33, CPU core 54, NUMA node 3
Rank 27: Node m33, CPU core 55, NUMA node 3
Rank 28: Node m33, CPU core 60, NUMA node 3
Rank 29: Node m33, CPU core 61, NUMA node 3
Rank 30: Node m33, CPU core 62, NUMA node 3
Rank 31: Node m33, CPU core 63, NUMA node 3
Rank 32: Node m33, CPU core 68, NUMA node 4
Rank 33: Node m33, CPU core 69, NUMA node 4
Rank 34: Node m33, CPU core 70, NUMA node 4
Rank 35: Node m33, CPU core 71, NUMA node 4
Rank 36: Node m33, CPU core 76, NUMA node 4
Rank 37: Node m33, CPU core 77, NUMA node 4
Rank 38: Node m33, CPU core 78, NUMA node 4
Rank 39: Node m33, CPU core 79, NUMA node 4
Rank 40: Node m33, CPU core 84, NUMA node 5
Rank 41: Node m33, CPU core 85, NUMA node 5
Rank 42: Node m33, CPU core 86, NUMA node 5
Rank 43: Node m33, CPU core 87, NUMA node 5
Rank 44: Node m33, CPU core 92, NUMA node 5
Rank 45: Node m33, CPU core 93, NUMA node 5
Rank 46: Node m33, CPU core 94, NUMA node 5
Rank 47: Node m33, CPU core 95, NUMA node 5
Rank 48: Node m33, CPU core 100, NUMA node 6
Rank 49: Node m33, CPU core 101, NUMA node 6
Rank 50: Node m33, CPU core 102, NUMA node 6
Rank 51: Node m33, CPU core 103, NUMA node 6
Rank 52: Node m33, CPU core 108, NUMA node 6
Rank 53: Node m33, CPU core 109, NUMA node 6
Rank 54: Node m33, CPU core 110, NUMA node 6
Rank 55: Node m33, CPU core 111, NUMA node 6
Rank 56: Node m33, CPU core 116, NUMA node 7
Rank 57: Node m33, CPU core 117, NUMA node 7
Rank 58: Node m33, CPU core 118, NUMA node 7
Rank 61: Node m33, CPU core 125, NUMA node 7
Rank 59: Node m33, CPU core 119, NUMA node 7
Rank 60: Node m33, CPU core 124, NUMA node 7
Rank 62: Node m33, CPU core 126, NUMA node 7
Rank 63: Node m33, CPU core 127, NUMA node 7

===== SUMMARY =====

----- NODE: m33 -----
CPU cores used: 4 5 6 7 12 13 14 15 20 21 22 23 28 29 30 31 36 37 38 39 44 45 46 47 52 53 54 55 60 61 62 63 68 69 70 71 76 77 78 79 84 85 86 87 92 93 94 95 100 101 102 103 108 109 110 111 116 117 118 119 124 125 126 127 
NUMA nodes used: 0 1 2 3 4 5 6 7 
## EXECUTE:
### mpirun 1 2026-07-04 16:14:11
### mpirun 1 2026-07-04 16:14:11
### mpirun 2 2026-07-04 16:20:44
### mpirun 2 2026-07-04 16:21:55
### mpirun 3 2026-07-04 16:27:14
### mpirun 3 2026-07-04 16:28:36
### mpirun 4 2026-07-04 16:33:43
## BENCH 1:
### mpirun 1 2026-07-04 16:14:11

 NAS Parallel Benchmarks 3.4 -- EP Benchmark

 Number of random numbers generated:   2199023255552  (class E)
 Total number of processes:                       64

EP Benchmark Results:

CPU Time =   460.268
N = 2^   40
No. Gaussian Pairs =  863554308186.
Sums =     6.890169663166355D+11    6.890164670690535D+11
Counts:
  0  402472491787.
  1  384285547773.
  2   72139715664.
  3    4547154685.
  4     108408570.
  5        986325.
  6          3374.
  7             8.
  8             0.
  9             0.


 EP Benchmark Completed.
 Class           =                        E
 Size            =            2199023255552
 Iterations      =                        0
 Time in seconds =                   460.27
 Total processes =                       64
 Active processes=                       64
 Mop/s total     =                  4777.70
 Mop/s/process   =                    74.65
 Operation type  = Random numbers generated
 Verification    =               SUCCESSFUL
 Version         =                    3.4.4
 Compile date    =              06 Apr 2026

 Compile options:
    MPIFC        = mpif90
    FLINK        = $(MPIFC)
    FMPI_LIB     = (none)
    FMPI_INC     = (none)
    FFLAGS       = -O3
    FLINKFLAGS   = $(FFLAGS)
    RAND         = randi8


 Please send feedbacks and/or the results of this run to:

 NPB Development Team 
 Internet: npb@nas.nasa.gov


### mpirun 2 2026-07-04 16:21:55

 NAS Parallel Benchmarks 3.4 -- EP Benchmark

 Number of random numbers generated:   2199023255552  (class E)
 Total number of processes:                       64

EP Benchmark Results:

CPU Time =   398.391
N = 2^   40
No. Gaussian Pairs =  863554308186.
Sums =     6.890169663166355D+11    6.890164670690535D+11
Counts:
  0  402472491787.
  1  384285547773.
  2   72139715664.
  3    4547154685.
  4     108408570.
  5        986325.
  6          3374.
  7             8.
  8             0.
  9             0.


 EP Benchmark Completed.
 Class           =                        E
 Size            =            2199023255552
 Iterations      =                        0
 Time in seconds =                   398.39
 Total processes =                       64
 Active processes=                       64
 Mop/s total     =                  5519.76
 Mop/s/process   =                    86.25
 Operation type  = Random numbers generated
 Verification    =               SUCCESSFUL
 Version         =                    3.4.4
 Compile date    =              06 Apr 2026

 Compile options:
    MPIFC        = mpif90
    FLINK        = $(MPIFC)
    FMPI_LIB     = (none)
    FMPI_INC     = (none)
    FFLAGS       = -O3
    FLINKFLAGS   = $(FFLAGS)
    RAND         = randi8


 Please send feedbacks and/or the results of this run to:

 NPB Development Team 
 Internet: npb@nas.nasa.gov


### mpirun 3 2026-07-04 16:28:36

 NAS Parallel Benchmarks 3.4 -- EP Benchmark

 Number of random numbers generated:   2199023255552  (class E)
 Total number of processes:                       64

EP Benchmark Results:

CPU Time =   434.231
N = 2^   40
No. Gaussian Pairs =  863554308186.
Sums =     6.890169663166355D+11    6.890164670690535D+11
Counts:
  0  402472491787.
  1  384285547773.
  2   72139715664.
  3    4547154685.
  4     108408570.
  5        986325.
  6          3374.
  7             8.
  8             0.
  9             0.


 EP Benchmark Completed.
 Class           =                        E
 Size            =            2199023255552
 Iterations      =                        0
 Time in seconds =                   434.23
 Total processes =                       64
 Active processes=                       64
 Mop/s total     =                  5064.18
 Mop/s/process   =                    79.13
 Operation type  = Random numbers generated
 Verification    =               SUCCESSFUL
 Version         =                    3.4.4
 Compile date    =              06 Apr 2026

 Compile options:
    MPIFC        = mpif90
    FLINK        = $(MPIFC)
    FMPI_LIB     = (none)
    FMPI_INC     = (none)
    FFLAGS       = -O3
    FLINKFLAGS   = $(FFLAGS)
    RAND         = randi8


 Please send feedbacks and/or the results of this run to:

 NPB Development Team 
 Internet: npb@nas.nasa.gov


## BENCH 2:
### mpirun 1 2026-07-04 16:14:11

 NAS Parallel Benchmarks 3.4 -- EP Benchmark

 Number of random numbers generated:   2199023255552  (class E)
 Total number of processes:                       64

EP Benchmark Results:

CPU Time =   388.505
N = 2^   40
No. Gaussian Pairs =  863554308186.
Sums =     6.890169663166355D+11    6.890164670690535D+11
Counts:
  0  402472491787.
  1  384285547773.
  2   72139715664.
  3    4547154685.
  4     108408570.
  5        986325.
  6          3374.
  7             8.
  8             0.
  9             0.


 EP Benchmark Completed.
 Class           =                        E
 Size            =            2199023255552
 Iterations      =                        0
 Time in seconds =                   388.50
 Total processes =                       64
 Active processes=                       64
 Mop/s total     =                  5660.22
 Mop/s/process   =                    88.44
 Operation type  = Random numbers generated
 Verification    =               SUCCESSFUL
 Version         =                    3.4.4
 Compile date    =              06 Apr 2026

 Compile options:
    MPIFC        = mpif90
    FLINK        = $(MPIFC)
    FMPI_LIB     = (none)
    FMPI_INC     = (none)
    FFLAGS       = -O3
    FLINKFLAGS   = $(FFLAGS)
    RAND         = randi8


 Please send feedbacks and/or the results of this run to:

 NPB Development Team 
 Internet: npb@nas.nasa.gov


### mpirun 2 2026-07-04 16:20:44

 NAS Parallel Benchmarks 3.4 -- EP Benchmark

 Number of random numbers generated:   2199023255552  (class E)
 Total number of processes:                       64

EP Benchmark Results:

CPU Time =   388.433
N = 2^   40
No. Gaussian Pairs =  863554308186.
Sums =     6.890169663166355D+11    6.890164670690535D+11
Counts:
  0  402472491787.
  1  384285547773.
  2   72139715664.
  3    4547154685.
  4     108408570.
  5        986325.
  6          3374.
  7             8.
  8             0.
  9             0.


 EP Benchmark Completed.
 Class           =                        E
 Size            =            2199023255552
 Iterations      =                        0
 Time in seconds =                   388.43
 Total processes =                       64
 Active processes=                       64
 Mop/s total     =                  5661.27
 Mop/s/process   =                    88.46
 Operation type  = Random numbers generated
 Verification    =               SUCCESSFUL
 Version         =                    3.4.4
 Compile date    =              06 Apr 2026

 Compile options:
    MPIFC        = mpif90
    FLINK        = $(MPIFC)
    FMPI_LIB     = (none)
    FMPI_INC     = (none)
    FFLAGS       = -O3
    FLINKFLAGS   = $(FFLAGS)
    RAND         = randi8


 Please send feedbacks and/or the results of this run to:

 NPB Development Team 
 Internet: npb@nas.nasa.gov


### mpirun 3 2026-07-04 16:27:14

 NAS Parallel Benchmarks 3.4 -- EP Benchmark

 Number of random numbers generated:   2199023255552  (class E)
 Total number of processes:                       64

EP Benchmark Results:

CPU Time =   386.545
N = 2^   40
No. Gaussian Pairs =  863554308186.
Sums =     6.890169663166355D+11    6.890164670690535D+11
Counts:
  0  402472491787.
  1  384285547773.
  2   72139715664.
  3    4547154685.
  4     108408570.
  5        986325.
  6          3374.
  7             8.
  8             0.
  9             0.


 EP Benchmark Completed.
 Class           =                        E
 Size            =            2199023255552
 Iterations      =                        0
 Time in seconds =                   386.55
 Total processes =                       64
 Active processes=                       64
 Mop/s total     =                  5688.92
 Mop/s/process   =                    88.89
 Operation type  = Random numbers generated
 Verification    =               SUCCESSFUL
 Version         =                    3.4.4
 Compile date    =              06 Apr 2026

 Compile options:
    MPIFC        = mpif90
    FLINK        = $(MPIFC)
    FMPI_LIB     = (none)
    FMPI_INC     = (none)
    FFLAGS       = -O3
    FLINKFLAGS   = $(FFLAGS)
    RAND         = randi8


 Please send feedbacks and/or the results of this run to:

 NPB Development Team 
 Internet: npb@nas.nasa.gov


### mpirun 4 2026-07-04 16:33:43

 NAS Parallel Benchmarks 3.4 -- EP Benchmark

 Number of random numbers generated:   2199023255552  (class E)
 Total number of processes:                       64

EP Benchmark Results:

CPU Time =   387.393
N = 2^   40
No. Gaussian Pairs =  863554308186.
Sums =     6.890169663166355D+11    6.890164670690535D+11
Counts:
  0  402472491787.
  1  384285547773.
  2   72139715664.
  3    4547154685.
  4     108408570.
  5        986325.
  6          3374.
  7             8.
  8             0.
  9             0.


 EP Benchmark Completed.
 Class           =                        E
 Size            =            2199023255552
 Iterations      =                        0
 Time in seconds =                   387.39
 Total processes =                       64
 Active processes=                       64
 Mop/s total     =                  5676.46
 Mop/s/process   =                    88.69
 Operation type  = Random numbers generated
 Verification    =               SUCCESSFUL
 Version         =                    3.4.4
 Compile date    =              06 Apr 2026

 Compile options:
    MPIFC        = mpif90
    FLINK        = $(MPIFC)
    FMPI_LIB     = (none)
    FMPI_INC     = (none)
    FFLAGS       = -O3
    FLINKFLAGS   = $(FFLAGS)
    RAND         = randi8


 Please send feedbacks and/or the results of this run to:

 NPB Development Team 
 Internet: npb@nas.nasa.gov


# RUN: half_node_RR ep.E.x ep.E.x
## RANKFILE 1:
rank 0=m33 slot=0
rank 1=m33 slot=2
rank 2=m33 slot=4
rank 3=m33 slot=6
rank 4=m33 slot=8
rank 5=m33 slot=10
rank 6=m33 slot=12
rank 7=m33 slot=14
rank 8=m33 slot=16
rank 9=m33 slot=18
rank 10=m33 slot=20
rank 11=m33 slot=22
rank 12=m33 slot=24
rank 13=m33 slot=26
rank 14=m33 slot=28
rank 15=m33 slot=30
rank 16=m33 slot=32
rank 17=m33 slot=34
rank 18=m33 slot=36
rank 19=m33 slot=38
rank 20=m33 slot=40
rank 21=m33 slot=42
rank 22=m33 slot=44
rank 23=m33 slot=46
rank 24=m33 slot=48
rank 25=m33 slot=50
rank 26=m33 slot=52
rank 27=m33 slot=54
rank 28=m33 slot=56
rank 29=m33 slot=58
rank 30=m33 slot=60
rank 31=m33 slot=62
rank 32=m33 slot=64
rank 33=m33 slot=66
rank 34=m33 slot=68
rank 35=m33 slot=70
rank 36=m33 slot=72
rank 37=m33 slot=74
rank 38=m33 slot=76
rank 39=m33 slot=78
rank 40=m33 slot=80
rank 41=m33 slot=82
rank 42=m33 slot=84
rank 43=m33 slot=86
rank 44=m33 slot=88
rank 45=m33 slot=90
rank 46=m33 slot=92
rank 47=m33 slot=94
rank 48=m33 slot=96
rank 49=m33 slot=98
rank 50=m33 slot=100
rank 51=m33 slot=102
rank 52=m33 slot=104
rank 53=m33 slot=106
rank 54=m33 slot=108
rank 55=m33 slot=110
rank 56=m33 slot=112
rank 57=m33 slot=114
rank 58=m33 slot=116
rank 59=m33 slot=118
rank 60=m33 slot=120
rank 61=m33 slot=122
rank 62=m33 slot=124
rank 63=m33 slot=126
## RANKFILE 2:
rank 0=m33 slot=1
rank 1=m33 slot=3
rank 2=m33 slot=5
rank 3=m33 slot=7
rank 4=m33 slot=9
rank 5=m33 slot=11
rank 6=m33 slot=13
rank 7=m33 slot=15
rank 8=m33 slot=17
rank 9=m33 slot=19
rank 10=m33 slot=21
rank 11=m33 slot=23
rank 12=m33 slot=25
rank 13=m33 slot=27
rank 14=m33 slot=29
rank 15=m33 slot=31
rank 16=m33 slot=33
rank 17=m33 slot=35
rank 18=m33 slot=37
rank 19=m33 slot=39
rank 20=m33 slot=41
rank 21=m33 slot=43
rank 22=m33 slot=45
rank 23=m33 slot=47
rank 24=m33 slot=49
rank 25=m33 slot=51
rank 26=m33 slot=53
rank 27=m33 slot=55
rank 28=m33 slot=57
rank 29=m33 slot=59
rank 30=m33 slot=61
rank 31=m33 slot=63
rank 32=m33 slot=65
rank 33=m33 slot=67
rank 34=m33 slot=69
rank 35=m33 slot=71
rank 36=m33 slot=73
rank 37=m33 slot=75
rank 38=m33 slot=77
rank 39=m33 slot=79
rank 40=m33 slot=81
rank 41=m33 slot=83
rank 42=m33 slot=85
rank 43=m33 slot=87
rank 44=m33 slot=89
rank 45=m33 slot=91
rank 46=m33 slot=93
rank 47=m33 slot=95
rank 48=m33 slot=97
rank 49=m33 slot=99
rank 50=m33 slot=101
rank 51=m33 slot=103
rank 52=m33 slot=105
rank 53=m33 slot=107
rank 54=m33 slot=109
rank 55=m33 slot=111
rank 56=m33 slot=113
rank 57=m33 slot=115
rank 58=m33 slot=117
rank 59=m33 slot=119
rank 60=m33 slot=121
rank 61=m33 slot=123
rank 62=m33 slot=125
rank 63=m33 slot=127
## REPORT 1:
Rank 0: Node m33, CPU core 0, NUMA node 0
Rank 1: Node m33, CPU core 2, NUMA node 0
Rank 2: Node m33, CPU core 4, NUMA node 0
Rank 3: Node m33, CPU core 6, NUMA node 0
Rank 4: Node m33, CPU core 8, NUMA node 0
Rank 5: Node m33, CPU core 10, NUMA node 0
Rank 6: Node m33, CPU core 12, NUMA node 0
Rank 7: Node m33, CPU core 14, NUMA node 0
Rank 8: Node m33, CPU core 16, NUMA node 1
Rank 9: Node m33, CPU core 18, NUMA node 1
Rank 10: Node m33, CPU core 20, NUMA node 1
Rank 11: Node m33, CPU core 22, NUMA node 1
Rank 12: Node m33, CPU core 24, NUMA node 1
Rank 13: Node m33, CPU core 26, NUMA node 1
Rank 14: Node m33, CPU core 28, NUMA node 1
Rank 15: Node m33, CPU core 30, NUMA node 1
Rank 16: Node m33, CPU core 32, NUMA node 2
Rank 17: Node m33, CPU core 34, NUMA node 2
Rank 18: Node m33, CPU core 36, NUMA node 2
Rank 19: Node m33, CPU core 38, NUMA node 2
Rank 20: Node m33, CPU core 40, NUMA node 2
Rank 21: Node m33, CPU core 42, NUMA node 2
Rank 22: Node m33, CPU core 44, NUMA node 2
Rank 23: Node m33, CPU core 46, NUMA node 2
Rank 24: Node m33, CPU core 48, NUMA node 3
Rank 25: Node m33, CPU core 50, NUMA node 3
Rank 26: Node m33, CPU core 52, NUMA node 3
Rank 27: Node m33, CPU core 54, NUMA node 3
Rank 28: Node m33, CPU core 56, NUMA node 3
Rank 29: Node m33, CPU core 58, NUMA node 3
Rank 30: Node m33, CPU core 60, NUMA node 3
Rank 31: Node m33, CPU core 62, NUMA node 3
Rank 32: Node m33, CPU core 64, NUMA node 4
Rank 33: Node m33, CPU core 66, NUMA node 4
Rank 34: Node m33, CPU core 68, NUMA node 4
Rank 35: Node m33, CPU core 70, NUMA node 4
Rank 36: Node m33, CPU core 72, NUMA node 4
Rank 37: Node m33, CPU core 74, NUMA node 4
Rank 38: Node m33, CPU core 76, NUMA node 4
Rank 39: Node m33, CPU core 78, NUMA node 4
Rank 40: Node m33, CPU core 80, NUMA node 5
Rank 41: Node m33, CPU core 82, NUMA node 5
Rank 42: Node m33, CPU core 84, NUMA node 5
Rank 43: Node m33, CPU core 86, NUMA node 5
Rank 44: Node m33, CPU core 88, NUMA node 5
Rank 45: Node m33, CPU core 90, NUMA node 5
Rank 46: Node m33, CPU core 92, NUMA node 5
Rank 47: Node m33, CPU core 94, NUMA node 5
Rank 48: Node m33, CPU core 96, NUMA node 6
Rank 49: Node m33, CPU core 98, NUMA node 6
Rank 50: Node m33, CPU core 100, NUMA node 6
Rank 51: Node m33, CPU core 102, NUMA node 6
Rank 52: Node m33, CPU core 104, NUMA node 6
Rank 53: Node m33, CPU core 106, NUMA node 6
Rank 54: Node m33, CPU core 108, NUMA node 6
Rank 55: Node m33, CPU core 110, NUMA node 6
Rank 56: Node m33, CPU core 112, NUMA node 7
Rank 57: Node m33, CPU core 114, NUMA node 7
Rank 58: Node m33, CPU core 116, NUMA node 7
Rank 59: Node m33, CPU core 118, NUMA node 7
Rank 60: Node m33, CPU core 120, NUMA node 7
Rank 61: Node m33, CPU core 122, NUMA node 7
Rank 62: Node m33, CPU core 124, NUMA node 7
Rank 63: Node m33, CPU core 126, NUMA node 7

===== SUMMARY =====

----- NODE: m33 -----
CPU cores used: 0 2 4 6 8 10 12 14 16 18 20 22 24 26 28 30 32 34 36 38 40 42 44 46 48 50 52 54 56 58 60 62 64 66 68 70 72 74 76 78 80 82 84 86 88 90 92 94 96 98 100 102 104 106 108 110 112 114 116 118 120 122 124 126 
NUMA nodes used: 0 1 2 3 4 5 6 7 
## REPORT 2:
Rank 0: Node m33, CPU core 1, NUMA node 0
Rank 1: Node m33, CPU core 3, NUMA node 0
Rank 2: Node m33, CPU core 5, NUMA node 0
Rank 3: Node m33, CPU core 7, NUMA node 0
Rank 4: Node m33, CPU core 9, NUMA node 0
Rank 5: Node m33, CPU core 11, NUMA node 0
Rank 6: Node m33, CPU core 13, NUMA node 0
Rank 7: Node m33, CPU core 15, NUMA node 0
Rank 8: Node m33, CPU core 17, NUMA node 1
Rank 9: Node m33, CPU core 19, NUMA node 1
Rank 10: Node m33, CPU core 21, NUMA node 1
Rank 11: Node m33, CPU core 23, NUMA node 1
Rank 12: Node m33, CPU core 25, NUMA node 1
Rank 13: Node m33, CPU core 27, NUMA node 1
Rank 14: Node m33, CPU core 29, NUMA node 1
Rank 15: Node m33, CPU core 31, NUMA node 1
Rank 16: Node m33, CPU core 33, NUMA node 2
Rank 17: Node m33, CPU core 35, NUMA node 2
Rank 18: Node m33, CPU core 37, NUMA node 2
Rank 19: Node m33, CPU core 39, NUMA node 2
Rank 20: Node m33, CPU core 41, NUMA node 2
Rank 21: Node m33, CPU core 43, NUMA node 2
Rank 22: Node m33, CPU core 45, NUMA node 2
Rank 23: Node m33, CPU core 47, NUMA node 2
Rank 24: Node m33, CPU core 49, NUMA node 3
Rank 25: Node m33, CPU core 51, NUMA node 3
Rank 26: Node m33, CPU core 53, NUMA node 3
Rank 27: Node m33, CPU core 55, NUMA node 3
Rank 28: Node m33, CPU core 57, NUMA node 3
Rank 29: Node m33, CPU core 59, NUMA node 3
Rank 30: Node m33, CPU core 61, NUMA node 3
Rank 31: Node m33, CPU core 63, NUMA node 3
Rank 32: Node m33, CPU core 65, NUMA node 4
Rank 33: Node m33, CPU core 67, NUMA node 4
Rank 34: Node m33, CPU core 69, NUMA node 4
Rank 35: Node m33, CPU core 71, NUMA node 4
Rank 36: Node m33, CPU core 73, NUMA node 4
Rank 37: Node m33, CPU core 75, NUMA node 4
Rank 38: Node m33, CPU core 77, NUMA node 4
Rank 39: Node m33, CPU core 79, NUMA node 4
Rank 40: Node m33, CPU core 81, NUMA node 5
Rank 41: Node m33, CPU core 83, NUMA node 5
Rank 42: Node m33, CPU core 85, NUMA node 5
Rank 43: Node m33, CPU core 87, NUMA node 5
Rank 44: Node m33, CPU core 89, NUMA node 5
Rank 45: Node m33, CPU core 91, NUMA node 5
Rank 46: Node m33, CPU core 93, NUMA node 5
Rank 47: Node m33, CPU core 95, NUMA node 5
Rank 48: Node m33, CPU core 97, NUMA node 6
Rank 49: Node m33, CPU core 99, NUMA node 6
Rank 50: Node m33, CPU core 101, NUMA node 6
Rank 51: Node m33, CPU core 103, NUMA node 6
Rank 52: Node m33, CPU core 105, NUMA node 6
Rank 53: Node m33, CPU core 107, NUMA node 6
Rank 54: Node m33, CPU core 109, NUMA node 6
Rank 55: Node m33, CPU core 111, NUMA node 6
Rank 56: Node m33, CPU core 113, NUMA node 7
Rank 57: Node m33, CPU core 115, NUMA node 7
Rank 58: Node m33, CPU core 117, NUMA node 7
Rank 59: Node m33, CPU core 119, NUMA node 7
Rank 60: Node m33, CPU core 121, NUMA node 7
Rank 61: Node m33, CPU core 123, NUMA node 7
Rank 62: Node m33, CPU core 125, NUMA node 7
Rank 63: Node m33, CPU core 127, NUMA node 7

===== SUMMARY =====

----- NODE: m33 -----
CPU cores used: 1 3 5 7 9 11 13 15 17 19 21 23 25 27 29 31 33 35 37 39 41 43 45 47 49 51 53 55 57 59 61 63 65 67 69 71 73 75 77 79 81 83 85 87 89 91 93 95 97 99 101 103 105 107 109 111 113 115 117 119 121 123 125 127 
NUMA nodes used: 0 1 2 3 4 5 6 7 
## EXECUTE:
### mpirun 1 2026-07-04 16:40:16
### mpirun 1 2026-07-04 16:40:16
### mpirun 2 2026-07-04 16:47:00
### mpirun 2 2026-07-04 16:47:20
### mpirun 3 2026-07-04 16:53:49
### mpirun 3 2026-07-04 16:57:06
### mpirun 4 2026-07-04 17:00:31
## BENCH 1:
### mpirun 1 2026-07-04 16:40:16

 NAS Parallel Benchmarks 3.4 -- EP Benchmark

 Number of random numbers generated:   2199023255552  (class E)
 Total number of processes:                       64

EP Benchmark Results:

CPU Time =   419.891
N = 2^   40
No. Gaussian Pairs =  863554308186.
Sums =     6.890169663166355D+11    6.890164670690535D+11
Counts:
  0  402472491787.
  1  384285547773.
  2   72139715664.
  3    4547154685.
  4     108408570.
  5        986325.
  6          3374.
  7             8.
  8             0.
  9             0.


 EP Benchmark Completed.
 Class           =                        E
 Size            =            2199023255552
 Iterations      =                        0
 Time in seconds =                   419.89
 Total processes =                       64
 Active processes=                       64
 Mop/s total     =                  5237.13
 Mop/s/process   =                    81.83
 Operation type  = Random numbers generated
 Verification    =               SUCCESSFUL
 Version         =                    3.4.4
 Compile date    =              06 Apr 2026

 Compile options:
    MPIFC        = mpif90
    FLINK        = $(MPIFC)
    FMPI_LIB     = (none)
    FMPI_INC     = (none)
    FFLAGS       = -O3
    FLINKFLAGS   = $(FFLAGS)
    RAND         = randi8


 Please send feedbacks and/or the results of this run to:

 NPB Development Team 
 Internet: npb@nas.nasa.gov


### mpirun 2 2026-07-04 16:47:20

 NAS Parallel Benchmarks 3.4 -- EP Benchmark

 Number of random numbers generated:   2199023255552  (class E)
 Total number of processes:                       64

EP Benchmark Results:

CPU Time =   387.450
N = 2^   40
No. Gaussian Pairs =  863554308186.
Sums =     6.890169663166355D+11    6.890164670690535D+11
Counts:
  0  402472491787.
  1  384285547773.
  2   72139715664.
  3    4547154685.
  4     108408570.
  5        986325.
  6          3374.
  7             8.
  8             0.
  9             0.


 EP Benchmark Completed.
 Class           =                        E
 Size            =            2199023255552
 Iterations      =                        0
 Time in seconds =                   387.45
 Total processes =                       64
 Active processes=                       64
 Mop/s total     =                  5675.63
 Mop/s/process   =                    88.68
 Operation type  = Random numbers generated
 Verification    =               SUCCESSFUL
 Version         =                    3.4.4
 Compile date    =              06 Apr 2026

 Compile options:
    MPIFC        = mpif90
    FLINK        = $(MPIFC)
    FMPI_LIB     = (none)
    FMPI_INC     = (none)
    FFLAGS       = -O3
    FLINKFLAGS   = $(FFLAGS)
    RAND         = randi8


 Please send feedbacks and/or the results of this run to:

 NPB Development Team 
 Internet: npb@nas.nasa.gov


### mpirun 3 2026-07-04 16:53:49

 NAS Parallel Benchmarks 3.4 -- EP Benchmark

 Number of random numbers generated:   2199023255552  (class E)
 Total number of processes:                       64

EP Benchmark Results:

CPU Time =   399.381
N = 2^   40
No. Gaussian Pairs =  863554308186.
Sums =     6.890169663166355D+11    6.890164670690535D+11
Counts:
  0  402472491787.
  1  384285547773.
  2   72139715664.
  3    4547154685.
  4     108408570.
  5        986325.
  6          3374.
  7             8.
  8             0.
  9             0.


 EP Benchmark Completed.
 Class           =                        E
 Size            =            2199023255552
 Iterations      =                        0
 Time in seconds =                   399.38
 Total processes =                       64
 Active processes=                       64
 Mop/s total     =                  5506.08
 Mop/s/process   =                    86.03
 Operation type  = Random numbers generated
 Verification    =               SUCCESSFUL
 Version         =                    3.4.4
 Compile date    =              06 Apr 2026

 Compile options:
    MPIFC        = mpif90
    FLINK        = $(MPIFC)
    FMPI_LIB     = (none)
    FMPI_INC     = (none)
    FFLAGS       = -O3
    FLINKFLAGS   = $(FFLAGS)
    RAND         = randi8


 Please send feedbacks and/or the results of this run to:

 NPB Development Team 
 Internet: npb@nas.nasa.gov


### mpirun 4 2026-07-04 17:00:31

 NAS Parallel Benchmarks 3.4 -- EP Benchmark

 Number of random numbers generated:   2199023255552  (class E)
 Total number of processes:                       64

EP Benchmark Results:

CPU Time =   419.785
N = 2^   40
No. Gaussian Pairs =  863554308186.
Sums =     6.890169663166355D+11    6.890164670690535D+11
Counts:
  0  402472491787.
  1  384285547773.
  2   72139715664.
  3    4547154685.
  4     108408570.
  5        986325.
  6          3374.
  7             8.
  8             0.
  9             0.


 EP Benchmark Completed.
 Class           =                        E
 Size            =            2199023255552
 Iterations      =                        0
 Time in seconds =                   419.78
 Total processes =                       64
 Active processes=                       64
 Mop/s total     =                  5238.45
 Mop/s/process   =                    81.85
 Operation type  = Random numbers generated
 Verification    =               SUCCESSFUL
 Version         =                    3.4.4
 Compile date    =              06 Apr 2026

 Compile options:
    MPIFC        = mpif90
    FLINK        = $(MPIFC)
    FMPI_LIB     = (none)
    FMPI_INC     = (none)
    FFLAGS       = -O3
    FLINKFLAGS   = $(FFLAGS)
    RAND         = randi8


 Please send feedbacks and/or the results of this run to:

 NPB Development Team 
 Internet: npb@nas.nasa.gov


## BENCH 2:
### mpirun 1 2026-07-04 16:40:16

 NAS Parallel Benchmarks 3.4 -- EP Benchmark

 Number of random numbers generated:   2199023255552  (class E)
 Total number of processes:                       64

EP Benchmark Results:

CPU Time =   399.959
N = 2^   40
No. Gaussian Pairs =  863554308186.
Sums =     6.890169663166355D+11    6.890164670690535D+11
Counts:
  0  402472491787.
  1  384285547773.
  2   72139715664.
  3    4547154685.
  4     108408570.
  5        986325.
  6          3374.
  7             8.
  8             0.
  9             0.


 EP Benchmark Completed.
 Class           =                        E
 Size            =            2199023255552
 Iterations      =                        0
 Time in seconds =                   399.96
 Total processes =                       64
 Active processes=                       64
 Mop/s total     =                  5498.12
 Mop/s/process   =                    85.91
 Operation type  = Random numbers generated
 Verification    =               SUCCESSFUL
 Version         =                    3.4.4
 Compile date    =              06 Apr 2026

 Compile options:
    MPIFC        = mpif90
    FLINK        = $(MPIFC)
    FMPI_LIB     = (none)
    FMPI_INC     = (none)
    FFLAGS       = -O3
    FLINKFLAGS   = $(FFLAGS)
    RAND         = randi8


 Please send feedbacks and/or the results of this run to:

 NPB Development Team 
 Internet: npb@nas.nasa.gov


### mpirun 2 2026-07-04 16:47:00

 NAS Parallel Benchmarks 3.4 -- EP Benchmark

 Number of random numbers generated:   2199023255552  (class E)
 Total number of processes:                       64

EP Benchmark Results:

CPU Time =   603.506
N = 2^   40
No. Gaussian Pairs =  863554308186.
Sums =     6.890169663166355D+11    6.890164670690535D+11
Counts:
  0  402472491787.
  1  384285547773.
  2   72139715664.
  3    4547154685.
  4     108408570.
  5        986325.
  6          3374.
  7             8.
  8             0.
  9             0.


 EP Benchmark Completed.
 Class           =                        E
 Size            =            2199023255552
 Iterations      =                        0
 Time in seconds =                   603.51
 Total processes =                       64
 Active processes=                       64
 Mop/s total     =                  3643.75
 Mop/s/process   =                    56.93
 Operation type  = Random numbers generated
 Verification    =               SUCCESSFUL
 Version         =                    3.4.4
 Compile date    =              06 Apr 2026

 Compile options:
    MPIFC        = mpif90
    FLINK        = $(MPIFC)
    FMPI_LIB     = (none)
    FMPI_INC     = (none)
    FFLAGS       = -O3
    FLINKFLAGS   = $(FFLAGS)
    RAND         = randi8


 Please send feedbacks and/or the results of this run to:

 NPB Development Team 
 Internet: npb@nas.nasa.gov


### mpirun 3 2026-07-04 16:57:06

 NAS Parallel Benchmarks 3.4 -- EP Benchmark

 Number of random numbers generated:   2199023255552  (class E)
 Total number of processes:                       64

EP Benchmark Results:

CPU Time =   434.048
N = 2^   40
No. Gaussian Pairs =  863554308186.
Sums =     6.890169663166355D+11    6.890164670690535D+11
Counts:
  0  402472491787.
  1  384285547773.
  2   72139715664.
  3    4547154685.
  4     108408570.
  5        986325.
  6          3374.
  7             8.
  8             0.
  9             0.


 EP Benchmark Completed.
 Class           =                        E
 Size            =            2199023255552
 Iterations      =                        0
 Time in seconds =                   434.05
 Total processes =                       64
 Active processes=                       64
 Mop/s total     =                  5066.31
 Mop/s/process   =                    79.16
 Operation type  = Random numbers generated
 Verification    =               SUCCESSFUL
 Version         =                    3.4.4
 Compile date    =              06 Apr 2026

 Compile options:
    MPIFC        = mpif90
    FLINK        = $(MPIFC)
    FMPI_LIB     = (none)
    FMPI_INC     = (none)
    FFLAGS       = -O3
    FLINKFLAGS   = $(FFLAGS)
    RAND         = randi8


 Please send feedbacks and/or the results of this run to:

 NPB Development Team 
 Internet: npb@nas.nasa.gov


# RUN: half_socket_RR ep.E.x ep.E.x
## RANKFILE 1:
rank 0=m33 slot=0
rank 1=m33 slot=64
rank 2=m33 slot=1
rank 3=m33 slot=65
rank 4=m33 slot=2
rank 5=m33 slot=66
rank 6=m33 slot=3
rank 7=m33 slot=67
rank 8=m33 slot=4
rank 9=m33 slot=68
rank 10=m33 slot=5
rank 11=m33 slot=69
rank 12=m33 slot=6
rank 13=m33 slot=70
rank 14=m33 slot=7
rank 15=m33 slot=71
rank 16=m33 slot=8
rank 17=m33 slot=72
rank 18=m33 slot=9
rank 19=m33 slot=73
rank 20=m33 slot=10
rank 21=m33 slot=74
rank 22=m33 slot=11
rank 23=m33 slot=75
rank 24=m33 slot=12
rank 25=m33 slot=76
rank 26=m33 slot=13
rank 27=m33 slot=77
rank 28=m33 slot=14
rank 29=m33 slot=78
rank 30=m33 slot=15
rank 31=m33 slot=79
rank 32=m33 slot=16
rank 33=m33 slot=80
rank 34=m33 slot=17
rank 35=m33 slot=81
rank 36=m33 slot=18
rank 37=m33 slot=82
rank 38=m33 slot=19
rank 39=m33 slot=83
rank 40=m33 slot=20
rank 41=m33 slot=84
rank 42=m33 slot=21
rank 43=m33 slot=85
rank 44=m33 slot=22
rank 45=m33 slot=86
rank 46=m33 slot=23
rank 47=m33 slot=87
rank 48=m33 slot=24
rank 49=m33 slot=88
rank 50=m33 slot=25
rank 51=m33 slot=89
rank 52=m33 slot=26
rank 53=m33 slot=90
rank 54=m33 slot=27
rank 55=m33 slot=91
rank 56=m33 slot=28
rank 57=m33 slot=92
rank 58=m33 slot=29
rank 59=m33 slot=93
rank 60=m33 slot=30
rank 61=m33 slot=94
rank 62=m33 slot=31
rank 63=m33 slot=95
## RANKFILE 2:
rank 0=m33 slot=32
rank 1=m33 slot=96
rank 2=m33 slot=33
rank 3=m33 slot=97
rank 4=m33 slot=34
rank 5=m33 slot=98
rank 6=m33 slot=35
rank 7=m33 slot=99
rank 8=m33 slot=36
rank 9=m33 slot=100
rank 10=m33 slot=37
rank 11=m33 slot=101
rank 12=m33 slot=38
rank 13=m33 slot=102
rank 14=m33 slot=39
rank 15=m33 slot=103
rank 16=m33 slot=40
rank 17=m33 slot=104
rank 18=m33 slot=41
rank 19=m33 slot=105
rank 20=m33 slot=42
rank 21=m33 slot=106
rank 22=m33 slot=43
rank 23=m33 slot=107
rank 24=m33 slot=44
rank 25=m33 slot=108
rank 26=m33 slot=45
rank 27=m33 slot=109
rank 28=m33 slot=46
rank 29=m33 slot=110
rank 30=m33 slot=47
rank 31=m33 slot=111
rank 32=m33 slot=48
rank 33=m33 slot=112
rank 34=m33 slot=49
rank 35=m33 slot=113
rank 36=m33 slot=50
rank 37=m33 slot=114
rank 38=m33 slot=51
rank 39=m33 slot=115
rank 40=m33 slot=52
rank 41=m33 slot=116
rank 42=m33 slot=53
rank 43=m33 slot=117
rank 44=m33 slot=54
rank 45=m33 slot=118
rank 46=m33 slot=55
rank 47=m33 slot=119
rank 48=m33 slot=56
rank 49=m33 slot=120
rank 50=m33 slot=57
rank 51=m33 slot=121
rank 52=m33 slot=58
rank 53=m33 slot=122
rank 54=m33 slot=59
rank 55=m33 slot=123
rank 56=m33 slot=60
rank 57=m33 slot=124
rank 58=m33 slot=61
rank 59=m33 slot=125
rank 60=m33 slot=62
rank 61=m33 slot=126
rank 62=m33 slot=63
rank 63=m33 slot=127
## REPORT 1:
Rank 0: Node m33, CPU core 0, NUMA node 0
Rank 1: Node m33, CPU core 64, NUMA node 4
Rank 2: Node m33, CPU core 1, NUMA node 0
Rank 3: Node m33, CPU core 65, NUMA node 4
Rank 4: Node m33, CPU core 2, NUMA node 0
Rank 5: Node m33, CPU core 66, NUMA node 4
Rank 6: Node m33, CPU core 3, NUMA node 0
Rank 7: Node m33, CPU core 67, NUMA node 4
Rank 8: Node m33, CPU core 4, NUMA node 0
Rank 9: Node m33, CPU core 68, NUMA node 4
Rank 10: Node m33, CPU core 5, NUMA node 0
Rank 11: Node m33, CPU core 69, NUMA node 4
Rank 12: Node m33, CPU core 6, NUMA node 0
Rank 13: Node m33, CPU core 70, NUMA node 4
Rank 14: Node m33, CPU core 7, NUMA node 0
Rank 15: Node m33, CPU core 71, NUMA node 4
Rank 16: Node m33, CPU core 8, NUMA node 0
Rank 17: Node m33, CPU core 72, NUMA node 4
Rank 18: Node m33, CPU core 9, NUMA node 0
Rank 19: Node m33, CPU core 73, NUMA node 4
Rank 20: Node m33, CPU core 10, NUMA node 0
Rank 21: Node m33, CPU core 74, NUMA node 4
Rank 22: Node m33, CPU core 11, NUMA node 0
Rank 23: Node m33, CPU core 75, NUMA node 4
Rank 24: Node m33, CPU core 12, NUMA node 0
Rank 25: Node m33, CPU core 76, NUMA node 4
Rank 26: Node m33, CPU core 13, NUMA node 0
Rank 27: Node m33, CPU core 77, NUMA node 4
Rank 28: Node m33, CPU core 14, NUMA node 0
Rank 29: Node m33, CPU core 78, NUMA node 4
Rank 30: Node m33, CPU core 15, NUMA node 0
Rank 31: Node m33, CPU core 79, NUMA node 4
Rank 32: Node m33, CPU core 16, NUMA node 1
Rank 33: Node m33, CPU core 80, NUMA node 5
Rank 34: Node m33, CPU core 17, NUMA node 1
Rank 35: Node m33, CPU core 81, NUMA node 5
Rank 36: Node m33, CPU core 18, NUMA node 1
Rank 37: Node m33, CPU core 82, NUMA node 5
Rank 38: Node m33, CPU core 19, NUMA node 1
Rank 39: Node m33, CPU core 83, NUMA node 5
Rank 40: Node m33, CPU core 20, NUMA node 1
Rank 41: Node m33, CPU core 84, NUMA node 5
Rank 42: Node m33, CPU core 21, NUMA node 1
Rank 43: Node m33, CPU core 85, NUMA node 5
Rank 44: Node m33, CPU core 22, NUMA node 1
Rank 45: Node m33, CPU core 86, NUMA node 5
Rank 46: Node m33, CPU core 23, NUMA node 1
Rank 47: Node m33, CPU core 87, NUMA node 5
Rank 48: Node m33, CPU core 24, NUMA node 1
Rank 49: Node m33, CPU core 88, NUMA node 5
Rank 50: Node m33, CPU core 25, NUMA node 1
Rank 51: Node m33, CPU core 89, NUMA node 5
Rank 52: Node m33, CPU core 26, NUMA node 1
Rank 53: Node m33, CPU core 90, NUMA node 5
Rank 54: Node m33, CPU core 27, NUMA node 1
Rank 55: Node m33, CPU core 91, NUMA node 5
Rank 56: Node m33, CPU core 28, NUMA node 1
Rank 57: Node m33, CPU core 92, NUMA node 5
Rank 58: Node m33, CPU core 29, NUMA node 1
Rank 59: Node m33, CPU core 93, NUMA node 5
Rank 60: Node m33, CPU core 30, NUMA node 1
Rank 61: Node m33, CPU core 94, NUMA node 5
Rank 62: Node m33, CPU core 31, NUMA node 1
Rank 63: Node m33, CPU core 95, NUMA node 5

===== SUMMARY =====

----- NODE: m33 -----
CPU cores used: 0 64 1 65 2 66 3 67 4 68 5 69 6 70 7 71 8 72 9 73 10 74 11 75 12 76 13 77 14 78 15 79 16 80 17 81 18 82 19 83 20 84 21 85 22 86 23 87 24 88 25 89 26 90 27 91 28 92 29 93 30 94 31 95 
NUMA nodes used: 0 1 4 5 
## REPORT 2:
Rank 0: Node m33, CPU core 32, NUMA node 2
Rank 1: Node m33, CPU core 96, NUMA node 6
Rank 2: Node m33, CPU core 33, NUMA node 2
Rank 3: Node m33, CPU core 97, NUMA node 6
Rank 4: Node m33, CPU core 34, NUMA node 2
Rank 5: Node m33, CPU core 98, NUMA node 6
Rank 6: Node m33, CPU core 35, NUMA node 2
Rank 7: Node m33, CPU core 99, NUMA node 6
Rank 8: Node m33, CPU core 36, NUMA node 2
Rank 9: Node m33, CPU core 100, NUMA node 6
Rank 10: Node m33, CPU core 37, NUMA node 2
Rank 11: Node m33, CPU core 101, NUMA node 6
Rank 12: Node m33, CPU core 38, NUMA node 2
Rank 13: Node m33, CPU core 102, NUMA node 6
Rank 14: Node m33, CPU core 39, NUMA node 2
Rank 15: Node m33, CPU core 103, NUMA node 6
Rank 16: Node m33, CPU core 40, NUMA node 2
Rank 17: Node m33, CPU core 104, NUMA node 6
Rank 18: Node m33, CPU core 41, NUMA node 2
Rank 19: Node m33, CPU core 105, NUMA node 6
Rank 20: Node m33, CPU core 42, NUMA node 2
Rank 21: Node m33, CPU core 106, NUMA node 6
Rank 22: Node m33, CPU core 43, NUMA node 2
Rank 23: Node m33, CPU core 107, NUMA node 6
Rank 24: Node m33, CPU core 44, NUMA node 2
Rank 25: Node m33, CPU core 108, NUMA node 6
Rank 26: Node m33, CPU core 45, NUMA node 2
Rank 27: Node m33, CPU core 109, NUMA node 6
Rank 28: Node m33, CPU core 46, NUMA node 2
Rank 29: Node m33, CPU core 110, NUMA node 6
Rank 30: Node m33, CPU core 47, NUMA node 2
Rank 31: Node m33, CPU core 111, NUMA node 6
Rank 32: Node m33, CPU core 48, NUMA node 3
Rank 33: Node m33, CPU core 112, NUMA node 7
Rank 34: Node m33, CPU core 49, NUMA node 3
Rank 35: Node m33, CPU core 113, NUMA node 7
Rank 36: Node m33, CPU core 50, NUMA node 3
Rank 37: Node m33, CPU core 114, NUMA node 7
Rank 38: Node m33, CPU core 51, NUMA node 3
Rank 39: Node m33, CPU core 115, NUMA node 7
Rank 40: Node m33, CPU core 52, NUMA node 3
Rank 41: Node m33, CPU core 116, NUMA node 7
Rank 42: Node m33, CPU core 53, NUMA node 3
Rank 43: Node m33, CPU core 117, NUMA node 7
Rank 44: Node m33, CPU core 54, NUMA node 3
Rank 45: Node m33, CPU core 118, NUMA node 7
Rank 46: Node m33, CPU core 55, NUMA node 3
Rank 47: Node m33, CPU core 119, NUMA node 7
Rank 48: Node m33, CPU core 56, NUMA node 3
Rank 49: Node m33, CPU core 120, NUMA node 7
Rank 50: Node m33, CPU core 57, NUMA node 3
Rank 51: Node m33, CPU core 121, NUMA node 7
Rank 52: Node m33, CPU core 58, NUMA node 3
Rank 53: Node m33, CPU core 122, NUMA node 7
Rank 54: Node m33, CPU core 59, NUMA node 3
Rank 55: Node m33, CPU core 123, NUMA node 7
Rank 56: Node m33, CPU core 60, NUMA node 3
Rank 57: Node m33, CPU core 124, NUMA node 7
Rank 58: Node m33, CPU core 61, NUMA node 3
Rank 59: Node m33, CPU core 125, NUMA node 7
Rank 60: Node m33, CPU core 62, NUMA node 3
Rank 61: Node m33, CPU core 126, NUMA node 7
Rank 62: Node m33, CPU core 63, NUMA node 3
Rank 63: Node m33, CPU core 127, NUMA node 7

===== SUMMARY =====

----- NODE: m33 -----
CPU cores used: 32 96 33 97 34 98 35 99 36 100 37 101 38 102 39 103 40 104 41 105 42 106 43 107 44 108 45 109 46 110 47 111 48 112 49 113 50 114 51 115 52 116 53 117 54 118 55 119 56 120 57 121 58 122 59 123 60 124 61 125 62 126 63 127 
NUMA nodes used: 2 3 6 7 
## EXECUTE:
### mpirun 1 2026-07-04 17:07:37
### mpirun 1 2026-07-04 17:07:37
### mpirun 2 2026-07-04 17:14:07
### mpirun 2 2026-07-04 17:14:53
### mpirun 3 2026-07-04 17:20:37
### mpirun 3 2026-07-04 17:21:46
### mpirun 4 2026-07-04 17:27:23
## BENCH 1:
### mpirun 1 2026-07-04 17:07:37

 NAS Parallel Benchmarks 3.4 -- EP Benchmark

 Number of random numbers generated:   2199023255552  (class E)
 Total number of processes:                       64

EP Benchmark Results:

CPU Time =   432.967
N = 2^   40
No. Gaussian Pairs =  863554308186.
Sums =     6.890169663166355D+11    6.890164670690535D+11
Counts:
  0  402472491787.
  1  384285547773.
  2   72139715664.
  3    4547154685.
  4     108408570.
  5        986325.
  6          3374.
  7             8.
  8             0.
  9             0.


 EP Benchmark Completed.
 Class           =                        E
 Size            =            2199023255552
 Iterations      =                        0
 Time in seconds =                   432.97
 Total processes =                       64
 Active processes=                       64
 Mop/s total     =                  5078.97
 Mop/s/process   =                    79.36
 Operation type  = Random numbers generated
 Verification    =               SUCCESSFUL
 Version         =                    3.4.4
 Compile date    =              06 Apr 2026

 Compile options:
    MPIFC        = mpif90
    FLINK        = $(MPIFC)
    FMPI_LIB     = (none)
    FMPI_INC     = (none)
    FFLAGS       = -O3
    FLINKFLAGS   = $(FFLAGS)
    RAND         = randi8


 Please send feedbacks and/or the results of this run to:

 NPB Development Team 
 Internet: npb@nas.nasa.gov


### mpirun 2 2026-07-04 17:14:53

 NAS Parallel Benchmarks 3.4 -- EP Benchmark

 Number of random numbers generated:   2199023255552  (class E)
 Total number of processes:                       64

EP Benchmark Results:

CPU Time =   410.172
N = 2^   40
No. Gaussian Pairs =  863554308186.
Sums =     6.890169663166355D+11    6.890164670690535D+11
Counts:
  0  402472491787.
  1  384285547773.
  2   72139715664.
  3    4547154685.
  4     108408570.
  5        986325.
  6          3374.
  7             8.
  8             0.
  9             0.


 EP Benchmark Completed.
 Class           =                        E
 Size            =            2199023255552
 Iterations      =                        0
 Time in seconds =                   410.17
 Total processes =                       64
 Active processes=                       64
 Mop/s total     =                  5361.22
 Mop/s/process   =                    83.77
 Operation type  = Random numbers generated
 Verification    =               SUCCESSFUL
 Version         =                    3.4.4
 Compile date    =              06 Apr 2026

 Compile options:
    MPIFC        = mpif90
    FLINK        = $(MPIFC)
    FMPI_LIB     = (none)
    FMPI_INC     = (none)
    FFLAGS       = -O3
    FLINKFLAGS   = $(FFLAGS)
    RAND         = randi8


 Please send feedbacks and/or the results of this run to:

 NPB Development Team 
 Internet: npb@nas.nasa.gov


### mpirun 3 2026-07-04 17:21:46

 NAS Parallel Benchmarks 3.4 -- EP Benchmark

 Number of random numbers generated:   2199023255552  (class E)
 Total number of processes:                       64

EP Benchmark Results:

CPU Time =   387.439
N = 2^   40
No. Gaussian Pairs =  863554308186.
Sums =     6.890169663166355D+11    6.890164670690535D+11
Counts:
  0  402472491787.
  1  384285547773.
  2   72139715664.
  3    4547154685.
  4     108408570.
  5        986325.
  6          3374.
  7             8.
  8             0.
  9             0.


 EP Benchmark Completed.
 Class           =                        E
 Size            =            2199023255552
 Iterations      =                        0
 Time in seconds =                   387.44
 Total processes =                       64
 Active processes=                       64
 Mop/s total     =                  5675.80
 Mop/s/process   =                    88.68
 Operation type  = Random numbers generated
 Verification    =               SUCCESSFUL
 Version         =                    3.4.4
 Compile date    =              06 Apr 2026

 Compile options:
    MPIFC        = mpif90
    FLINK        = $(MPIFC)
    FMPI_LIB     = (none)
    FMPI_INC     = (none)
    FFLAGS       = -O3
    FLINKFLAGS   = $(FFLAGS)
    RAND         = randi8


 Please send feedbacks and/or the results of this run to:

 NPB Development Team 
 Internet: npb@nas.nasa.gov


## BENCH 2:
### mpirun 1 2026-07-04 17:07:37

 NAS Parallel Benchmarks 3.4 -- EP Benchmark

 Number of random numbers generated:   2199023255552  (class E)
 Total number of processes:                       64

EP Benchmark Results:

CPU Time =   386.710
N = 2^   40
No. Gaussian Pairs =  863554308186.
Sums =     6.890169663166355D+11    6.890164670690535D+11
Counts:
  0  402472491787.
  1  384285547773.
  2   72139715664.
  3    4547154685.
  4     108408570.
  5        986325.
  6          3374.
  7             8.
  8             0.
  9             0.


 EP Benchmark Completed.
 Class           =                        E
 Size            =            2199023255552
 Iterations      =                        0
 Time in seconds =                   386.71
 Total processes =                       64
 Active processes=                       64
 Mop/s total     =                  5686.49
 Mop/s/process   =                    88.85
 Operation type  = Random numbers generated
 Verification    =               SUCCESSFUL
 Version         =                    3.4.4
 Compile date    =              06 Apr 2026

 Compile options:
    MPIFC        = mpif90
    FLINK        = $(MPIFC)
    FMPI_LIB     = (none)
    FMPI_INC     = (none)
    FFLAGS       = -O3
    FLINKFLAGS   = $(FFLAGS)
    RAND         = randi8


 Please send feedbacks and/or the results of this run to:

 NPB Development Team 
 Internet: npb@nas.nasa.gov


### mpirun 2 2026-07-04 17:14:07

 NAS Parallel Benchmarks 3.4 -- EP Benchmark

 Number of random numbers generated:   2199023255552  (class E)
 Total number of processes:                       64

EP Benchmark Results:

CPU Time =   387.231
N = 2^   40
No. Gaussian Pairs =  863554308186.
Sums =     6.890169663166355D+11    6.890164670690535D+11
Counts:
  0  402472491787.
  1  384285547773.
  2   72139715664.
  3    4547154685.
  4     108408570.
  5        986325.
  6          3374.
  7             8.
  8             0.
  9             0.


 EP Benchmark Completed.
 Class           =                        E
 Size            =            2199023255552
 Iterations      =                        0
 Time in seconds =                   387.23
 Total processes =                       64
 Active processes=                       64
 Mop/s total     =                  5678.84
 Mop/s/process   =                    88.73
 Operation type  = Random numbers generated
 Verification    =               SUCCESSFUL
 Version         =                    3.4.4
 Compile date    =              06 Apr 2026

 Compile options:
    MPIFC        = mpif90
    FLINK        = $(MPIFC)
    FMPI_LIB     = (none)
    FMPI_INC     = (none)
    FFLAGS       = -O3
    FLINKFLAGS   = $(FFLAGS)
    RAND         = randi8


 Please send feedbacks and/or the results of this run to:

 NPB Development Team 
 Internet: npb@nas.nasa.gov


### mpirun 3 2026-07-04 17:20:37

 NAS Parallel Benchmarks 3.4 -- EP Benchmark

 Number of random numbers generated:   2199023255552  (class E)
 Total number of processes:                       64

EP Benchmark Results:

CPU Time =   404.328
N = 2^   40
No. Gaussian Pairs =  863554308186.
Sums =     6.890169663166355D+11    6.890164670690535D+11
Counts:
  0  402472491787.
  1  384285547773.
  2   72139715664.
  3    4547154685.
  4     108408570.
  5        986325.
  6          3374.
  7             8.
  8             0.
  9             0.


 EP Benchmark Completed.
 Class           =                        E
 Size            =            2199023255552
 Iterations      =                        0
 Time in seconds =                   404.33
 Total processes =                       64
 Active processes=                       64
 Mop/s total     =                  5438.71
 Mop/s/process   =                    84.98
 Operation type  = Random numbers generated
 Verification    =               SUCCESSFUL
 Version         =                    3.4.4
 Compile date    =              06 Apr 2026

 Compile options:
    MPIFC        = mpif90
    FLINK        = $(MPIFC)
    FMPI_LIB     = (none)
    FMPI_INC     = (none)
    FFLAGS       = -O3
    FLINKFLAGS   = $(FFLAGS)
    RAND         = randi8


 Please send feedbacks and/or the results of this run to:

 NPB Development Team 
 Internet: npb@nas.nasa.gov


### mpirun 4 2026-07-04 17:27:23

 NAS Parallel Benchmarks 3.4 -- EP Benchmark

 Number of random numbers generated:   2199023255552  (class E)
 Total number of processes:                       64

EP Benchmark Results:

CPU Time =   426.669
N = 2^   40
No. Gaussian Pairs =  863554308186.
Sums =     6.890169663166355D+11    6.890164670690535D+11
Counts:
  0  402472491787.
  1  384285547773.
  2   72139715664.
  3    4547154685.
  4     108408570.
  5        986325.
  6          3374.
  7             8.
  8             0.
  9             0.


 EP Benchmark Completed.
 Class           =                        E
 Size            =            2199023255552
 Iterations      =                        0
 Time in seconds =                   426.67
 Total processes =                       64
 Active processes=                       64
 Mop/s total     =                  5153.93
 Mop/s/process   =                    80.53
 Operation type  = Random numbers generated
 Verification    =               SUCCESSFUL
 Version         =                    3.4.4
 Compile date    =              06 Apr 2026

 Compile options:
    MPIFC        = mpif90
    FLINK        = $(MPIFC)
    FMPI_LIB     = (none)
    FMPI_INC     = (none)
    FFLAGS       = -O3
    FLINKFLAGS   = $(FFLAGS)
    RAND         = randi8


 Please send feedbacks and/or the results of this run to:

 NPB Development Team 
 Internet: npb@nas.nasa.gov


# RUN: half_numa_RR ep.E.x ep.E.x
## RANKFILE 1:
rank 0=m33 slot=0
rank 1=m33 slot=16
rank 2=m33 slot=32
rank 3=m33 slot=48
rank 4=m33 slot=64
rank 5=m33 slot=80
rank 6=m33 slot=96
rank 7=m33 slot=112
rank 8=m33 slot=1
rank 9=m33 slot=17
rank 10=m33 slot=33
rank 11=m33 slot=49
rank 12=m33 slot=65
rank 13=m33 slot=81
rank 14=m33 slot=97
rank 15=m33 slot=113
rank 16=m33 slot=2
rank 17=m33 slot=18
rank 18=m33 slot=34
rank 19=m33 slot=50
rank 20=m33 slot=66
rank 21=m33 slot=82
rank 22=m33 slot=98
rank 23=m33 slot=114
rank 24=m33 slot=3
rank 25=m33 slot=19
rank 26=m33 slot=35
rank 27=m33 slot=51
rank 28=m33 slot=67
rank 29=m33 slot=83
rank 30=m33 slot=99
rank 31=m33 slot=115
rank 32=m33 slot=4
rank 33=m33 slot=20
rank 34=m33 slot=36
rank 35=m33 slot=52
rank 36=m33 slot=68
rank 37=m33 slot=84
rank 38=m33 slot=100
rank 39=m33 slot=116
rank 40=m33 slot=5
rank 41=m33 slot=21
rank 42=m33 slot=37
rank 43=m33 slot=53
rank 44=m33 slot=69
rank 45=m33 slot=85
rank 46=m33 slot=101
rank 47=m33 slot=117
rank 48=m33 slot=6
rank 49=m33 slot=22
rank 50=m33 slot=38
rank 51=m33 slot=54
rank 52=m33 slot=70
rank 53=m33 slot=86
rank 54=m33 slot=102
rank 55=m33 slot=118
rank 56=m33 slot=7
rank 57=m33 slot=23
rank 58=m33 slot=39
rank 59=m33 slot=55
rank 60=m33 slot=71
rank 61=m33 slot=87
rank 62=m33 slot=103
rank 63=m33 slot=119
## RANKFILE 2:
rank 0=m33 slot=8
rank 1=m33 slot=24
rank 2=m33 slot=40
rank 3=m33 slot=56
rank 4=m33 slot=72
rank 5=m33 slot=88
rank 6=m33 slot=104
rank 7=m33 slot=120
rank 8=m33 slot=9
rank 9=m33 slot=25
rank 10=m33 slot=41
rank 11=m33 slot=57
rank 12=m33 slot=73
rank 13=m33 slot=89
rank 14=m33 slot=105
rank 15=m33 slot=121
rank 16=m33 slot=10
rank 17=m33 slot=26
rank 18=m33 slot=42
rank 19=m33 slot=58
rank 20=m33 slot=74
rank 21=m33 slot=90
rank 22=m33 slot=106
rank 23=m33 slot=122
rank 24=m33 slot=11
rank 25=m33 slot=27
rank 26=m33 slot=43
rank 27=m33 slot=59
rank 28=m33 slot=75
rank 29=m33 slot=91
rank 30=m33 slot=107
rank 31=m33 slot=123
rank 32=m33 slot=12
rank 33=m33 slot=28
rank 34=m33 slot=44
rank 35=m33 slot=60
rank 36=m33 slot=76
rank 37=m33 slot=92
rank 38=m33 slot=108
rank 39=m33 slot=124
rank 40=m33 slot=13
rank 41=m33 slot=29
rank 42=m33 slot=45
rank 43=m33 slot=61
rank 44=m33 slot=77
rank 45=m33 slot=93
rank 46=m33 slot=109
rank 47=m33 slot=125
rank 48=m33 slot=14
rank 49=m33 slot=30
rank 50=m33 slot=46
rank 51=m33 slot=62
rank 52=m33 slot=78
rank 53=m33 slot=94
rank 54=m33 slot=110
rank 55=m33 slot=126
rank 56=m33 slot=15
rank 57=m33 slot=31
rank 58=m33 slot=47
rank 59=m33 slot=63
rank 60=m33 slot=79
rank 61=m33 slot=95
rank 62=m33 slot=111
rank 63=m33 slot=127
## REPORT 1:
Rank 0: Node m33, CPU core 0, NUMA node 0
Rank 1: Node m33, CPU core 16, NUMA node 1
Rank 2: Node m33, CPU core 32, NUMA node 2
Rank 3: Node m33, CPU core 48, NUMA node 3
Rank 4: Node m33, CPU core 64, NUMA node 4
Rank 5: Node m33, CPU core 80, NUMA node 5
Rank 6: Node m33, CPU core 96, NUMA node 6
Rank 7: Node m33, CPU core 112, NUMA node 7
Rank 8: Node m33, CPU core 1, NUMA node 0
Rank 9: Node m33, CPU core 17, NUMA node 1
Rank 10: Node m33, CPU core 33, NUMA node 2
Rank 11: Node m33, CPU core 49, NUMA node 3
Rank 12: Node m33, CPU core 65, NUMA node 4
Rank 13: Node m33, CPU core 81, NUMA node 5
Rank 14: Node m33, CPU core 97, NUMA node 6
Rank 15: Node m33, CPU core 113, NUMA node 7
Rank 16: Node m33, CPU core 2, NUMA node 0
Rank 17: Node m33, CPU core 18, NUMA node 1
Rank 18: Node m33, CPU core 34, NUMA node 2
Rank 19: Node m33, CPU core 50, NUMA node 3
Rank 20: Node m33, CPU core 66, NUMA node 4
Rank 21: Node m33, CPU core 82, NUMA node 5
Rank 22: Node m33, CPU core 98, NUMA node 6
Rank 23: Node m33, CPU core 114, NUMA node 7
Rank 24: Node m33, CPU core 3, NUMA node 0
Rank 25: Node m33, CPU core 19, NUMA node 1
Rank 26: Node m33, CPU core 35, NUMA node 2
Rank 27: Node m33, CPU core 51, NUMA node 3
Rank 28: Node m33, CPU core 67, NUMA node 4
Rank 29: Node m33, CPU core 83, NUMA node 5
Rank 30: Node m33, CPU core 99, NUMA node 6
Rank 31: Node m33, CPU core 115, NUMA node 7
Rank 32: Node m33, CPU core 4, NUMA node 0
Rank 33: Node m33, CPU core 20, NUMA node 1
Rank 34: Node m33, CPU core 36, NUMA node 2
Rank 35: Node m33, CPU core 52, NUMA node 3
Rank 36: Node m33, CPU core 68, NUMA node 4
Rank 37: Node m33, CPU core 84, NUMA node 5
Rank 38: Node m33, CPU core 100, NUMA node 6
Rank 39: Node m33, CPU core 116, NUMA node 7
Rank 40: Node m33, CPU core 5, NUMA node 0
Rank 41: Node m33, CPU core 21, NUMA node 1
Rank 42: Node m33, CPU core 37, NUMA node 2
Rank 43: Node m33, CPU core 53, NUMA node 3
Rank 44: Node m33, CPU core 69, NUMA node 4
Rank 45: Node m33, CPU core 85, NUMA node 5
Rank 46: Node m33, CPU core 101, NUMA node 6
Rank 47: Node m33, CPU core 117, NUMA node 7
Rank 48: Node m33, CPU core 6, NUMA node 0
Rank 49: Node m33, CPU core 22, NUMA node 1
Rank 50: Node m33, CPU core 38, NUMA node 2
Rank 51: Node m33, CPU core 54, NUMA node 3
Rank 52: Node m33, CPU core 70, NUMA node 4
Rank 53: Node m33, CPU core 86, NUMA node 5
Rank 54: Node m33, CPU core 102, NUMA node 6
Rank 55: Node m33, CPU core 118, NUMA node 7
Rank 56: Node m33, CPU core 7, NUMA node 0
Rank 57: Node m33, CPU core 23, NUMA node 1
Rank 58: Node m33, CPU core 39, NUMA node 2
Rank 59: Node m33, CPU core 55, NUMA node 3
Rank 60: Node m33, CPU core 71, NUMA node 4
Rank 61: Node m33, CPU core 87, NUMA node 5
Rank 62: Node m33, CPU core 103, NUMA node 6
Rank 63: Node m33, CPU core 119, NUMA node 7

===== SUMMARY =====

----- NODE: m33 -----
CPU cores used: 0 16 32 48 64 80 96 112 1 17 33 49 65 81 97 113 2 18 34 50 66 82 98 114 3 19 35 51 67 83 99 115 4 20 36 52 68 84 100 116 5 21 37 53 69 85 101 117 6 22 38 54 70 86 102 118 7 23 39 55 71 87 103 119 
NUMA nodes used: 0 1 2 3 4 5 6 7 
## REPORT 2:
Rank 0: Node m33, CPU core 8, NUMA node 0
Rank 1: Node m33, CPU core 24, NUMA node 1
Rank 2: Node m33, CPU core 40, NUMA node 2
Rank 3: Node m33, CPU core 56, NUMA node 3
Rank 4: Node m33, CPU core 72, NUMA node 4
Rank 5: Node m33, CPU core 88, NUMA node 5
Rank 6: Node m33, CPU core 104, NUMA node 6
Rank 7: Node m33, CPU core 120, NUMA node 7
Rank 8: Node m33, CPU core 9, NUMA node 0
Rank 9: Node m33, CPU core 25, NUMA node 1
Rank 10: Node m33, CPU core 41, NUMA node 2
Rank 11: Node m33, CPU core 57, NUMA node 3
Rank 12: Node m33, CPU core 73, NUMA node 4
Rank 13: Node m33, CPU core 89, NUMA node 5
Rank 14: Node m33, CPU core 105, NUMA node 6
Rank 15: Node m33, CPU core 121, NUMA node 7
Rank 16: Node m33, CPU core 10, NUMA node 0
Rank 17: Node m33, CPU core 26, NUMA node 1
Rank 18: Node m33, CPU core 42, NUMA node 2
Rank 19: Node m33, CPU core 58, NUMA node 3
Rank 20: Node m33, CPU core 74, NUMA node 4
Rank 21: Node m33, CPU core 90, NUMA node 5
Rank 22: Node m33, CPU core 106, NUMA node 6
Rank 23: Node m33, CPU core 122, NUMA node 7
Rank 24: Node m33, CPU core 11, NUMA node 0
Rank 25: Node m33, CPU core 27, NUMA node 1
Rank 26: Node m33, CPU core 43, NUMA node 2
Rank 27: Node m33, CPU core 59, NUMA node 3
Rank 28: Node m33, CPU core 75, NUMA node 4
Rank 29: Node m33, CPU core 91, NUMA node 5
Rank 30: Node m33, CPU core 107, NUMA node 6
Rank 31: Node m33, CPU core 123, NUMA node 7
Rank 32: Node m33, CPU core 12, NUMA node 0
Rank 33: Node m33, CPU core 28, NUMA node 1
Rank 34: Node m33, CPU core 44, NUMA node 2
Rank 35: Node m33, CPU core 60, NUMA node 3
Rank 36: Node m33, CPU core 76, NUMA node 4
Rank 37: Node m33, CPU core 92, NUMA node 5
Rank 38: Node m33, CPU core 108, NUMA node 6
Rank 39: Node m33, CPU core 124, NUMA node 7
Rank 40: Node m33, CPU core 13, NUMA node 0
Rank 41: Node m33, CPU core 29, NUMA node 1
Rank 42: Node m33, CPU core 45, NUMA node 2
Rank 43: Node m33, CPU core 61, NUMA node 3
Rank 44: Node m33, CPU core 77, NUMA node 4
Rank 45: Node m33, CPU core 93, NUMA node 5
Rank 46: Node m33, CPU core 109, NUMA node 6
Rank 47: Node m33, CPU core 125, NUMA node 7
Rank 48: Node m33, CPU core 14, NUMA node 0
Rank 49: Node m33, CPU core 30, NUMA node 1
Rank 50: Node m33, CPU core 46, NUMA node 2
Rank 51: Node m33, CPU core 62, NUMA node 3
Rank 52: Node m33, CPU core 78, NUMA node 4
Rank 53: Node m33, CPU core 94, NUMA node 5
Rank 54: Node m33, CPU core 110, NUMA node 6
Rank 55: Node m33, CPU core 126, NUMA node 7
Rank 56: Node m33, CPU core 15, NUMA node 0
Rank 57: Node m33, CPU core 31, NUMA node 1
Rank 58: Node m33, CPU core 47, NUMA node 2
Rank 59: Node m33, CPU core 63, NUMA node 3
Rank 60: Node m33, CPU core 79, NUMA node 4
Rank 61: Node m33, CPU core 95, NUMA node 5
Rank 62: Node m33, CPU core 111, NUMA node 6
Rank 63: Node m33, CPU core 127, NUMA node 7

===== SUMMARY =====

----- NODE: m33 -----
CPU cores used: 8 24 40 56 72 88 104 120 9 25 41 57 73 89 105 121 10 26 42 58 74 90 106 122 11 27 43 59 75 91 107 123 12 28 44 60 76 92 108 124 13 29 45 61 77 93 109 125 14 30 46 62 78 94 110 126 15 31 47 63 79 95 111 127 
NUMA nodes used: 0 1 2 3 4 5 6 7 
## EXECUTE:
### mpirun 1 2026-07-04 17:34:36
### mpirun 1 2026-07-04 17:34:36
### mpirun 2 2026-07-04 17:41:55
### mpirun 2 2026-07-04 17:43:38
### mpirun 3 2026-07-04 17:48:33
### mpirun 3 2026-07-04 17:50:06
### mpirun 4 2026-07-04 17:55:19
## BENCH 1:
### mpirun 1 2026-07-04 17:34:36

 NAS Parallel Benchmarks 3.4 -- EP Benchmark

 Number of random numbers generated:   2199023255552  (class E)
 Total number of processes:                       64

EP Benchmark Results:

CPU Time =   538.240
N = 2^   40
No. Gaussian Pairs =  863554308186.
Sums =     6.890169663166355D+11    6.890164670690535D+11
Counts:
  0  402472491787.
  1  384285547773.
  2   72139715664.
  3    4547154685.
  4     108408570.
  5        986325.
  6          3374.
  7             8.
  8             0.
  9             0.


 EP Benchmark Completed.
 Class           =                        E
 Size            =            2199023255552
 Iterations      =                        0
 Time in seconds =                   538.24
 Total processes =                       64
 Active processes=                       64
 Mop/s total     =                  4085.58
 Mop/s/process   =                    63.84
 Operation type  = Random numbers generated
 Verification    =               SUCCESSFUL
 Version         =                    3.4.4
 Compile date    =              06 Apr 2026

 Compile options:
    MPIFC        = mpif90
    FLINK        = $(MPIFC)
    FMPI_LIB     = (none)
    FMPI_INC     = (none)
    FFLAGS       = -O3
    FLINKFLAGS   = $(FFLAGS)
    RAND         = randi8


 Please send feedbacks and/or the results of this run to:

 NPB Development Team 
 Internet: npb@nas.nasa.gov


### mpirun 2 2026-07-04 17:43:38

 NAS Parallel Benchmarks 3.4 -- EP Benchmark

 Number of random numbers generated:   2199023255552  (class E)
 Total number of processes:                       64

EP Benchmark Results:

CPU Time =   386.632
N = 2^   40
No. Gaussian Pairs =  863554308186.
Sums =     6.890169663166355D+11    6.890164670690535D+11
Counts:
  0  402472491787.
  1  384285547773.
  2   72139715664.
  3    4547154685.
  4     108408570.
  5        986325.
  6          3374.
  7             8.
  8             0.
  9             0.


 EP Benchmark Completed.
 Class           =                        E
 Size            =            2199023255552
 Iterations      =                        0
 Time in seconds =                   386.63
 Total processes =                       64
 Active processes=                       64
 Mop/s total     =                  5687.63
 Mop/s/process   =                    88.87
 Operation type  = Random numbers generated
 Verification    =               SUCCESSFUL
 Version         =                    3.4.4
 Compile date    =              06 Apr 2026

 Compile options:
    MPIFC        = mpif90
    FLINK        = $(MPIFC)
    FMPI_LIB     = (none)
    FMPI_INC     = (none)
    FFLAGS       = -O3
    FLINKFLAGS   = $(FFLAGS)
    RAND         = randi8


 Please send feedbacks and/or the results of this run to:

 NPB Development Team 
 Internet: npb@nas.nasa.gov


### mpirun 3 2026-07-04 17:50:06

 NAS Parallel Benchmarks 3.4 -- EP Benchmark

 Number of random numbers generated:   2199023255552  (class E)
 Total number of processes:                       64

EP Benchmark Results:

CPU Time =   394.156
N = 2^   40
No. Gaussian Pairs =  863554308186.
Sums =     6.890169663166355D+11    6.890164670690535D+11
Counts:
  0  402472491787.
  1  384285547773.
  2   72139715664.
  3    4547154685.
  4     108408570.
  5        986325.
  6          3374.
  7             8.
  8             0.
  9             0.


 EP Benchmark Completed.
 Class           =                        E
 Size            =            2199023255552
 Iterations      =                        0
 Time in seconds =                   394.16
 Total processes =                       64
 Active processes=                       64
 Mop/s total     =                  5579.07
 Mop/s/process   =                    87.17
 Operation type  = Random numbers generated
 Verification    =               SUCCESSFUL
 Version         =                    3.4.4
 Compile date    =              06 Apr 2026

 Compile options:
    MPIFC        = mpif90
    FLINK        = $(MPIFC)
    FMPI_LIB     = (none)
    FMPI_INC     = (none)
    FFLAGS       = -O3
    FLINKFLAGS   = $(FFLAGS)
    RAND         = randi8


 Please send feedbacks and/or the results of this run to:

 NPB Development Team 
 Internet: npb@nas.nasa.gov


## BENCH 2:
### mpirun 1 2026-07-04 17:34:36

 NAS Parallel Benchmarks 3.4 -- EP Benchmark

 Number of random numbers generated:   2199023255552  (class E)
 Total number of processes:                       64

EP Benchmark Results:

CPU Time =   435.666
N = 2^   40
No. Gaussian Pairs =  863554308186.
Sums =     6.890169663166355D+11    6.890164670690535D+11
Counts:
  0  402472491787.
  1  384285547773.
  2   72139715664.
  3    4547154685.
  4     108408570.
  5        986325.
  6          3374.
  7             8.
  8             0.
  9             0.


 EP Benchmark Completed.
 Class           =                        E
 Size            =            2199023255552
 Iterations      =                        0
 Time in seconds =                   435.67
 Total processes =                       64
 Active processes=                       64
 Mop/s total     =                  5047.49
 Mop/s/process   =                    78.87
 Operation type  = Random numbers generated
 Verification    =               SUCCESSFUL
 Version         =                    3.4.4
 Compile date    =              06 Apr 2026

 Compile options:
    MPIFC        = mpif90
    FLINK        = $(MPIFC)
    FMPI_LIB     = (none)
    FMPI_INC     = (none)
    FFLAGS       = -O3
    FLINKFLAGS   = $(FFLAGS)
    RAND         = randi8


 Please send feedbacks and/or the results of this run to:

 NPB Development Team 
 Internet: npb@nas.nasa.gov


### mpirun 2 2026-07-04 17:41:55

 NAS Parallel Benchmarks 3.4 -- EP Benchmark

 Number of random numbers generated:   2199023255552  (class E)
 Total number of processes:                       64

EP Benchmark Results:

CPU Time =   395.625
N = 2^   40
No. Gaussian Pairs =  863554308186.
Sums =     6.890169663166355D+11    6.890164670690535D+11
Counts:
  0  402472491787.
  1  384285547773.
  2   72139715664.
  3    4547154685.
  4     108408570.
  5        986325.
  6          3374.
  7             8.
  8             0.
  9             0.


 EP Benchmark Completed.
 Class           =                        E
 Size            =            2199023255552
 Iterations      =                        0
 Time in seconds =                   395.63
 Total processes =                       64
 Active processes=                       64
 Mop/s total     =                  5558.35
 Mop/s/process   =                    86.85
 Operation type  = Random numbers generated
 Verification    =               SUCCESSFUL
 Version         =                    3.4.4
 Compile date    =              06 Apr 2026

 Compile options:
    MPIFC        = mpif90
    FLINK        = $(MPIFC)
    FMPI_LIB     = (none)
    FMPI_INC     = (none)
    FFLAGS       = -O3
    FLINKFLAGS   = $(FFLAGS)
    RAND         = randi8


 Please send feedbacks and/or the results of this run to:

 NPB Development Team 
 Internet: npb@nas.nasa.gov


### mpirun 3 2026-07-04 17:48:33

 NAS Parallel Benchmarks 3.4 -- EP Benchmark

 Number of random numbers generated:   2199023255552  (class E)
 Total number of processes:                       64

EP Benchmark Results:

CPU Time =   404.447
N = 2^   40
No. Gaussian Pairs =  863554308186.
Sums =     6.890169663166355D+11    6.890164670690535D+11
Counts:
  0  402472491787.
  1  384285547773.
  2   72139715664.
  3    4547154685.
  4     108408570.
  5        986325.
  6          3374.
  7             8.
  8             0.
  9             0.


 EP Benchmark Completed.
 Class           =                        E
 Size            =            2199023255552
 Iterations      =                        0
 Time in seconds =                   404.45
 Total processes =                       64
 Active processes=                       64
 Mop/s total     =                  5437.11
 Mop/s/process   =                    84.95
 Operation type  = Random numbers generated
 Verification    =               SUCCESSFUL
 Version         =                    3.4.4
 Compile date    =              06 Apr 2026

 Compile options:
    MPIFC        = mpif90
    FLINK        = $(MPIFC)
    FMPI_LIB     = (none)
    FMPI_INC     = (none)
    FFLAGS       = -O3
    FLINKFLAGS   = $(FFLAGS)
    RAND         = randi8


 Please send feedbacks and/or the results of this run to:

 NPB Development Team 
 Internet: npb@nas.nasa.gov


### mpirun 4 2026-07-04 17:55:19

 NAS Parallel Benchmarks 3.4 -- EP Benchmark

 Number of random numbers generated:   2199023255552  (class E)
 Total number of processes:                       64

EP Benchmark Results:

CPU Time =   441.274
N = 2^   40
No. Gaussian Pairs =  863554308186.
Sums =     6.890169663166355D+11    6.890164670690535D+11
Counts:
  0  402472491787.
  1  384285547773.
  2   72139715664.
  3    4547154685.
  4     108408570.
  5        986325.
  6          3374.
  7             8.
  8             0.
  9             0.


 EP Benchmark Completed.
 Class           =                        E
 Size            =            2199023255552
 Iterations      =                        0
 Time in seconds =                   441.27
 Total processes =                       64
 Active processes=                       64
 Mop/s total     =                  4983.35
 Mop/s/process   =                    77.86
 Operation type  = Random numbers generated
 Verification    =               SUCCESSFUL
 Version         =                    3.4.4
 Compile date    =              06 Apr 2026

 Compile options:
    MPIFC        = mpif90
    FLINK        = $(MPIFC)
    FMPI_LIB     = (none)
    FMPI_INC     = (none)
    FFLAGS       = -O3
    FLINKFLAGS   = $(FFLAGS)
    RAND         = randi8


 Please send feedbacks and/or the results of this run to:

 NPB Development Team 
 Internet: npb@nas.nasa.gov


# RUN: half_ccd_RR ep.E.x ep.E.x
## RANKFILE 1:
rank 0=m33 slot=0
rank 1=m33 slot=8
rank 2=m33 slot=16
rank 3=m33 slot=24
rank 4=m33 slot=32
rank 5=m33 slot=40
rank 6=m33 slot=48
rank 7=m33 slot=56
rank 8=m33 slot=64
rank 9=m33 slot=72
rank 10=m33 slot=80
rank 11=m33 slot=88
rank 12=m33 slot=96
rank 13=m33 slot=104
rank 14=m33 slot=112
rank 15=m33 slot=120
rank 16=m33 slot=1
rank 17=m33 slot=9
rank 18=m33 slot=17
rank 19=m33 slot=25
rank 20=m33 slot=33
rank 21=m33 slot=41
rank 22=m33 slot=49
rank 23=m33 slot=57
rank 24=m33 slot=65
rank 25=m33 slot=73
rank 26=m33 slot=81
rank 27=m33 slot=89
rank 28=m33 slot=97
rank 29=m33 slot=105
rank 30=m33 slot=113
rank 31=m33 slot=121
rank 32=m33 slot=2
rank 33=m33 slot=10
rank 34=m33 slot=18
rank 35=m33 slot=26
rank 36=m33 slot=34
rank 37=m33 slot=42
rank 38=m33 slot=50
rank 39=m33 slot=58
rank 40=m33 slot=66
rank 41=m33 slot=74
rank 42=m33 slot=82
rank 43=m33 slot=90
rank 44=m33 slot=98
rank 45=m33 slot=106
rank 46=m33 slot=114
rank 47=m33 slot=122
rank 48=m33 slot=3
rank 49=m33 slot=11
rank 50=m33 slot=19
rank 51=m33 slot=27
rank 52=m33 slot=35
rank 53=m33 slot=43
rank 54=m33 slot=51
rank 55=m33 slot=59
rank 56=m33 slot=67
rank 57=m33 slot=75
rank 58=m33 slot=83
rank 59=m33 slot=91
rank 60=m33 slot=99
rank 61=m33 slot=107
rank 62=m33 slot=115
rank 63=m33 slot=123
## RANKFILE 2:
rank 0=m33 slot=4
rank 1=m33 slot=12
rank 2=m33 slot=20
rank 3=m33 slot=28
rank 4=m33 slot=36
rank 5=m33 slot=44
rank 6=m33 slot=52
rank 7=m33 slot=60
rank 8=m33 slot=68
rank 9=m33 slot=76
rank 10=m33 slot=84
rank 11=m33 slot=92
rank 12=m33 slot=100
rank 13=m33 slot=108
rank 14=m33 slot=116
rank 15=m33 slot=124
rank 16=m33 slot=5
rank 17=m33 slot=13
rank 18=m33 slot=21
rank 19=m33 slot=29
rank 20=m33 slot=37
rank 21=m33 slot=45
rank 22=m33 slot=53
rank 23=m33 slot=61
rank 24=m33 slot=69
rank 25=m33 slot=77
rank 26=m33 slot=85
rank 27=m33 slot=93
rank 28=m33 slot=101
rank 29=m33 slot=109
rank 30=m33 slot=117
rank 31=m33 slot=125
rank 32=m33 slot=6
rank 33=m33 slot=14
rank 34=m33 slot=22
rank 35=m33 slot=30
rank 36=m33 slot=38
rank 37=m33 slot=46
rank 38=m33 slot=54
rank 39=m33 slot=62
rank 40=m33 slot=70
rank 41=m33 slot=78
rank 42=m33 slot=86
rank 43=m33 slot=94
rank 44=m33 slot=102
rank 45=m33 slot=110
rank 46=m33 slot=118
rank 47=m33 slot=126
rank 48=m33 slot=7
rank 49=m33 slot=15
rank 50=m33 slot=23
rank 51=m33 slot=31
rank 52=m33 slot=39
rank 53=m33 slot=47
rank 54=m33 slot=55
rank 55=m33 slot=63
rank 56=m33 slot=71
rank 57=m33 slot=79
rank 58=m33 slot=87
rank 59=m33 slot=95
rank 60=m33 slot=103
rank 61=m33 slot=111
rank 62=m33 slot=119
rank 63=m33 slot=127
## REPORT 1:
Rank 0: Node m33, CPU core 0, NUMA node 0
Rank 1: Node m33, CPU core 8, NUMA node 0
Rank 2: Node m33, CPU core 16, NUMA node 1
Rank 3: Node m33, CPU core 24, NUMA node 1
Rank 4: Node m33, CPU core 32, NUMA node 2
Rank 5: Node m33, CPU core 40, NUMA node 2
Rank 6: Node m33, CPU core 48, NUMA node 3
Rank 7: Node m33, CPU core 56, NUMA node 3
Rank 8: Node m33, CPU core 64, NUMA node 4
Rank 9: Node m33, CPU core 72, NUMA node 4
Rank 10: Node m33, CPU core 80, NUMA node 5
Rank 11: Node m33, CPU core 88, NUMA node 5
Rank 12: Node m33, CPU core 96, NUMA node 6
Rank 13: Node m33, CPU core 104, NUMA node 6
Rank 14: Node m33, CPU core 112, NUMA node 7
Rank 15: Node m33, CPU core 120, NUMA node 7
Rank 16: Node m33, CPU core 1, NUMA node 0
Rank 17: Node m33, CPU core 9, NUMA node 0
Rank 18: Node m33, CPU core 17, NUMA node 1
Rank 19: Node m33, CPU core 25, NUMA node 1
Rank 20: Node m33, CPU core 33, NUMA node 2
Rank 21: Node m33, CPU core 41, NUMA node 2
Rank 22: Node m33, CPU core 49, NUMA node 3
Rank 23: Node m33, CPU core 57, NUMA node 3
Rank 24: Node m33, CPU core 65, NUMA node 4
Rank 25: Node m33, CPU core 73, NUMA node 4
Rank 26: Node m33, CPU core 81, NUMA node 5
Rank 27: Node m33, CPU core 89, NUMA node 5
Rank 28: Node m33, CPU core 97, NUMA node 6
Rank 29: Node m33, CPU core 105, NUMA node 6
Rank 30: Node m33, CPU core 113, NUMA node 7
Rank 31: Node m33, CPU core 121, NUMA node 7
Rank 32: Node m33, CPU core 2, NUMA node 0
Rank 33: Node m33, CPU core 10, NUMA node 0
Rank 34: Node m33, CPU core 18, NUMA node 1
Rank 35: Node m33, CPU core 26, NUMA node 1
Rank 36: Node m33, CPU core 34, NUMA node 2
Rank 37: Node m33, CPU core 42, NUMA node 2
Rank 38: Node m33, CPU core 50, NUMA node 3
Rank 39: Node m33, CPU core 58, NUMA node 3
Rank 40: Node m33, CPU core 66, NUMA node 4
Rank 41: Node m33, CPU core 74, NUMA node 4
Rank 42: Node m33, CPU core 82, NUMA node 5
Rank 43: Node m33, CPU core 90, NUMA node 5
Rank 44: Node m33, CPU core 98, NUMA node 6
Rank 45: Node m33, CPU core 106, NUMA node 6
Rank 46: Node m33, CPU core 114, NUMA node 7
Rank 47: Node m33, CPU core 122, NUMA node 7
Rank 48: Node m33, CPU core 3, NUMA node 0
Rank 49: Node m33, CPU core 11, NUMA node 0
Rank 50: Node m33, CPU core 19, NUMA node 1
Rank 51: Node m33, CPU core 27, NUMA node 1
Rank 52: Node m33, CPU core 35, NUMA node 2
Rank 53: Node m33, CPU core 43, NUMA node 2
Rank 54: Node m33, CPU core 51, NUMA node 3
Rank 55: Node m33, CPU core 59, NUMA node 3
Rank 56: Node m33, CPU core 67, NUMA node 4
Rank 57: Node m33, CPU core 75, NUMA node 4
Rank 58: Node m33, CPU core 83, NUMA node 5
Rank 59: Node m33, CPU core 91, NUMA node 5
Rank 60: Node m33, CPU core 99, NUMA node 6
Rank 61: Node m33, CPU core 107, NUMA node 6
Rank 62: Node m33, CPU core 115, NUMA node 7
Rank 63: Node m33, CPU core 123, NUMA node 7

===== SUMMARY =====

----- NODE: m33 -----
CPU cores used: 0 8 16 24 32 40 48 56 64 72 80 88 96 104 112 120 1 9 17 25 33 41 49 57 65 73 81 89 97 105 113 121 2 10 18 26 34 42 50 58 66 74 82 90 98 106 114 122 3 11 19 27 35 43 51 59 67 75 83 91 99 107 115 123 
NUMA nodes used: 0 1 2 3 4 5 6 7 
## REPORT 2:
Rank 0: Node m33, CPU core 4, NUMA node 0
Rank 1: Node m33, CPU core 12, NUMA node 0
Rank 2: Node m33, CPU core 20, NUMA node 1
Rank 3: Node m33, CPU core 28, NUMA node 1
Rank 4: Node m33, CPU core 36, NUMA node 2
Rank 5: Node m33, CPU core 44, NUMA node 2
Rank 6: Node m33, CPU core 52, NUMA node 3
Rank 7: Node m33, CPU core 60, NUMA node 3
Rank 8: Node m33, CPU core 68, NUMA node 4
Rank 9: Node m33, CPU core 76, NUMA node 4
Rank 10: Node m33, CPU core 84, NUMA node 5
Rank 11: Node m33, CPU core 92, NUMA node 5
Rank 12: Node m33, CPU core 100, NUMA node 6
Rank 13: Node m33, CPU core 108, NUMA node 6
Rank 14: Node m33, CPU core 116, NUMA node 7
Rank 15: Node m33, CPU core 124, NUMA node 7
Rank 16: Node m33, CPU core 5, NUMA node 0
Rank 17: Node m33, CPU core 13, NUMA node 0
Rank 18: Node m33, CPU core 21, NUMA node 1
Rank 19: Node m33, CPU core 29, NUMA node 1
Rank 20: Node m33, CPU core 37, NUMA node 2
Rank 21: Node m33, CPU core 45, NUMA node 2
Rank 22: Node m33, CPU core 53, NUMA node 3
Rank 23: Node m33, CPU core 61, NUMA node 3
Rank 24: Node m33, CPU core 69, NUMA node 4
Rank 25: Node m33, CPU core 77, NUMA node 4
Rank 26: Node m33, CPU core 85, NUMA node 5
Rank 27: Node m33, CPU core 93, NUMA node 5
Rank 28: Node m33, CPU core 101, NUMA node 6
Rank 29: Node m33, CPU core 109, NUMA node 6
Rank 30: Node m33, CPU core 117, NUMA node 7
Rank 31: Node m33, CPU core 125, NUMA node 7
Rank 32: Node m33, CPU core 6, NUMA node 0
Rank 33: Node m33, CPU core 14, NUMA node 0
Rank 34: Node m33, CPU core 22, NUMA node 1
Rank 35: Node m33, CPU core 30, NUMA node 1
Rank 36: Node m33, CPU core 38, NUMA node 2
Rank 37: Node m33, CPU core 46, NUMA node 2
Rank 38: Node m33, CPU core 54, NUMA node 3
Rank 39: Node m33, CPU core 62, NUMA node 3
Rank 40: Node m33, CPU core 70, NUMA node 4
Rank 41: Node m33, CPU core 78, NUMA node 4
Rank 42: Node m33, CPU core 86, NUMA node 5
Rank 43: Node m33, CPU core 94, NUMA node 5
Rank 44: Node m33, CPU core 102, NUMA node 6
Rank 45: Node m33, CPU core 110, NUMA node 6
Rank 46: Node m33, CPU core 118, NUMA node 7
Rank 47: Node m33, CPU core 126, NUMA node 7
Rank 48: Node m33, CPU core 7, NUMA node 0
Rank 49: Node m33, CPU core 15, NUMA node 0
Rank 50: Node m33, CPU core 23, NUMA node 1
Rank 51: Node m33, CPU core 31, NUMA node 1
Rank 52: Node m33, CPU core 39, NUMA node 2
Rank 53: Node m33, CPU core 47, NUMA node 2
Rank 54: Node m33, CPU core 55, NUMA node 3
Rank 55: Node m33, CPU core 63, NUMA node 3
Rank 56: Node m33, CPU core 71, NUMA node 4
Rank 57: Node m33, CPU core 79, NUMA node 4
Rank 58: Node m33, CPU core 87, NUMA node 5
Rank 59: Node m33, CPU core 95, NUMA node 5
Rank 60: Node m33, CPU core 103, NUMA node 6
Rank 61: Node m33, CPU core 111, NUMA node 6
Rank 62: Node m33, CPU core 119, NUMA node 7
Rank 63: Node m33, CPU core 127, NUMA node 7

===== SUMMARY =====

----- NODE: m33 -----
CPU cores used: 4 12 20 28 36 44 52 60 68 76 84 92 100 108 116 124 5 13 21 29 37 45 53 61 69 77 85 93 101 109 117 125 6 14 22 30 38 46 54 62 70 78 86 94 102 110 118 126 7 15 23 31 39 47 55 63 71 79 87 95 103 111 119 127 
NUMA nodes used: 0 1 2 3 4 5 6 7 
## EXECUTE:
### mpirun 1 2026-07-04 18:02:47
### mpirun 1 2026-07-04 18:02:47
### mpirun 2 2026-07-04 18:09:27
### mpirun 2 2026-07-04 18:09:44
### mpirun 3 2026-07-04 18:15:56
### mpirun 3 2026-07-04 18:16:34
### mpirun 4 2026-07-04 18:22:25
## BENCH 1:
### mpirun 1 2026-07-04 18:02:47

 NAS Parallel Benchmarks 3.4 -- EP Benchmark

 Number of random numbers generated:   2199023255552  (class E)
 Total number of processes:                       64

EP Benchmark Results:

CPU Time =   396.675
N = 2^   40
No. Gaussian Pairs =  863554308186.
Sums =     6.890169663166355D+11    6.890164670690535D+11
Counts:
  0  402472491787.
  1  384285547773.
  2   72139715664.
  3    4547154685.
  4     108408570.
  5        986325.
  6          3374.
  7             8.
  8             0.
  9             0.


 EP Benchmark Completed.
 Class           =                        E
 Size            =            2199023255552
 Iterations      =                        0
 Time in seconds =                   396.67
 Total processes =                       64
 Active processes=                       64
 Mop/s total     =                  5543.65
 Mop/s/process   =                    86.62
 Operation type  = Random numbers generated
 Verification    =               SUCCESSFUL
 Version         =                    3.4.4
 Compile date    =              06 Apr 2026

 Compile options:
    MPIFC        = mpif90
    FLINK        = $(MPIFC)
    FMPI_LIB     = (none)
    FMPI_INC     = (none)
    FFLAGS       = -O3
    FLINKFLAGS   = $(FFLAGS)
    RAND         = randi8


 Please send feedbacks and/or the results of this run to:

 NPB Development Team 
 Internet: npb@nas.nasa.gov


### mpirun 2 2026-07-04 18:09:27

 NAS Parallel Benchmarks 3.4 -- EP Benchmark

 Number of random numbers generated:   2199023255552  (class E)
 Total number of processes:                       64

EP Benchmark Results:

CPU Time =   386.504
N = 2^   40
No. Gaussian Pairs =  863554308186.
Sums =     6.890169663166355D+11    6.890164670690535D+11
Counts:
  0  402472491787.
  1  384285547773.
  2   72139715664.
  3    4547154685.
  4     108408570.
  5        986325.
  6          3374.
  7             8.
  8             0.
  9             0.


 EP Benchmark Completed.
 Class           =                        E
 Size            =            2199023255552
 Iterations      =                        0
 Time in seconds =                   386.50
 Total processes =                       64
 Active processes=                       64
 Mop/s total     =                  5689.52
 Mop/s/process   =                    88.90
 Operation type  = Random numbers generated
 Verification    =               SUCCESSFUL
 Version         =                    3.4.4
 Compile date    =              06 Apr 2026

 Compile options:
    MPIFC        = mpif90
    FLINK        = $(MPIFC)
    FMPI_LIB     = (none)
    FMPI_INC     = (none)
    FFLAGS       = -O3
    FLINKFLAGS   = $(FFLAGS)
    RAND         = randi8


 Please send feedbacks and/or the results of this run to:

 NPB Development Team 
 Internet: npb@nas.nasa.gov


### mpirun 3 2026-07-04 18:15:56

 NAS Parallel Benchmarks 3.4 -- EP Benchmark

 Number of random numbers generated:   2199023255552  (class E)
 Total number of processes:                       64

EP Benchmark Results:

CPU Time =   387.143
N = 2^   40
No. Gaussian Pairs =  863554308186.
Sums =     6.890169663166355D+11    6.890164670690535D+11
Counts:
  0  402472491787.
  1  384285547773.
  2   72139715664.
  3    4547154685.
  4     108408570.
  5        986325.
  6          3374.
  7             8.
  8             0.
  9             0.


 EP Benchmark Completed.
 Class           =                        E
 Size            =            2199023255552
 Iterations      =                        0
 Time in seconds =                   387.14
 Total processes =                       64
 Active processes=                       64
 Mop/s total     =                  5680.13
 Mop/s/process   =                    88.75
 Operation type  = Random numbers generated
 Verification    =               SUCCESSFUL
 Version         =                    3.4.4
 Compile date    =              06 Apr 2026

 Compile options:
    MPIFC        = mpif90
    FLINK        = $(MPIFC)
    FMPI_LIB     = (none)
    FMPI_INC     = (none)
    FFLAGS       = -O3
    FLINKFLAGS   = $(FFLAGS)
    RAND         = randi8


 Please send feedbacks and/or the results of this run to:

 NPB Development Team 
 Internet: npb@nas.nasa.gov


### mpirun 4 2026-07-04 18:22:25

 NAS Parallel Benchmarks 3.4 -- EP Benchmark

 Number of random numbers generated:   2199023255552  (class E)
 Total number of processes:                       64

EP Benchmark Results:

CPU Time =   387.272
N = 2^   40
No. Gaussian Pairs =  863554308186.
Sums =     6.890169663166355D+11    6.890164670690535D+11
Counts:
  0  402472491787.
  1  384285547773.
  2   72139715664.
  3    4547154685.
  4     108408570.
  5        986325.
  6          3374.
  7             8.
  8             0.
  9             0.


 EP Benchmark Completed.
 Class           =                        E
 Size            =            2199023255552
 Iterations      =                        0
 Time in seconds =                   387.27
 Total processes =                       64
 Active processes=                       64
 Mop/s total     =                  5678.25
 Mop/s/process   =                    88.72
 Operation type  = Random numbers generated
 Verification    =               SUCCESSFUL
 Version         =                    3.4.4
 Compile date    =              06 Apr 2026

 Compile options:
    MPIFC        = mpif90
    FLINK        = $(MPIFC)
    FMPI_LIB     = (none)
    FMPI_INC     = (none)
    FFLAGS       = -O3
    FLINKFLAGS   = $(FFLAGS)
    RAND         = randi8


 Please send feedbacks and/or the results of this run to:

 NPB Development Team 
 Internet: npb@nas.nasa.gov


## BENCH 2:
### mpirun 1 2026-07-04 18:02:47

 NAS Parallel Benchmarks 3.4 -- EP Benchmark

 Number of random numbers generated:   2199023255552  (class E)
 Total number of processes:                       64

EP Benchmark Results:

CPU Time =   413.450
N = 2^   40
No. Gaussian Pairs =  863554308186.
Sums =     6.890169663166355D+11    6.890164670690535D+11
Counts:
  0  402472491787.
  1  384285547773.
  2   72139715664.
  3    4547154685.
  4     108408570.
  5        986325.
  6          3374.
  7             8.
  8             0.
  9             0.


 EP Benchmark Completed.
 Class           =                        E
 Size            =            2199023255552
 Iterations      =                        0
 Time in seconds =                   413.45
 Total processes =                       64
 Active processes=                       64
 Mop/s total     =                  5318.72
 Mop/s/process   =                    83.11
 Operation type  = Random numbers generated
 Verification    =               SUCCESSFUL
 Version         =                    3.4.4
 Compile date    =              06 Apr 2026

 Compile options:
    MPIFC        = mpif90
    FLINK        = $(MPIFC)
    FMPI_LIB     = (none)
    FMPI_INC     = (none)
    FFLAGS       = -O3
    FLINKFLAGS   = $(FFLAGS)
    RAND         = randi8


 Please send feedbacks and/or the results of this run to:

 NPB Development Team 
 Internet: npb@nas.nasa.gov


### mpirun 2 2026-07-04 18:09:44

 NAS Parallel Benchmarks 3.4 -- EP Benchmark

 Number of random numbers generated:   2199023255552  (class E)
 Total number of processes:                       64

EP Benchmark Results:

CPU Time =   408.183
N = 2^   40
No. Gaussian Pairs =  863554308186.
Sums =     6.890169663166355D+11    6.890164670690535D+11
Counts:
  0  402472491787.
  1  384285547773.
  2   72139715664.
  3    4547154685.
  4     108408570.
  5        986325.
  6          3374.
  7             8.
  8             0.
  9             0.


 EP Benchmark Completed.
 Class           =                        E
 Size            =            2199023255552
 Iterations      =                        0
 Time in seconds =                   408.18
 Total processes =                       64
 Active processes=                       64
 Mop/s total     =                  5387.34
 Mop/s/process   =                    84.18
 Operation type  = Random numbers generated
 Verification    =               SUCCESSFUL
 Version         =                    3.4.4
 Compile date    =              06 Apr 2026

 Compile options:
    MPIFC        = mpif90
    FLINK        = $(MPIFC)
    FMPI_LIB     = (none)
    FMPI_INC     = (none)
    FFLAGS       = -O3
    FLINKFLAGS   = $(FFLAGS)
    RAND         = randi8


 Please send feedbacks and/or the results of this run to:

 NPB Development Team 
 Internet: npb@nas.nasa.gov


### mpirun 3 2026-07-04 18:16:34

 NAS Parallel Benchmarks 3.4 -- EP Benchmark

 Number of random numbers generated:   2199023255552  (class E)
 Total number of processes:                       64

EP Benchmark Results:

CPU Time =   415.783
N = 2^   40
No. Gaussian Pairs =  863554308186.
Sums =     6.890169663166355D+11    6.890164670690535D+11
Counts:
  0  402472491787.
  1  384285547773.
  2   72139715664.
  3    4547154685.
  4     108408570.
  5        986325.
  6          3374.
  7             8.
  8             0.
  9             0.


 EP Benchmark Completed.
 Class           =                        E
 Size            =            2199023255552
 Iterations      =                        0
 Time in seconds =                   415.78
 Total processes =                       64
 Active processes=                       64
 Mop/s total     =                  5288.87
 Mop/s/process   =                    82.64
 Operation type  = Random numbers generated
 Verification    =               SUCCESSFUL
 Version         =                    3.4.4
 Compile date    =              06 Apr 2026

 Compile options:
    MPIFC        = mpif90
    FLINK        = $(MPIFC)
    FMPI_LIB     = (none)
    FMPI_INC     = (none)
    FFLAGS       = -O3
    FLINKFLAGS   = $(FFLAGS)
    RAND         = randi8


 Please send feedbacks and/or the results of this run to:

 NPB Development Team 
 Internet: npb@nas.nasa.gov


