# RUN: half_node_IO mg.E.x ft.D.x
## RANKFILE 1:
rank 0=m25 slot=0
rank 1=m25 slot=1
rank 2=m25 slot=2
rank 3=m25 slot=3
rank 4=m25 slot=4
rank 5=m25 slot=5
rank 6=m25 slot=6
rank 7=m25 slot=7
rank 8=m25 slot=8
rank 9=m25 slot=9
rank 10=m25 slot=10
rank 11=m25 slot=11
rank 12=m25 slot=12
rank 13=m25 slot=13
rank 14=m25 slot=14
rank 15=m25 slot=15
rank 16=m25 slot=16
rank 17=m25 slot=17
rank 18=m25 slot=18
rank 19=m25 slot=19
rank 20=m25 slot=20
rank 21=m25 slot=21
rank 22=m25 slot=22
rank 23=m25 slot=23
rank 24=m25 slot=24
rank 25=m25 slot=25
rank 26=m25 slot=26
rank 27=m25 slot=27
rank 28=m25 slot=28
rank 29=m25 slot=29
rank 30=m25 slot=30
rank 31=m25 slot=31
rank 32=m25 slot=32
rank 33=m25 slot=33
rank 34=m25 slot=34
rank 35=m25 slot=35
rank 36=m25 slot=36
rank 37=m25 slot=37
rank 38=m25 slot=38
rank 39=m25 slot=39
rank 40=m25 slot=40
rank 41=m25 slot=41
rank 42=m25 slot=42
rank 43=m25 slot=43
rank 44=m25 slot=44
rank 45=m25 slot=45
rank 46=m25 slot=46
rank 47=m25 slot=47
rank 48=m25 slot=48
rank 49=m25 slot=49
rank 50=m25 slot=50
rank 51=m25 slot=51
rank 52=m25 slot=52
rank 53=m25 slot=53
rank 54=m25 slot=54
rank 55=m25 slot=55
rank 56=m25 slot=56
rank 57=m25 slot=57
rank 58=m25 slot=58
rank 59=m25 slot=59
rank 60=m25 slot=60
rank 61=m25 slot=61
rank 62=m25 slot=62
rank 63=m25 slot=63
## RANKFILE 2:
rank 0=m25 slot=64
rank 1=m25 slot=65
rank 2=m25 slot=66
rank 3=m25 slot=67
rank 4=m25 slot=68
rank 5=m25 slot=69
rank 6=m25 slot=70
rank 7=m25 slot=71
rank 8=m25 slot=72
rank 9=m25 slot=73
rank 10=m25 slot=74
rank 11=m25 slot=75
rank 12=m25 slot=76
rank 13=m25 slot=77
rank 14=m25 slot=78
rank 15=m25 slot=79
rank 16=m25 slot=80
rank 17=m25 slot=81
rank 18=m25 slot=82
rank 19=m25 slot=83
rank 20=m25 slot=84
rank 21=m25 slot=85
rank 22=m25 slot=86
rank 23=m25 slot=87
rank 24=m25 slot=88
rank 25=m25 slot=89
rank 26=m25 slot=90
rank 27=m25 slot=91
rank 28=m25 slot=92
rank 29=m25 slot=93
rank 30=m25 slot=94
rank 31=m25 slot=95
rank 32=m25 slot=96
rank 33=m25 slot=97
rank 34=m25 slot=98
rank 35=m25 slot=99
rank 36=m25 slot=100
rank 37=m25 slot=101
rank 38=m25 slot=102
rank 39=m25 slot=103
rank 40=m25 slot=104
rank 41=m25 slot=105
rank 42=m25 slot=106
rank 43=m25 slot=107
rank 44=m25 slot=108
rank 45=m25 slot=109
rank 46=m25 slot=110
rank 47=m25 slot=111
rank 48=m25 slot=112
rank 49=m25 slot=113
rank 50=m25 slot=114
rank 51=m25 slot=115
rank 52=m25 slot=116
rank 53=m25 slot=117
rank 54=m25 slot=118
rank 55=m25 slot=119
rank 56=m25 slot=120
rank 57=m25 slot=121
rank 58=m25 slot=122
rank 59=m25 slot=123
rank 60=m25 slot=124
rank 61=m25 slot=125
rank 62=m25 slot=126
rank 63=m25 slot=127
## REPORT 1:
Rank 0: Node m25, CPU core 0, NUMA node 0
Rank 1: Node m25, CPU core 1, NUMA node 0
Rank 2: Node m25, CPU core 2, NUMA node 0
Rank 3: Node m25, CPU core 3, NUMA node 0
Rank 4: Node m25, CPU core 4, NUMA node 0
Rank 5: Node m25, CPU core 5, NUMA node 0
Rank 6: Node m25, CPU core 6, NUMA node 0
Rank 7: Node m25, CPU core 7, NUMA node 0
Rank 8: Node m25, CPU core 8, NUMA node 0
Rank 9: Node m25, CPU core 9, NUMA node 0
Rank 10: Node m25, CPU core 10, NUMA node 0
Rank 11: Node m25, CPU core 11, NUMA node 0
Rank 12: Node m25, CPU core 12, NUMA node 0
Rank 13: Node m25, CPU core 13, NUMA node 0
Rank 14: Node m25, CPU core 14, NUMA node 0
Rank 15: Node m25, CPU core 15, NUMA node 0
Rank 16: Node m25, CPU core 16, NUMA node 1
Rank 17: Node m25, CPU core 17, NUMA node 1
Rank 18: Node m25, CPU core 18, NUMA node 1
Rank 19: Node m25, CPU core 19, NUMA node 1
Rank 20: Node m25, CPU core 20, NUMA node 1
Rank 21: Node m25, CPU core 21, NUMA node 1
Rank 22: Node m25, CPU core 22, NUMA node 1
Rank 23: Node m25, CPU core 23, NUMA node 1
Rank 24: Node m25, CPU core 24, NUMA node 1
Rank 25: Node m25, CPU core 25, NUMA node 1
Rank 26: Node m25, CPU core 26, NUMA node 1
Rank 27: Node m25, CPU core 27, NUMA node 1
Rank 28: Node m25, CPU core 28, NUMA node 1
Rank 29: Node m25, CPU core 29, NUMA node 1
Rank 30: Node m25, CPU core 30, NUMA node 1
Rank 31: Node m25, CPU core 31, NUMA node 1
Rank 32: Node m25, CPU core 32, NUMA node 2
Rank 33: Node m25, CPU core 33, NUMA node 2
Rank 34: Node m25, CPU core 34, NUMA node 2
Rank 35: Node m25, CPU core 35, NUMA node 2
Rank 36: Node m25, CPU core 36, NUMA node 2
Rank 37: Node m25, CPU core 37, NUMA node 2
Rank 38: Node m25, CPU core 38, NUMA node 2
Rank 39: Node m25, CPU core 39, NUMA node 2
Rank 40: Node m25, CPU core 40, NUMA node 2
Rank 41: Node m25, CPU core 41, NUMA node 2
Rank 42: Node m25, CPU core 42, NUMA node 2
Rank 43: Node m25, CPU core 43, NUMA node 2
Rank 44: Node m25, CPU core 44, NUMA node 2
Rank 45: Node m25, CPU core 45, NUMA node 2
Rank 46: Node m25, CPU core 46, NUMA node 2
Rank 47: Node m25, CPU core 47, NUMA node 2
Rank 48: Node m25, CPU core 48, NUMA node 3
Rank 49: Node m25, CPU core 49, NUMA node 3
Rank 50: Node m25, CPU core 50, NUMA node 3
Rank 51: Node m25, CPU core 51, NUMA node 3
Rank 52: Node m25, CPU core 52, NUMA node 3
Rank 53: Node m25, CPU core 53, NUMA node 3
Rank 54: Node m25, CPU core 54, NUMA node 3
Rank 55: Node m25, CPU core 55, NUMA node 3
Rank 56: Node m25, CPU core 56, NUMA node 3
Rank 57: Node m25, CPU core 57, NUMA node 3
Rank 58: Node m25, CPU core 58, NUMA node 3
Rank 59: Node m25, CPU core 59, NUMA node 3
Rank 60: Node m25, CPU core 60, NUMA node 3
Rank 61: Node m25, CPU core 61, NUMA node 3
Rank 62: Node m25, CPU core 62, NUMA node 3
Rank 63: Node m25, CPU core 63, NUMA node 3

===== SUMMARY =====

----- NODE: m25 -----
CPU cores used: 0 1 2 3 4 5 6 7 8 9 10 11 12 13 14 15 16 17 18 19 20 21 22 23 24 25 26 27 28 29 30 31 32 33 34 35 36 37 38 39 40 41 42 43 44 45 46 47 48 49 50 51 52 53 54 55 56 57 58 59 60 61 62 63 
NUMA nodes used: 0 1 2 3 
## REPORT 2:
Rank 0: Node m25, CPU core 64, NUMA node 4
Rank 1: Node m25, CPU core 65, NUMA node 4
Rank 2: Node m25, CPU core 66, NUMA node 4
Rank 3: Node m25, CPU core 67, NUMA node 4
Rank 4: Node m25, CPU core 68, NUMA node 4
Rank 5: Node m25, CPU core 69, NUMA node 4
Rank 6: Node m25, CPU core 70, NUMA node 4
Rank 7: Node m25, CPU core 71, NUMA node 4
Rank 8: Node m25, CPU core 72, NUMA node 4
Rank 9: Node m25, CPU core 73, NUMA node 4
Rank 10: Node m25, CPU core 74, NUMA node 4
Rank 11: Node m25, CPU core 75, NUMA node 4
Rank 12: Node m25, CPU core 76, NUMA node 4
Rank 13: Node m25, CPU core 77, NUMA node 4
Rank 14: Node m25, CPU core 78, NUMA node 4
Rank 15: Node m25, CPU core 79, NUMA node 4
Rank 16: Node m25, CPU core 80, NUMA node 5
Rank 17: Node m25, CPU core 81, NUMA node 5
Rank 18: Node m25, CPU core 82, NUMA node 5
Rank 19: Node m25, CPU core 83, NUMA node 5
Rank 20: Node m25, CPU core 84, NUMA node 5
Rank 21: Node m25, CPU core 85, NUMA node 5
Rank 22: Node m25, CPU core 86, NUMA node 5
Rank 23: Node m25, CPU core 87, NUMA node 5
Rank 24: Node m25, CPU core 88, NUMA node 5
Rank 25: Node m25, CPU core 89, NUMA node 5
Rank 26: Node m25, CPU core 90, NUMA node 5
Rank 27: Node m25, CPU core 91, NUMA node 5
Rank 28: Node m25, CPU core 92, NUMA node 5
Rank 29: Node m25, CPU core 93, NUMA node 5
Rank 30: Node m25, CPU core 94, NUMA node 5
Rank 31: Node m25, CPU core 95, NUMA node 5
Rank 32: Node m25, CPU core 96, NUMA node 6
Rank 33: Node m25, CPU core 97, NUMA node 6
Rank 34: Node m25, CPU core 98, NUMA node 6
Rank 35: Node m25, CPU core 99, NUMA node 6
Rank 36: Node m25, CPU core 100, NUMA node 6
Rank 37: Node m25, CPU core 101, NUMA node 6
Rank 38: Node m25, CPU core 102, NUMA node 6
Rank 39: Node m25, CPU core 103, NUMA node 6
Rank 40: Node m25, CPU core 104, NUMA node 6
Rank 41: Node m25, CPU core 105, NUMA node 6
Rank 42: Node m25, CPU core 106, NUMA node 6
Rank 43: Node m25, CPU core 107, NUMA node 6
Rank 44: Node m25, CPU core 108, NUMA node 6
Rank 45: Node m25, CPU core 109, NUMA node 6
Rank 46: Node m25, CPU core 110, NUMA node 6
Rank 47: Node m25, CPU core 111, NUMA node 6
Rank 48: Node m25, CPU core 112, NUMA node 7
Rank 49: Node m25, CPU core 113, NUMA node 7
Rank 50: Node m25, CPU core 114, NUMA node 7
Rank 51: Node m25, CPU core 115, NUMA node 7
Rank 52: Node m25, CPU core 116, NUMA node 7
Rank 53: Node m25, CPU core 117, NUMA node 7
Rank 54: Node m25, CPU core 118, NUMA node 7
Rank 55: Node m25, CPU core 119, NUMA node 7
Rank 56: Node m25, CPU core 120, NUMA node 7
Rank 57: Node m25, CPU core 121, NUMA node 7
Rank 58: Node m25, CPU core 122, NUMA node 7
Rank 59: Node m25, CPU core 123, NUMA node 7
Rank 60: Node m25, CPU core 124, NUMA node 7
Rank 61: Node m25, CPU core 125, NUMA node 7
Rank 62: Node m25, CPU core 126, NUMA node 7
Rank 63: Node m25, CPU core 127, NUMA node 7

===== SUMMARY =====

----- NODE: m25 -----
CPU cores used: 64 65 66 67 68 69 70 71 72 73 74 75 76 77 78 79 80 81 82 83 84 85 86 87 88 89 90 91 92 93 94 95 96 97 98 99 100 101 102 103 104 105 106 107 108 109 110 111 112 113 114 115 116 117 118 119 120 121 122 123 124 125 126 127 
NUMA nodes used: 4 5 6 7 
## EXECUTE:
### mpirun 1 2026-07-05 20:57:18
### mpirun 1 2026-07-05 20:57:18
### mpirun 2 2026-07-05 20:59:42
### mpirun 3 2026-07-05 21:02:04
### mpirun 4 2026-07-05 21:04:27
### mpirun 2 2026-07-05 21:06:02
### mpirun 5 2026-07-05 21:06:51
### mpirun 6 2026-07-05 21:09:14
### mpirun 7 2026-07-05 21:11:37
### mpirun 8 2026-07-05 21:13:59
### mpirun 3 2026-07-05 21:14:43
### mpirun 9 2026-07-05 21:16:22
### mpirun 10 2026-07-05 21:18:45
### mpirun 11 2026-07-05 21:21:08
## BENCH 1:
### mpirun 1 2026-07-05 20:57:18


 NAS Parallel Benchmarks 3.4 -- MG Benchmark

 No input file. Using compiled defaults 
 Size: 2048x2048x2048  (class E)
 Iterations:   50
 Total number of processes:     64


 Initialization time:          22.276 seconds

  iter    1
  iter    5
  iter   10
  iter   15
  iter   20
  iter   25
  iter   30
  iter   35
  iter   40
  iter   45
  iter   50

 Benchmark completed 
 VERIFICATION SUCCESSFUL 
 L2 Norm is  0.5630442584583E-10
 Error is    0.2268381496319E-10


 MG Benchmark Completed.
 Class           =                        E
 Size            =           2048x2048x2048
 Iterations      =                       50
 Time in seconds =                   496.96
 Total processes =                       64
 Active processes=                       64
 Mop/s total     =                 50126.10
 Mop/s/process   =                   783.22
 Operation type  =           floating point
 Verification    =               SUCCESSFUL
 Version         =                    3.4.4
 Compile date    =              06 Apr 2026

 Compile options:
    MPIFC        = mpif90
    FLINK        = $(MPIFC)
    FMPI_LIB     = (none)
    FMPI_INC     = (none)
    FFLAGS       = -O3
    FLINKFLAGS   = $(FFLAGS)
    RAND         = randi8


 Please send feedbacks and/or the results of this run to:

 NPB Development Team 
 Internet: npb@nas.nasa.gov


### mpirun 2 2026-07-05 21:06:02


 NAS Parallel Benchmarks 3.4 -- MG Benchmark

 No input file. Using compiled defaults 
 Size: 2048x2048x2048  (class E)
 Iterations:   50
 Total number of processes:     64


 Initialization time:          22.380 seconds

  iter    1
  iter    5
  iter   10
  iter   15
  iter   20
  iter   25
  iter   30
  iter   35
  iter   40
  iter   45
  iter   50

 Benchmark completed 
 VERIFICATION SUCCESSFUL 
 L2 Norm is  0.5630442584583E-10
 Error is    0.2268381496319E-10


 MG Benchmark Completed.
 Class           =                        E
 Size            =           2048x2048x2048
 Iterations      =                       50
 Time in seconds =                   497.07
 Total processes =                       64
 Active processes=                       64
 Mop/s total     =                 50115.53
 Mop/s/process   =                   783.06
 Operation type  =           floating point
 Verification    =               SUCCESSFUL
 Version         =                    3.4.4
 Compile date    =              06 Apr 2026

 Compile options:
    MPIFC        = mpif90
    FLINK        = $(MPIFC)
    FMPI_LIB     = (none)
    FMPI_INC     = (none)
    FFLAGS       = -O3
    FLINKFLAGS   = $(FFLAGS)
    RAND         = randi8


 Please send feedbacks and/or the results of this run to:

 NPB Development Team 
 Internet: npb@nas.nasa.gov


### mpirun 3 2026-07-05 21:14:43


 NAS Parallel Benchmarks 3.4 -- MG Benchmark

 No input file. Using compiled defaults 
 Size: 2048x2048x2048  (class E)
 Iterations:   50
 Total number of processes:     64


 Initialization time:          22.328 seconds

  iter    1
  iter    5
  iter   10
  iter   15
  iter   20
  iter   25
  iter   30
  iter   35
  iter   40
  iter   45
  iter   50

 Benchmark completed 
 VERIFICATION SUCCESSFUL 
 L2 Norm is  0.5630442584583E-10
 Error is    0.2268381496319E-10


 MG Benchmark Completed.
 Class           =                        E
 Size            =           2048x2048x2048
 Iterations      =                       50
 Time in seconds =                   497.06
 Total processes =                       64
 Active processes=                       64
 Mop/s total     =                 50116.59
 Mop/s/process   =                   783.07
 Operation type  =           floating point
 Verification    =               SUCCESSFUL
 Version         =                    3.4.4
 Compile date    =              06 Apr 2026

 Compile options:
    MPIFC        = mpif90
    FLINK        = $(MPIFC)
    FMPI_LIB     = (none)
    FMPI_INC     = (none)
    FFLAGS       = -O3
    FLINKFLAGS   = $(FFLAGS)
    RAND         = randi8


 Please send feedbacks and/or the results of this run to:

 NPB Development Team 
 Internet: npb@nas.nasa.gov


## BENCH 2:
### mpirun 1 2026-07-05 20:57:18


 NAS Parallel Benchmarks 3.4 -- FT Benchmark

 No input file inputft.data. Using compiled defaults
 Size                : 2048x1024x1024  (class D)
 Iterations          :             25
 Number of processes :             64
 Processor array     :         1x  64
 Layout type         :             1D

 Initialization time =      6.8392

 T =    1     Checksum =    5.122230065252D+02    5.118534037109D+02
 T =    2     Checksum =    5.120463975765D+02    5.117061181082D+02
 T =    3     Checksum =    5.119865766760D+02    5.117096364601D+02
 T =    4     Checksum =    5.119518799488D+02    5.117373863950D+02
 T =    5     Checksum =    5.119269088223D+02    5.117680347632D+02
 T =    6     Checksum =    5.119082416858D+02    5.117967875532D+02
 T =    7     Checksum =    5.118943814638D+02    5.118225281841D+02
 T =    8     Checksum =    5.118842385057D+02    5.118451629348D+02
 T =    9     Checksum =    5.118769435632D+02    5.118649119387D+02
 T =   10     Checksum =    5.118718203448D+02    5.118820803844D+02
 T =   11     Checksum =    5.118683569061D+02    5.118969781011D+02
 T =   12     Checksum =    5.118661708593D+02    5.119098918835D+02
 T =   13     Checksum =    5.118649768950D+02    5.119210777066D+02
 T =   14     Checksum =    5.118645605626D+02    5.119307604484D+02
 T =   15     Checksum =    5.118647586618D+02    5.119391362671D+02
 T =   16     Checksum =    5.118654451572D+02    5.119463757241D+02
 T =   17     Checksum =    5.118665212451D+02    5.119526269238D+02
 T =   18     Checksum =    5.118679083821D+02    5.119580184108D+02
 T =   19     Checksum =    5.118695433664D+02    5.119626617538D+02
 T =   20     Checksum =    5.118713748264D+02    5.119666538138D+02
 T =   21     Checksum =    5.118733606701D+02    5.119700787219D+02
 T =   22     Checksum =    5.118754661974D+02    5.119730095953D+02
 T =   23     Checksum =    5.118776626738D+02    5.119755100241D+02
 T =   24     Checksum =    5.118799262314D+02    5.119776353561D+02
 T =   25     Checksum =    5.118822370068D+02    5.119794338060D+02
 Result verification successful


 FT Benchmark Completed.
 Class           =                        D
 Size            =           2048x1024x1024
 Iterations      =                       25
 Time in seconds =                   132.70
 Total processes =                       64
 Active processes=                       64
 Mop/s total     =                 67548.32
 Mop/s/process   =                  1055.44
 Operation type  =           floating point
 Verification    =               SUCCESSFUL
 Version         =                    3.4.4
 Compile date    =              06 Apr 2026

 Compile options:
    MPIFC        = mpif90
    FLINK        = $(MPIFC)
    FMPI_LIB     = (none)
    FMPI_INC     = (none)
    FFLAGS       = -O3
    FLINKFLAGS   = $(FFLAGS)
    RAND         = randi8


 Please send feedbacks and/or the results of this run to:

 NPB Development Team 
 Internet: npb@nas.nasa.gov


### mpirun 2 2026-07-05 20:59:42


 NAS Parallel Benchmarks 3.4 -- FT Benchmark

 No input file inputft.data. Using compiled defaults
 Size                : 2048x1024x1024  (class D)
 Iterations          :             25
 Number of processes :             64
 Processor array     :         1x  64
 Layout type         :             1D

 Initialization time =      6.8835

 T =    1     Checksum =    5.122230065252D+02    5.118534037109D+02
 T =    2     Checksum =    5.120463975765D+02    5.117061181082D+02
 T =    3     Checksum =    5.119865766760D+02    5.117096364601D+02
 T =    4     Checksum =    5.119518799488D+02    5.117373863950D+02
 T =    5     Checksum =    5.119269088223D+02    5.117680347632D+02
 T =    6     Checksum =    5.119082416858D+02    5.117967875532D+02
 T =    7     Checksum =    5.118943814638D+02    5.118225281841D+02
 T =    8     Checksum =    5.118842385057D+02    5.118451629348D+02
 T =    9     Checksum =    5.118769435632D+02    5.118649119387D+02
 T =   10     Checksum =    5.118718203448D+02    5.118820803844D+02
 T =   11     Checksum =    5.118683569061D+02    5.118969781011D+02
 T =   12     Checksum =    5.118661708593D+02    5.119098918835D+02
 T =   13     Checksum =    5.118649768950D+02    5.119210777066D+02
 T =   14     Checksum =    5.118645605626D+02    5.119307604484D+02
 T =   15     Checksum =    5.118647586618D+02    5.119391362671D+02
 T =   16     Checksum =    5.118654451572D+02    5.119463757241D+02
 T =   17     Checksum =    5.118665212451D+02    5.119526269238D+02
 T =   18     Checksum =    5.118679083821D+02    5.119580184108D+02
 T =   19     Checksum =    5.118695433664D+02    5.119626617538D+02
 T =   20     Checksum =    5.118713748264D+02    5.119666538138D+02
 T =   21     Checksum =    5.118733606701D+02    5.119700787219D+02
 T =   22     Checksum =    5.118754661974D+02    5.119730095953D+02
 T =   23     Checksum =    5.118776626738D+02    5.119755100241D+02
 T =   24     Checksum =    5.118799262314D+02    5.119776353561D+02
 T =   25     Checksum =    5.118822370068D+02    5.119794338060D+02
 Result verification successful


 FT Benchmark Completed.
 Class           =                        D
 Size            =           2048x1024x1024
 Iterations      =                       25
 Time in seconds =                   133.31
 Total processes =                       64
 Active processes=                       64
 Mop/s total     =                 67238.68
 Mop/s/process   =                  1050.60
 Operation type  =           floating point
 Verification    =               SUCCESSFUL
 Version         =                    3.4.4
 Compile date    =              06 Apr 2026

 Compile options:
    MPIFC        = mpif90
    FLINK        = $(MPIFC)
    FMPI_LIB     = (none)
    FMPI_INC     = (none)
    FFLAGS       = -O3
    FLINKFLAGS   = $(FFLAGS)
    RAND         = randi8


 Please send feedbacks and/or the results of this run to:

 NPB Development Team 
 Internet: npb@nas.nasa.gov


### mpirun 3 2026-07-05 21:02:04


 NAS Parallel Benchmarks 3.4 -- FT Benchmark

 No input file inputft.data. Using compiled defaults
 Size                : 2048x1024x1024  (class D)
 Iterations          :             25
 Number of processes :             64
 Processor array     :         1x  64
 Layout type         :             1D

 Initialization time =      7.0129

 T =    1     Checksum =    5.122230065252D+02    5.118534037109D+02
 T =    2     Checksum =    5.120463975765D+02    5.117061181082D+02
 T =    3     Checksum =    5.119865766760D+02    5.117096364601D+02
 T =    4     Checksum =    5.119518799488D+02    5.117373863950D+02
 T =    5     Checksum =    5.119269088223D+02    5.117680347632D+02
 T =    6     Checksum =    5.119082416858D+02    5.117967875532D+02
 T =    7     Checksum =    5.118943814638D+02    5.118225281841D+02
 T =    8     Checksum =    5.118842385057D+02    5.118451629348D+02
 T =    9     Checksum =    5.118769435632D+02    5.118649119387D+02
 T =   10     Checksum =    5.118718203448D+02    5.118820803844D+02
 T =   11     Checksum =    5.118683569061D+02    5.118969781011D+02
 T =   12     Checksum =    5.118661708593D+02    5.119098918835D+02
 T =   13     Checksum =    5.118649768950D+02    5.119210777066D+02
 T =   14     Checksum =    5.118645605626D+02    5.119307604484D+02
 T =   15     Checksum =    5.118647586618D+02    5.119391362671D+02
 T =   16     Checksum =    5.118654451572D+02    5.119463757241D+02
 T =   17     Checksum =    5.118665212451D+02    5.119526269238D+02
 T =   18     Checksum =    5.118679083821D+02    5.119580184108D+02
 T =   19     Checksum =    5.118695433664D+02    5.119626617538D+02
 T =   20     Checksum =    5.118713748264D+02    5.119666538138D+02
 T =   21     Checksum =    5.118733606701D+02    5.119700787219D+02
 T =   22     Checksum =    5.118754661974D+02    5.119730095953D+02
 T =   23     Checksum =    5.118776626738D+02    5.119755100241D+02
 T =   24     Checksum =    5.118799262314D+02    5.119776353561D+02
 T =   25     Checksum =    5.118822370068D+02    5.119794338060D+02
 Result verification successful


 FT Benchmark Completed.
 Class           =                        D
 Size            =           2048x1024x1024
 Iterations      =                       25
 Time in seconds =                   135.11
 Total processes =                       64
 Active processes=                       64
 Mop/s total     =                 66343.07
 Mop/s/process   =                  1036.61
 Operation type  =           floating point
 Verification    =               SUCCESSFUL
 Version         =                    3.4.4
 Compile date    =              06 Apr 2026

 Compile options:
    MPIFC        = mpif90
    FLINK        = $(MPIFC)
    FMPI_LIB     = (none)
    FMPI_INC     = (none)
    FFLAGS       = -O3
    FLINKFLAGS   = $(FFLAGS)
    RAND         = randi8


 Please send feedbacks and/or the results of this run to:

 NPB Development Team 
 Internet: npb@nas.nasa.gov


### mpirun 4 2026-07-05 21:04:27


 NAS Parallel Benchmarks 3.4 -- FT Benchmark

 No input file inputft.data. Using compiled defaults
 Size                : 2048x1024x1024  (class D)
 Iterations          :             25
 Number of processes :             64
 Processor array     :         1x  64
 Layout type         :             1D

 Initialization time =      7.0115

 T =    1     Checksum =    5.122230065252D+02    5.118534037109D+02
 T =    2     Checksum =    5.120463975765D+02    5.117061181082D+02
 T =    3     Checksum =    5.119865766760D+02    5.117096364601D+02
 T =    4     Checksum =    5.119518799488D+02    5.117373863950D+02
 T =    5     Checksum =    5.119269088223D+02    5.117680347632D+02
 T =    6     Checksum =    5.119082416858D+02    5.117967875532D+02
 T =    7     Checksum =    5.118943814638D+02    5.118225281841D+02
 T =    8     Checksum =    5.118842385057D+02    5.118451629348D+02
 T =    9     Checksum =    5.118769435632D+02    5.118649119387D+02
 T =   10     Checksum =    5.118718203448D+02    5.118820803844D+02
 T =   11     Checksum =    5.118683569061D+02    5.118969781011D+02
 T =   12     Checksum =    5.118661708593D+02    5.119098918835D+02
 T =   13     Checksum =    5.118649768950D+02    5.119210777066D+02
 T =   14     Checksum =    5.118645605626D+02    5.119307604484D+02
 T =   15     Checksum =    5.118647586618D+02    5.119391362671D+02
 T =   16     Checksum =    5.118654451572D+02    5.119463757241D+02
 T =   17     Checksum =    5.118665212451D+02    5.119526269238D+02
 T =   18     Checksum =    5.118679083821D+02    5.119580184108D+02
 T =   19     Checksum =    5.118695433664D+02    5.119626617538D+02
 T =   20     Checksum =    5.118713748264D+02    5.119666538138D+02
 T =   21     Checksum =    5.118733606701D+02    5.119700787219D+02
 T =   22     Checksum =    5.118754661974D+02    5.119730095953D+02
 T =   23     Checksum =    5.118776626738D+02    5.119755100241D+02
 T =   24     Checksum =    5.118799262314D+02    5.119776353561D+02
 T =   25     Checksum =    5.118822370068D+02    5.119794338060D+02
 Result verification successful


 FT Benchmark Completed.
 Class           =                        D
 Size            =           2048x1024x1024
 Iterations      =                       25
 Time in seconds =                   134.66
 Total processes =                       64
 Active processes=                       64
 Mop/s total     =                 66565.29
 Mop/s/process   =                  1040.08
 Operation type  =           floating point
 Verification    =               SUCCESSFUL
 Version         =                    3.4.4
 Compile date    =              06 Apr 2026

 Compile options:
    MPIFC        = mpif90
    FLINK        = $(MPIFC)
    FMPI_LIB     = (none)
    FMPI_INC     = (none)
    FFLAGS       = -O3
    FLINKFLAGS   = $(FFLAGS)
    RAND         = randi8


 Please send feedbacks and/or the results of this run to:

 NPB Development Team 
 Internet: npb@nas.nasa.gov


### mpirun 5 2026-07-05 21:06:51


 NAS Parallel Benchmarks 3.4 -- FT Benchmark

 No input file inputft.data. Using compiled defaults
 Size                : 2048x1024x1024  (class D)
 Iterations          :             25
 Number of processes :             64
 Processor array     :         1x  64
 Layout type         :             1D

 Initialization time =      6.9269

 T =    1     Checksum =    5.122230065252D+02    5.118534037109D+02
 T =    2     Checksum =    5.120463975765D+02    5.117061181082D+02
 T =    3     Checksum =    5.119865766760D+02    5.117096364601D+02
 T =    4     Checksum =    5.119518799488D+02    5.117373863950D+02
 T =    5     Checksum =    5.119269088223D+02    5.117680347632D+02
 T =    6     Checksum =    5.119082416858D+02    5.117967875532D+02
 T =    7     Checksum =    5.118943814638D+02    5.118225281841D+02
 T =    8     Checksum =    5.118842385057D+02    5.118451629348D+02
 T =    9     Checksum =    5.118769435632D+02    5.118649119387D+02
 T =   10     Checksum =    5.118718203448D+02    5.118820803844D+02
 T =   11     Checksum =    5.118683569061D+02    5.118969781011D+02
 T =   12     Checksum =    5.118661708593D+02    5.119098918835D+02
 T =   13     Checksum =    5.118649768950D+02    5.119210777066D+02
 T =   14     Checksum =    5.118645605626D+02    5.119307604484D+02
 T =   15     Checksum =    5.118647586618D+02    5.119391362671D+02
 T =   16     Checksum =    5.118654451572D+02    5.119463757241D+02
 T =   17     Checksum =    5.118665212451D+02    5.119526269238D+02
 T =   18     Checksum =    5.118679083821D+02    5.119580184108D+02
 T =   19     Checksum =    5.118695433664D+02    5.119626617538D+02
 T =   20     Checksum =    5.118713748264D+02    5.119666538138D+02
 T =   21     Checksum =    5.118733606701D+02    5.119700787219D+02
 T =   22     Checksum =    5.118754661974D+02    5.119730095953D+02
 T =   23     Checksum =    5.118776626738D+02    5.119755100241D+02
 T =   24     Checksum =    5.118799262314D+02    5.119776353561D+02
 T =   25     Checksum =    5.118822370068D+02    5.119794338060D+02
 Result verification successful


 FT Benchmark Completed.
 Class           =                        D
 Size            =           2048x1024x1024
 Iterations      =                       25
 Time in seconds =                   134.83
 Total processes =                       64
 Active processes=                       64
 Mop/s total     =                 66484.01
 Mop/s/process   =                  1038.81
 Operation type  =           floating point
 Verification    =               SUCCESSFUL
 Version         =                    3.4.4
 Compile date    =              06 Apr 2026

 Compile options:
    MPIFC        = mpif90
    FLINK        = $(MPIFC)
    FMPI_LIB     = (none)
    FMPI_INC     = (none)
    FFLAGS       = -O3
    FLINKFLAGS   = $(FFLAGS)
    RAND         = randi8


 Please send feedbacks and/or the results of this run to:

 NPB Development Team 
 Internet: npb@nas.nasa.gov


### mpirun 6 2026-07-05 21:09:14


 NAS Parallel Benchmarks 3.4 -- FT Benchmark

 No input file inputft.data. Using compiled defaults
 Size                : 2048x1024x1024  (class D)
 Iterations          :             25
 Number of processes :             64
 Processor array     :         1x  64
 Layout type         :             1D

 Initialization time =      7.0926

 T =    1     Checksum =    5.122230065252D+02    5.118534037109D+02
 T =    2     Checksum =    5.120463975765D+02    5.117061181082D+02
 T =    3     Checksum =    5.119865766760D+02    5.117096364601D+02
 T =    4     Checksum =    5.119518799488D+02    5.117373863950D+02
 T =    5     Checksum =    5.119269088223D+02    5.117680347632D+02
 T =    6     Checksum =    5.119082416858D+02    5.117967875532D+02
 T =    7     Checksum =    5.118943814638D+02    5.118225281841D+02
 T =    8     Checksum =    5.118842385057D+02    5.118451629348D+02
 T =    9     Checksum =    5.118769435632D+02    5.118649119387D+02
 T =   10     Checksum =    5.118718203448D+02    5.118820803844D+02
 T =   11     Checksum =    5.118683569061D+02    5.118969781011D+02
 T =   12     Checksum =    5.118661708593D+02    5.119098918835D+02
 T =   13     Checksum =    5.118649768950D+02    5.119210777066D+02
 T =   14     Checksum =    5.118645605626D+02    5.119307604484D+02
 T =   15     Checksum =    5.118647586618D+02    5.119391362671D+02
 T =   16     Checksum =    5.118654451572D+02    5.119463757241D+02
 T =   17     Checksum =    5.118665212451D+02    5.119526269238D+02
 T =   18     Checksum =    5.118679083821D+02    5.119580184108D+02
 T =   19     Checksum =    5.118695433664D+02    5.119626617538D+02
 T =   20     Checksum =    5.118713748264D+02    5.119666538138D+02
 T =   21     Checksum =    5.118733606701D+02    5.119700787219D+02
 T =   22     Checksum =    5.118754661974D+02    5.119730095953D+02
 T =   23     Checksum =    5.118776626738D+02    5.119755100241D+02
 T =   24     Checksum =    5.118799262314D+02    5.119776353561D+02
 T =   25     Checksum =    5.118822370068D+02    5.119794338060D+02
 Result verification successful


 FT Benchmark Completed.
 Class           =                        D
 Size            =           2048x1024x1024
 Iterations      =                       25
 Time in seconds =                   134.26
 Total processes =                       64
 Active processes=                       64
 Mop/s total     =                 66765.72
 Mop/s/process   =                  1043.21
 Operation type  =           floating point
 Verification    =               SUCCESSFUL
 Version         =                    3.4.4
 Compile date    =              06 Apr 2026

 Compile options:
    MPIFC        = mpif90
    FLINK        = $(MPIFC)
    FMPI_LIB     = (none)
    FMPI_INC     = (none)
    FFLAGS       = -O3
    FLINKFLAGS   = $(FFLAGS)
    RAND         = randi8


 Please send feedbacks and/or the results of this run to:

 NPB Development Team 
 Internet: npb@nas.nasa.gov


### mpirun 7 2026-07-05 21:11:37


 NAS Parallel Benchmarks 3.4 -- FT Benchmark

 No input file inputft.data. Using compiled defaults
 Size                : 2048x1024x1024  (class D)
 Iterations          :             25
 Number of processes :             64
 Processor array     :         1x  64
 Layout type         :             1D

 Initialization time =      6.9846

 T =    1     Checksum =    5.122230065252D+02    5.118534037109D+02
 T =    2     Checksum =    5.120463975765D+02    5.117061181082D+02
 T =    3     Checksum =    5.119865766760D+02    5.117096364601D+02
 T =    4     Checksum =    5.119518799488D+02    5.117373863950D+02
 T =    5     Checksum =    5.119269088223D+02    5.117680347632D+02
 T =    6     Checksum =    5.119082416858D+02    5.117967875532D+02
 T =    7     Checksum =    5.118943814638D+02    5.118225281841D+02
 T =    8     Checksum =    5.118842385057D+02    5.118451629348D+02
 T =    9     Checksum =    5.118769435632D+02    5.118649119387D+02
 T =   10     Checksum =    5.118718203448D+02    5.118820803844D+02
 T =   11     Checksum =    5.118683569061D+02    5.118969781011D+02
 T =   12     Checksum =    5.118661708593D+02    5.119098918835D+02
 T =   13     Checksum =    5.118649768950D+02    5.119210777066D+02
 T =   14     Checksum =    5.118645605626D+02    5.119307604484D+02
 T =   15     Checksum =    5.118647586618D+02    5.119391362671D+02
 T =   16     Checksum =    5.118654451572D+02    5.119463757241D+02
 T =   17     Checksum =    5.118665212451D+02    5.119526269238D+02
 T =   18     Checksum =    5.118679083821D+02    5.119580184108D+02
 T =   19     Checksum =    5.118695433664D+02    5.119626617538D+02
 T =   20     Checksum =    5.118713748264D+02    5.119666538138D+02
 T =   21     Checksum =    5.118733606701D+02    5.119700787219D+02
 T =   22     Checksum =    5.118754661974D+02    5.119730095953D+02
 T =   23     Checksum =    5.118776626738D+02    5.119755100241D+02
 T =   24     Checksum =    5.118799262314D+02    5.119776353561D+02
 T =   25     Checksum =    5.118822370068D+02    5.119794338060D+02
 Result verification successful


 FT Benchmark Completed.
 Class           =                        D
 Size            =           2048x1024x1024
 Iterations      =                       25
 Time in seconds =                   133.86
 Total processes =                       64
 Active processes=                       64
 Mop/s total     =                 66962.46
 Mop/s/process   =                  1046.29
 Operation type  =           floating point
 Verification    =               SUCCESSFUL
 Version         =                    3.4.4
 Compile date    =              06 Apr 2026

 Compile options:
    MPIFC        = mpif90
    FLINK        = $(MPIFC)
    FMPI_LIB     = (none)
    FMPI_INC     = (none)
    FFLAGS       = -O3
    FLINKFLAGS   = $(FFLAGS)
    RAND         = randi8


 Please send feedbacks and/or the results of this run to:

 NPB Development Team 
 Internet: npb@nas.nasa.gov


### mpirun 8 2026-07-05 21:13:59


 NAS Parallel Benchmarks 3.4 -- FT Benchmark

 No input file inputft.data. Using compiled defaults
 Size                : 2048x1024x1024  (class D)
 Iterations          :             25
 Number of processes :             64
 Processor array     :         1x  64
 Layout type         :             1D

 Initialization time =      6.8787

 T =    1     Checksum =    5.122230065252D+02    5.118534037109D+02
 T =    2     Checksum =    5.120463975765D+02    5.117061181082D+02
 T =    3     Checksum =    5.119865766760D+02    5.117096364601D+02
 T =    4     Checksum =    5.119518799488D+02    5.117373863950D+02
 T =    5     Checksum =    5.119269088223D+02    5.117680347632D+02
 T =    6     Checksum =    5.119082416858D+02    5.117967875532D+02
 T =    7     Checksum =    5.118943814638D+02    5.118225281841D+02
 T =    8     Checksum =    5.118842385057D+02    5.118451629348D+02
 T =    9     Checksum =    5.118769435632D+02    5.118649119387D+02
 T =   10     Checksum =    5.118718203448D+02    5.118820803844D+02
 T =   11     Checksum =    5.118683569061D+02    5.118969781011D+02
 T =   12     Checksum =    5.118661708593D+02    5.119098918835D+02
 T =   13     Checksum =    5.118649768950D+02    5.119210777066D+02
 T =   14     Checksum =    5.118645605626D+02    5.119307604484D+02
 T =   15     Checksum =    5.118647586618D+02    5.119391362671D+02
 T =   16     Checksum =    5.118654451572D+02    5.119463757241D+02
 T =   17     Checksum =    5.118665212451D+02    5.119526269238D+02
 T =   18     Checksum =    5.118679083821D+02    5.119580184108D+02
 T =   19     Checksum =    5.118695433664D+02    5.119626617538D+02
 T =   20     Checksum =    5.118713748264D+02    5.119666538138D+02
 T =   21     Checksum =    5.118733606701D+02    5.119700787219D+02
 T =   22     Checksum =    5.118754661974D+02    5.119730095953D+02
 T =   23     Checksum =    5.118776626738D+02    5.119755100241D+02
 T =   24     Checksum =    5.118799262314D+02    5.119776353561D+02
 T =   25     Checksum =    5.118822370068D+02    5.119794338060D+02
 Result verification successful


 FT Benchmark Completed.
 Class           =                        D
 Size            =           2048x1024x1024
 Iterations      =                       25
 Time in seconds =                   134.82
 Total processes =                       64
 Active processes=                       64
 Mop/s total     =                 66488.76
 Mop/s/process   =                  1038.89
 Operation type  =           floating point
 Verification    =               SUCCESSFUL
 Version         =                    3.4.4
 Compile date    =              06 Apr 2026

 Compile options:
    MPIFC        = mpif90
    FLINK        = $(MPIFC)
    FMPI_LIB     = (none)
    FMPI_INC     = (none)
    FFLAGS       = -O3
    FLINKFLAGS   = $(FFLAGS)
    RAND         = randi8


 Please send feedbacks and/or the results of this run to:

 NPB Development Team 
 Internet: npb@nas.nasa.gov


### mpirun 9 2026-07-05 21:16:22


 NAS Parallel Benchmarks 3.4 -- FT Benchmark

 No input file inputft.data. Using compiled defaults
 Size                : 2048x1024x1024  (class D)
 Iterations          :             25
 Number of processes :             64
 Processor array     :         1x  64
 Layout type         :             1D

 Initialization time =      6.8971

 T =    1     Checksum =    5.122230065252D+02    5.118534037109D+02
 T =    2     Checksum =    5.120463975765D+02    5.117061181082D+02
 T =    3     Checksum =    5.119865766760D+02    5.117096364601D+02
 T =    4     Checksum =    5.119518799488D+02    5.117373863950D+02
 T =    5     Checksum =    5.119269088223D+02    5.117680347632D+02
 T =    6     Checksum =    5.119082416858D+02    5.117967875532D+02
 T =    7     Checksum =    5.118943814638D+02    5.118225281841D+02
 T =    8     Checksum =    5.118842385057D+02    5.118451629348D+02
 T =    9     Checksum =    5.118769435632D+02    5.118649119387D+02
 T =   10     Checksum =    5.118718203448D+02    5.118820803844D+02
 T =   11     Checksum =    5.118683569061D+02    5.118969781011D+02
 T =   12     Checksum =    5.118661708593D+02    5.119098918835D+02
 T =   13     Checksum =    5.118649768950D+02    5.119210777066D+02
 T =   14     Checksum =    5.118645605626D+02    5.119307604484D+02
 T =   15     Checksum =    5.118647586618D+02    5.119391362671D+02
 T =   16     Checksum =    5.118654451572D+02    5.119463757241D+02
 T =   17     Checksum =    5.118665212451D+02    5.119526269238D+02
 T =   18     Checksum =    5.118679083821D+02    5.119580184108D+02
 T =   19     Checksum =    5.118695433664D+02    5.119626617538D+02
 T =   20     Checksum =    5.118713748264D+02    5.119666538138D+02
 T =   21     Checksum =    5.118733606701D+02    5.119700787219D+02
 T =   22     Checksum =    5.118754661974D+02    5.119730095953D+02
 T =   23     Checksum =    5.118776626738D+02    5.119755100241D+02
 T =   24     Checksum =    5.118799262314D+02    5.119776353561D+02
 T =   25     Checksum =    5.118822370068D+02    5.119794338060D+02
 Result verification successful


 FT Benchmark Completed.
 Class           =                        D
 Size            =           2048x1024x1024
 Iterations      =                       25
 Time in seconds =                   134.01
 Total processes =                       64
 Active processes=                       64
 Mop/s total     =                 66886.33
 Mop/s/process   =                  1045.10
 Operation type  =           floating point
 Verification    =               SUCCESSFUL
 Version         =                    3.4.4
 Compile date    =              06 Apr 2026

 Compile options:
    MPIFC        = mpif90
    FLINK        = $(MPIFC)
    FMPI_LIB     = (none)
    FMPI_INC     = (none)
    FFLAGS       = -O3
    FLINKFLAGS   = $(FFLAGS)
    RAND         = randi8


 Please send feedbacks and/or the results of this run to:

 NPB Development Team 
 Internet: npb@nas.nasa.gov


### mpirun 10 2026-07-05 21:18:45


 NAS Parallel Benchmarks 3.4 -- FT Benchmark

 No input file inputft.data. Using compiled defaults
 Size                : 2048x1024x1024  (class D)
 Iterations          :             25
 Number of processes :             64
 Processor array     :         1x  64
 Layout type         :             1D

 Initialization time =      7.0845

 T =    1     Checksum =    5.122230065252D+02    5.118534037109D+02
 T =    2     Checksum =    5.120463975765D+02    5.117061181082D+02
 T =    3     Checksum =    5.119865766760D+02    5.117096364601D+02
 T =    4     Checksum =    5.119518799488D+02    5.117373863950D+02
 T =    5     Checksum =    5.119269088223D+02    5.117680347632D+02
 T =    6     Checksum =    5.119082416858D+02    5.117967875532D+02
 T =    7     Checksum =    5.118943814638D+02    5.118225281841D+02
 T =    8     Checksum =    5.118842385057D+02    5.118451629348D+02
 T =    9     Checksum =    5.118769435632D+02    5.118649119387D+02
 T =   10     Checksum =    5.118718203448D+02    5.118820803844D+02
 T =   11     Checksum =    5.118683569061D+02    5.118969781011D+02
 T =   12     Checksum =    5.118661708593D+02    5.119098918835D+02
 T =   13     Checksum =    5.118649768950D+02    5.119210777066D+02
 T =   14     Checksum =    5.118645605626D+02    5.119307604484D+02
 T =   15     Checksum =    5.118647586618D+02    5.119391362671D+02
 T =   16     Checksum =    5.118654451572D+02    5.119463757241D+02
 T =   17     Checksum =    5.118665212451D+02    5.119526269238D+02
 T =   18     Checksum =    5.118679083821D+02    5.119580184108D+02
 T =   19     Checksum =    5.118695433664D+02    5.119626617538D+02
 T =   20     Checksum =    5.118713748264D+02    5.119666538138D+02
 T =   21     Checksum =    5.118733606701D+02    5.119700787219D+02
 T =   22     Checksum =    5.118754661974D+02    5.119730095953D+02
 T =   23     Checksum =    5.118776626738D+02    5.119755100241D+02
 T =   24     Checksum =    5.118799262314D+02    5.119776353561D+02
 T =   25     Checksum =    5.118822370068D+02    5.119794338060D+02
 Result verification successful


 FT Benchmark Completed.
 Class           =                        D
 Size            =           2048x1024x1024
 Iterations      =                       25
 Time in seconds =                   134.47
 Total processes =                       64
 Active processes=                       64
 Mop/s total     =                 66660.35
 Mop/s/process   =                  1041.57
 Operation type  =           floating point
 Verification    =               SUCCESSFUL
 Version         =                    3.4.4
 Compile date    =              06 Apr 2026

 Compile options:
    MPIFC        = mpif90
    FLINK        = $(MPIFC)
    FMPI_LIB     = (none)
    FMPI_INC     = (none)
    FFLAGS       = -O3
    FLINKFLAGS   = $(FFLAGS)
    RAND         = randi8


 Please send feedbacks and/or the results of this run to:

 NPB Development Team 
 Internet: npb@nas.nasa.gov


### mpirun 11 2026-07-05 21:21:08


 NAS Parallel Benchmarks 3.4 -- FT Benchmark

 No input file inputft.data. Using compiled defaults
 Size                : 2048x1024x1024  (class D)
 Iterations          :             25
 Number of processes :             64
 Processor array     :         1x  64
 Layout type         :             1D

 Initialization time =      7.0516

 T =    1     Checksum =    5.122230065252D+02    5.118534037109D+02
 T =    2     Checksum =    5.120463975765D+02    5.117061181082D+02
 T =    3     Checksum =    5.119865766760D+02    5.117096364601D+02
 T =    4     Checksum =    5.119518799488D+02    5.117373863950D+02
 T =    5     Checksum =    5.119269088223D+02    5.117680347632D+02
 T =    6     Checksum =    5.119082416858D+02    5.117967875532D+02
 T =    7     Checksum =    5.118943814638D+02    5.118225281841D+02
 T =    8     Checksum =    5.118842385057D+02    5.118451629348D+02
 T =    9     Checksum =    5.118769435632D+02    5.118649119387D+02
 T =   10     Checksum =    5.118718203448D+02    5.118820803844D+02
 T =   11     Checksum =    5.118683569061D+02    5.118969781011D+02
 T =   12     Checksum =    5.118661708593D+02    5.119098918835D+02
 T =   13     Checksum =    5.118649768950D+02    5.119210777066D+02
 T =   14     Checksum =    5.118645605626D+02    5.119307604484D+02
 T =   15     Checksum =    5.118647586618D+02    5.119391362671D+02
 T =   16     Checksum =    5.118654451572D+02    5.119463757241D+02
 T =   17     Checksum =    5.118665212451D+02    5.119526269238D+02
 T =   18     Checksum =    5.118679083821D+02    5.119580184108D+02
 T =   19     Checksum =    5.118695433664D+02    5.119626617538D+02
 T =   20     Checksum =    5.118713748264D+02    5.119666538138D+02
 T =   21     Checksum =    5.118733606701D+02    5.119700787219D+02
 T =   22     Checksum =    5.118754661974D+02    5.119730095953D+02
 T =   23     Checksum =    5.118776626738D+02    5.119755100241D+02
 T =   24     Checksum =    5.118799262314D+02    5.119776353561D+02
 T =   25     Checksum =    5.118822370068D+02    5.119794338060D+02
 Result verification successful


 FT Benchmark Completed.
 Class           =                        D
 Size            =           2048x1024x1024
 Iterations      =                       25
 Time in seconds =                   134.65
 Total processes =                       64
 Active processes=                       64
 Mop/s total     =                 66568.24
 Mop/s/process   =                  1040.13
 Operation type  =           floating point
 Verification    =               SUCCESSFUL
 Version         =                    3.4.4
 Compile date    =              06 Apr 2026

 Compile options:
    MPIFC        = mpif90
    FLINK        = $(MPIFC)
    FMPI_LIB     = (none)
    FMPI_INC     = (none)
    FFLAGS       = -O3
    FLINKFLAGS   = $(FFLAGS)
    RAND         = randi8


 Please send feedbacks and/or the results of this run to:

 NPB Development Team 
 Internet: npb@nas.nasa.gov


# RUN: half_socket_IO mg.E.x ft.D.x
## RANKFILE 1:
rank 0=m25 slot=0
rank 32=m25 slot=64
rank 1=m25 slot=1
rank 33=m25 slot=65
rank 2=m25 slot=2
rank 34=m25 slot=66
rank 3=m25 slot=3
rank 35=m25 slot=67
rank 4=m25 slot=4
rank 36=m25 slot=68
rank 5=m25 slot=5
rank 37=m25 slot=69
rank 6=m25 slot=6
rank 38=m25 slot=70
rank 7=m25 slot=7
rank 39=m25 slot=71
rank 8=m25 slot=8
rank 40=m25 slot=72
rank 9=m25 slot=9
rank 41=m25 slot=73
rank 10=m25 slot=10
rank 42=m25 slot=74
rank 11=m25 slot=11
rank 43=m25 slot=75
rank 12=m25 slot=12
rank 44=m25 slot=76
rank 13=m25 slot=13
rank 45=m25 slot=77
rank 14=m25 slot=14
rank 46=m25 slot=78
rank 15=m25 slot=15
rank 47=m25 slot=79
rank 16=m25 slot=16
rank 48=m25 slot=80
rank 17=m25 slot=17
rank 49=m25 slot=81
rank 18=m25 slot=18
rank 50=m25 slot=82
rank 19=m25 slot=19
rank 51=m25 slot=83
rank 20=m25 slot=20
rank 52=m25 slot=84
rank 21=m25 slot=21
rank 53=m25 slot=85
rank 22=m25 slot=22
rank 54=m25 slot=86
rank 23=m25 slot=23
rank 55=m25 slot=87
rank 24=m25 slot=24
rank 56=m25 slot=88
rank 25=m25 slot=25
rank 57=m25 slot=89
rank 26=m25 slot=26
rank 58=m25 slot=90
rank 27=m25 slot=27
rank 59=m25 slot=91
rank 28=m25 slot=28
rank 60=m25 slot=92
rank 29=m25 slot=29
rank 61=m25 slot=93
rank 30=m25 slot=30
rank 62=m25 slot=94
rank 31=m25 slot=31
rank 63=m25 slot=95
## RANKFILE 2:
rank 0=m25 slot=32
rank 32=m25 slot=96
rank 1=m25 slot=33
rank 33=m25 slot=97
rank 2=m25 slot=34
rank 34=m25 slot=98
rank 3=m25 slot=35
rank 35=m25 slot=99
rank 4=m25 slot=36
rank 36=m25 slot=100
rank 5=m25 slot=37
rank 37=m25 slot=101
rank 6=m25 slot=38
rank 38=m25 slot=102
rank 7=m25 slot=39
rank 39=m25 slot=103
rank 8=m25 slot=40
rank 40=m25 slot=104
rank 9=m25 slot=41
rank 41=m25 slot=105
rank 10=m25 slot=42
rank 42=m25 slot=106
rank 11=m25 slot=43
rank 43=m25 slot=107
rank 12=m25 slot=44
rank 44=m25 slot=108
rank 13=m25 slot=45
rank 45=m25 slot=109
rank 14=m25 slot=46
rank 46=m25 slot=110
rank 15=m25 slot=47
rank 47=m25 slot=111
rank 16=m25 slot=48
rank 48=m25 slot=112
rank 17=m25 slot=49
rank 49=m25 slot=113
rank 18=m25 slot=50
rank 50=m25 slot=114
rank 19=m25 slot=51
rank 51=m25 slot=115
rank 20=m25 slot=52
rank 52=m25 slot=116
rank 21=m25 slot=53
rank 53=m25 slot=117
rank 22=m25 slot=54
rank 54=m25 slot=118
rank 23=m25 slot=55
rank 55=m25 slot=119
rank 24=m25 slot=56
rank 56=m25 slot=120
rank 25=m25 slot=57
rank 57=m25 slot=121
rank 26=m25 slot=58
rank 58=m25 slot=122
rank 27=m25 slot=59
rank 59=m25 slot=123
rank 28=m25 slot=60
rank 60=m25 slot=124
rank 29=m25 slot=61
rank 61=m25 slot=125
rank 30=m25 slot=62
rank 62=m25 slot=126
rank 31=m25 slot=63
rank 63=m25 slot=127
## REPORT 1:
Rank 0: Node m25, CPU core 0, NUMA node 0
Rank 1: Node m25, CPU core 1, NUMA node 0
Rank 2: Node m25, CPU core 2, NUMA node 0
Rank 3: Node m25, CPU core 3, NUMA node 0
Rank 4: Node m25, CPU core 4, NUMA node 0
Rank 5: Node m25, CPU core 5, NUMA node 0
Rank 6: Node m25, CPU core 6, NUMA node 0
Rank 7: Node m25, CPU core 7, NUMA node 0
Rank 8: Node m25, CPU core 8, NUMA node 0
Rank 9: Node m25, CPU core 9, NUMA node 0
Rank 10: Node m25, CPU core 10, NUMA node 0
Rank 11: Node m25, CPU core 11, NUMA node 0
Rank 12: Node m25, CPU core 12, NUMA node 0
Rank 13: Node m25, CPU core 13, NUMA node 0
Rank 14: Node m25, CPU core 14, NUMA node 0
Rank 15: Node m25, CPU core 15, NUMA node 0
Rank 16: Node m25, CPU core 16, NUMA node 1
Rank 17: Node m25, CPU core 17, NUMA node 1
Rank 18: Node m25, CPU core 18, NUMA node 1
Rank 19: Node m25, CPU core 19, NUMA node 1
Rank 20: Node m25, CPU core 20, NUMA node 1
Rank 21: Node m25, CPU core 21, NUMA node 1
Rank 22: Node m25, CPU core 22, NUMA node 1
Rank 23: Node m25, CPU core 23, NUMA node 1
Rank 24: Node m25, CPU core 24, NUMA node 1
Rank 25: Node m25, CPU core 25, NUMA node 1
Rank 26: Node m25, CPU core 26, NUMA node 1
Rank 27: Node m25, CPU core 27, NUMA node 1
Rank 28: Node m25, CPU core 28, NUMA node 1
Rank 29: Node m25, CPU core 29, NUMA node 1
Rank 30: Node m25, CPU core 30, NUMA node 1
Rank 31: Node m25, CPU core 31, NUMA node 1
Rank 32: Node m25, CPU core 64, NUMA node 4
Rank 33: Node m25, CPU core 65, NUMA node 4
Rank 34: Node m25, CPU core 66, NUMA node 4
Rank 35: Node m25, CPU core 67, NUMA node 4
Rank 36: Node m25, CPU core 68, NUMA node 4
Rank 37: Node m25, CPU core 69, NUMA node 4
Rank 38: Node m25, CPU core 70, NUMA node 4
Rank 39: Node m25, CPU core 71, NUMA node 4
Rank 40: Node m25, CPU core 72, NUMA node 4
Rank 41: Node m25, CPU core 73, NUMA node 4
Rank 42: Node m25, CPU core 74, NUMA node 4
Rank 43: Node m25, CPU core 75, NUMA node 4
Rank 44: Node m25, CPU core 76, NUMA node 4
Rank 45: Node m25, CPU core 77, NUMA node 4
Rank 46: Node m25, CPU core 78, NUMA node 4
Rank 47: Node m25, CPU core 79, NUMA node 4
Rank 48: Node m25, CPU core 80, NUMA node 5
Rank 49: Node m25, CPU core 81, NUMA node 5
Rank 50: Node m25, CPU core 82, NUMA node 5
Rank 51: Node m25, CPU core 83, NUMA node 5
Rank 52: Node m25, CPU core 84, NUMA node 5
Rank 53: Node m25, CPU core 85, NUMA node 5
Rank 54: Node m25, CPU core 86, NUMA node 5
Rank 55: Node m25, CPU core 87, NUMA node 5
Rank 56: Node m25, CPU core 88, NUMA node 5
Rank 57: Node m25, CPU core 89, NUMA node 5
Rank 58: Node m25, CPU core 90, NUMA node 5
Rank 59: Node m25, CPU core 91, NUMA node 5
Rank 60: Node m25, CPU core 92, NUMA node 5
Rank 61: Node m25, CPU core 93, NUMA node 5
Rank 62: Node m25, CPU core 94, NUMA node 5
Rank 63: Node m25, CPU core 95, NUMA node 5

===== SUMMARY =====

----- NODE: m25 -----
CPU cores used: 0 1 2 3 4 5 6 7 8 9 10 11 12 13 14 15 16 17 18 19 20 21 22 23 24 25 26 27 28 29 30 31 64 65 66 67 68 69 70 71 72 73 74 75 76 77 78 79 80 81 82 83 84 85 86 87 88 89 90 91 92 93 94 95 
NUMA nodes used: 0 1 4 5 
## REPORT 2:
Rank 0: Node m25, CPU core 32, NUMA node 2
Rank 1: Node m25, CPU core 33, NUMA node 2
Rank 2: Node m25, CPU core 34, NUMA node 2
Rank 3: Node m25, CPU core 35, NUMA node 2
Rank 4: Node m25, CPU core 36, NUMA node 2
Rank 5: Node m25, CPU core 37, NUMA node 2
Rank 6: Node m25, CPU core 38, NUMA node 2
Rank 7: Node m25, CPU core 39, NUMA node 2
Rank 8: Node m25, CPU core 40, NUMA node 2
Rank 9: Node m25, CPU core 41, NUMA node 2
Rank 10: Node m25, CPU core 42, NUMA node 2
Rank 11: Node m25, CPU core 43, NUMA node 2
Rank 12: Node m25, CPU core 44, NUMA node 2
Rank 13: Node m25, CPU core 45, NUMA node 2
Rank 14: Node m25, CPU core 46, NUMA node 2
Rank 15: Node m25, CPU core 47, NUMA node 2
Rank 16: Node m25, CPU core 48, NUMA node 3
Rank 17: Node m25, CPU core 49, NUMA node 3
Rank 18: Node m25, CPU core 50, NUMA node 3
Rank 19: Node m25, CPU core 51, NUMA node 3
Rank 20: Node m25, CPU core 52, NUMA node 3
Rank 21: Node m25, CPU core 53, NUMA node 3
Rank 22: Node m25, CPU core 54, NUMA node 3
Rank 23: Node m25, CPU core 55, NUMA node 3
Rank 24: Node m25, CPU core 56, NUMA node 3
Rank 25: Node m25, CPU core 57, NUMA node 3
Rank 26: Node m25, CPU core 58, NUMA node 3
Rank 27: Node m25, CPU core 59, NUMA node 3
Rank 28: Node m25, CPU core 60, NUMA node 3
Rank 29: Node m25, CPU core 61, NUMA node 3
Rank 30: Node m25, CPU core 62, NUMA node 3
Rank 31: Node m25, CPU core 63, NUMA node 3
Rank 32: Node m25, CPU core 96, NUMA node 6
Rank 33: Node m25, CPU core 97, NUMA node 6
Rank 34: Node m25, CPU core 98, NUMA node 6
Rank 35: Node m25, CPU core 99, NUMA node 6
Rank 36: Node m25, CPU core 100, NUMA node 6
Rank 37: Node m25, CPU core 101, NUMA node 6
Rank 38: Node m25, CPU core 102, NUMA node 6
Rank 39: Node m25, CPU core 103, NUMA node 6
Rank 40: Node m25, CPU core 104, NUMA node 6
Rank 41: Node m25, CPU core 105, NUMA node 6
Rank 42: Node m25, CPU core 106, NUMA node 6
Rank 43: Node m25, CPU core 107, NUMA node 6
Rank 44: Node m25, CPU core 108, NUMA node 6
Rank 45: Node m25, CPU core 109, NUMA node 6
Rank 46: Node m25, CPU core 110, NUMA node 6
Rank 47: Node m25, CPU core 111, NUMA node 6
Rank 48: Node m25, CPU core 112, NUMA node 7
Rank 49: Node m25, CPU core 113, NUMA node 7
Rank 50: Node m25, CPU core 114, NUMA node 7
Rank 51: Node m25, CPU core 115, NUMA node 7
Rank 52: Node m25, CPU core 116, NUMA node 7
Rank 53: Node m25, CPU core 117, NUMA node 7
Rank 54: Node m25, CPU core 118, NUMA node 7
Rank 55: Node m25, CPU core 119, NUMA node 7
Rank 56: Node m25, CPU core 120, NUMA node 7
Rank 57: Node m25, CPU core 121, NUMA node 7
Rank 58: Node m25, CPU core 122, NUMA node 7
Rank 59: Node m25, CPU core 123, NUMA node 7
Rank 60: Node m25, CPU core 124, NUMA node 7
Rank 61: Node m25, CPU core 125, NUMA node 7
Rank 62: Node m25, CPU core 126, NUMA node 7
Rank 63: Node m25, CPU core 127, NUMA node 7

===== SUMMARY =====

----- NODE: m25 -----
CPU cores used: 32 33 34 35 36 37 38 39 40 41 42 43 44 45 46 47 48 49 50 51 52 53 54 55 56 57 58 59 60 61 62 63 96 97 98 99 100 101 102 103 104 105 106 107 108 109 110 111 112 113 114 115 116 117 118 119 120 121 122 123 124 125 126 127 
NUMA nodes used: 2 3 6 7 
## EXECUTE:
### mpirun 1 2026-07-05 21:23:35
### mpirun 1 2026-07-05 21:23:35
### mpirun 2 2026-07-05 21:26:01
### mpirun 3 2026-07-05 21:28:24
### mpirun 4 2026-07-05 21:30:47
### mpirun 2 2026-07-05 21:32:25
### mpirun 5 2026-07-05 21:33:11
### mpirun 6 2026-07-05 21:35:34
### mpirun 7 2026-07-05 21:37:57
### mpirun 8 2026-07-05 21:40:20
### mpirun 3 2026-07-05 21:41:13
### mpirun 9 2026-07-05 21:42:43
### mpirun 10 2026-07-05 21:45:07
### mpirun 11 2026-07-05 21:47:30
### mpirun 12 2026-07-05 21:49:52
## BENCH 1:
### mpirun 1 2026-07-05 21:23:35


 NAS Parallel Benchmarks 3.4 -- MG Benchmark

 No input file. Using compiled defaults 
 Size: 2048x2048x2048  (class E)
 Iterations:   50
 Total number of processes:     64


 Initialization time:          22.637 seconds

  iter    1
  iter    5
  iter   10
  iter   15
  iter   20
  iter   25
  iter   30
  iter   35
  iter   40
  iter   45
  iter   50

 Benchmark completed 
 VERIFICATION SUCCESSFUL 
 L2 Norm is  0.5630442584583E-10
 Error is    0.2268381496319E-10


 MG Benchmark Completed.
 Class           =                        E
 Size            =           2048x2048x2048
 Iterations      =                       50
 Time in seconds =                   503.22
 Total processes =                       64
 Active processes=                       64
 Mop/s total     =                 49503.26
 Mop/s/process   =                   773.49
 Operation type  =           floating point
 Verification    =               SUCCESSFUL
 Version         =                    3.4.4
 Compile date    =              06 Apr 2026

 Compile options:
    MPIFC        = mpif90
    FLINK        = $(MPIFC)
    FMPI_LIB     = (none)
    FMPI_INC     = (none)
    FFLAGS       = -O3
    FLINKFLAGS   = $(FFLAGS)
    RAND         = randi8


 Please send feedbacks and/or the results of this run to:

 NPB Development Team 
 Internet: npb@nas.nasa.gov


### mpirun 2 2026-07-05 21:32:25


 NAS Parallel Benchmarks 3.4 -- MG Benchmark

 No input file. Using compiled defaults 
 Size: 2048x2048x2048  (class E)
 Iterations:   50
 Total number of processes:     64


 Initialization time:          22.598 seconds

  iter    1
  iter    5
  iter   10
  iter   15
  iter   20
  iter   25
  iter   30
  iter   35
  iter   40
  iter   45
  iter   50

 Benchmark completed 
 VERIFICATION SUCCESSFUL 
 L2 Norm is  0.5630442584583E-10
 Error is    0.2268381496319E-10


 MG Benchmark Completed.
 Class           =                        E
 Size            =           2048x2048x2048
 Iterations      =                       50
 Time in seconds =                   503.16
 Total processes =                       64
 Active processes=                       64
 Mop/s total     =                 49508.30
 Mop/s/process   =                   773.57
 Operation type  =           floating point
 Verification    =               SUCCESSFUL
 Version         =                    3.4.4
 Compile date    =              06 Apr 2026

 Compile options:
    MPIFC        = mpif90
    FLINK        = $(MPIFC)
    FMPI_LIB     = (none)
    FMPI_INC     = (none)
    FFLAGS       = -O3
    FLINKFLAGS   = $(FFLAGS)
    RAND         = randi8


 Please send feedbacks and/or the results of this run to:

 NPB Development Team 
 Internet: npb@nas.nasa.gov


### mpirun 3 2026-07-05 21:41:13


 NAS Parallel Benchmarks 3.4 -- MG Benchmark

 No input file. Using compiled defaults 
 Size: 2048x2048x2048  (class E)
 Iterations:   50
 Total number of processes:     64


 Initialization time:          22.621 seconds

  iter    1
  iter    5
  iter   10
  iter   15
  iter   20
  iter   25
  iter   30
  iter   35
  iter   40
  iter   45
  iter   50

 Benchmark completed 
 VERIFICATION SUCCESSFUL 
 L2 Norm is  0.5630442584583E-10
 Error is    0.2268381496319E-10


 MG Benchmark Completed.
 Class           =                        E
 Size            =           2048x2048x2048
 Iterations      =                       50
 Time in seconds =                   502.91
 Total processes =                       64
 Active processes=                       64
 Mop/s total     =                 49533.19
 Mop/s/process   =                   773.96
 Operation type  =           floating point
 Verification    =               SUCCESSFUL
 Version         =                    3.4.4
 Compile date    =              06 Apr 2026

 Compile options:
    MPIFC        = mpif90
    FLINK        = $(MPIFC)
    FMPI_LIB     = (none)
    FMPI_INC     = (none)
    FFLAGS       = -O3
    FLINKFLAGS   = $(FFLAGS)
    RAND         = randi8


 Please send feedbacks and/or the results of this run to:

 NPB Development Team 
 Internet: npb@nas.nasa.gov


## BENCH 2:
### mpirun 1 2026-07-05 21:23:35


 NAS Parallel Benchmarks 3.4 -- FT Benchmark

 No input file inputft.data. Using compiled defaults
 Size                : 2048x1024x1024  (class D)
 Iterations          :             25
 Number of processes :             64
 Processor array     :         1x  64
 Layout type         :             1D

 Initialization time =      7.4631

 T =    1     Checksum =    5.122230065252D+02    5.118534037109D+02
 T =    2     Checksum =    5.120463975765D+02    5.117061181082D+02
 T =    3     Checksum =    5.119865766760D+02    5.117096364601D+02
 T =    4     Checksum =    5.119518799488D+02    5.117373863950D+02
 T =    5     Checksum =    5.119269088223D+02    5.117680347632D+02
 T =    6     Checksum =    5.119082416858D+02    5.117967875532D+02
 T =    7     Checksum =    5.118943814638D+02    5.118225281841D+02
 T =    8     Checksum =    5.118842385057D+02    5.118451629348D+02
 T =    9     Checksum =    5.118769435632D+02    5.118649119387D+02
 T =   10     Checksum =    5.118718203448D+02    5.118820803844D+02
 T =   11     Checksum =    5.118683569061D+02    5.118969781011D+02
 T =   12     Checksum =    5.118661708593D+02    5.119098918835D+02
 T =   13     Checksum =    5.118649768950D+02    5.119210777066D+02
 T =   14     Checksum =    5.118645605626D+02    5.119307604484D+02
 T =   15     Checksum =    5.118647586618D+02    5.119391362671D+02
 T =   16     Checksum =    5.118654451572D+02    5.119463757241D+02
 T =   17     Checksum =    5.118665212451D+02    5.119526269238D+02
 T =   18     Checksum =    5.118679083821D+02    5.119580184108D+02
 T =   19     Checksum =    5.118695433664D+02    5.119626617538D+02
 T =   20     Checksum =    5.118713748264D+02    5.119666538138D+02
 T =   21     Checksum =    5.118733606701D+02    5.119700787219D+02
 T =   22     Checksum =    5.118754661974D+02    5.119730095953D+02
 T =   23     Checksum =    5.118776626738D+02    5.119755100241D+02
 T =   24     Checksum =    5.118799262314D+02    5.119776353561D+02
 T =   25     Checksum =    5.118822370068D+02    5.119794338060D+02
 Result verification successful


 FT Benchmark Completed.
 Class           =                        D
 Size            =           2048x1024x1024
 Iterations      =                       25
 Time in seconds =                   134.77
 Total processes =                       64
 Active processes=                       64
 Mop/s total     =                 66509.30
 Mop/s/process   =                  1039.21
 Operation type  =           floating point
 Verification    =               SUCCESSFUL
 Version         =                    3.4.4
 Compile date    =              06 Apr 2026

 Compile options:
    MPIFC        = mpif90
    FLINK        = $(MPIFC)
    FMPI_LIB     = (none)
    FMPI_INC     = (none)
    FFLAGS       = -O3
    FLINKFLAGS   = $(FFLAGS)
    RAND         = randi8


 Please send feedbacks and/or the results of this run to:

 NPB Development Team 
 Internet: npb@nas.nasa.gov


### mpirun 2 2026-07-05 21:26:01


 NAS Parallel Benchmarks 3.4 -- FT Benchmark

 No input file inputft.data. Using compiled defaults
 Size                : 2048x1024x1024  (class D)
 Iterations          :             25
 Number of processes :             64
 Processor array     :         1x  64
 Layout type         :             1D

 Initialization time =      6.9045

 T =    1     Checksum =    5.122230065252D+02    5.118534037109D+02
 T =    2     Checksum =    5.120463975765D+02    5.117061181082D+02
 T =    3     Checksum =    5.119865766760D+02    5.117096364601D+02
 T =    4     Checksum =    5.119518799488D+02    5.117373863950D+02
 T =    5     Checksum =    5.119269088223D+02    5.117680347632D+02
 T =    6     Checksum =    5.119082416858D+02    5.117967875532D+02
 T =    7     Checksum =    5.118943814638D+02    5.118225281841D+02
 T =    8     Checksum =    5.118842385057D+02    5.118451629348D+02
 T =    9     Checksum =    5.118769435632D+02    5.118649119387D+02
 T =   10     Checksum =    5.118718203448D+02    5.118820803844D+02
 T =   11     Checksum =    5.118683569061D+02    5.118969781011D+02
 T =   12     Checksum =    5.118661708593D+02    5.119098918835D+02
 T =   13     Checksum =    5.118649768950D+02    5.119210777066D+02
 T =   14     Checksum =    5.118645605626D+02    5.119307604484D+02
 T =   15     Checksum =    5.118647586618D+02    5.119391362671D+02
 T =   16     Checksum =    5.118654451572D+02    5.119463757241D+02
 T =   17     Checksum =    5.118665212451D+02    5.119526269238D+02
 T =   18     Checksum =    5.118679083821D+02    5.119580184108D+02
 T =   19     Checksum =    5.118695433664D+02    5.119626617538D+02
 T =   20     Checksum =    5.118713748264D+02    5.119666538138D+02
 T =   21     Checksum =    5.118733606701D+02    5.119700787219D+02
 T =   22     Checksum =    5.118754661974D+02    5.119730095953D+02
 T =   23     Checksum =    5.118776626738D+02    5.119755100241D+02
 T =   24     Checksum =    5.118799262314D+02    5.119776353561D+02
 T =   25     Checksum =    5.118822370068D+02    5.119794338060D+02
 Result verification successful


 FT Benchmark Completed.
 Class           =                        D
 Size            =           2048x1024x1024
 Iterations      =                       25
 Time in seconds =                   134.15
 Total processes =                       64
 Active processes=                       64
 Mop/s total     =                 66820.97
 Mop/s/process   =                  1044.08
 Operation type  =           floating point
 Verification    =               SUCCESSFUL
 Version         =                    3.4.4
 Compile date    =              06 Apr 2026

 Compile options:
    MPIFC        = mpif90
    FLINK        = $(MPIFC)
    FMPI_LIB     = (none)
    FMPI_INC     = (none)
    FFLAGS       = -O3
    FLINKFLAGS   = $(FFLAGS)
    RAND         = randi8


 Please send feedbacks and/or the results of this run to:

 NPB Development Team 
 Internet: npb@nas.nasa.gov


### mpirun 3 2026-07-05 21:28:24


 NAS Parallel Benchmarks 3.4 -- FT Benchmark

 No input file inputft.data. Using compiled defaults
 Size                : 2048x1024x1024  (class D)
 Iterations          :             25
 Number of processes :             64
 Processor array     :         1x  64
 Layout type         :             1D

 Initialization time =      6.9754

 T =    1     Checksum =    5.122230065252D+02    5.118534037109D+02
 T =    2     Checksum =    5.120463975765D+02    5.117061181082D+02
 T =    3     Checksum =    5.119865766760D+02    5.117096364601D+02
 T =    4     Checksum =    5.119518799488D+02    5.117373863950D+02
 T =    5     Checksum =    5.119269088223D+02    5.117680347632D+02
 T =    6     Checksum =    5.119082416858D+02    5.117967875532D+02
 T =    7     Checksum =    5.118943814638D+02    5.118225281841D+02
 T =    8     Checksum =    5.118842385057D+02    5.118451629348D+02
 T =    9     Checksum =    5.118769435632D+02    5.118649119387D+02
 T =   10     Checksum =    5.118718203448D+02    5.118820803844D+02
 T =   11     Checksum =    5.118683569061D+02    5.118969781011D+02
 T =   12     Checksum =    5.118661708593D+02    5.119098918835D+02
 T =   13     Checksum =    5.118649768950D+02    5.119210777066D+02
 T =   14     Checksum =    5.118645605626D+02    5.119307604484D+02
 T =   15     Checksum =    5.118647586618D+02    5.119391362671D+02
 T =   16     Checksum =    5.118654451572D+02    5.119463757241D+02
 T =   17     Checksum =    5.118665212451D+02    5.119526269238D+02
 T =   18     Checksum =    5.118679083821D+02    5.119580184108D+02
 T =   19     Checksum =    5.118695433664D+02    5.119626617538D+02
 T =   20     Checksum =    5.118713748264D+02    5.119666538138D+02
 T =   21     Checksum =    5.118733606701D+02    5.119700787219D+02
 T =   22     Checksum =    5.118754661974D+02    5.119730095953D+02
 T =   23     Checksum =    5.118776626738D+02    5.119755100241D+02
 T =   24     Checksum =    5.118799262314D+02    5.119776353561D+02
 T =   25     Checksum =    5.118822370068D+02    5.119794338060D+02
 Result verification successful


 FT Benchmark Completed.
 Class           =                        D
 Size            =           2048x1024x1024
 Iterations      =                       25
 Time in seconds =                   134.76
 Total processes =                       64
 Active processes=                       64
 Mop/s total     =                 66517.93
 Mop/s/process   =                  1039.34
 Operation type  =           floating point
 Verification    =               SUCCESSFUL
 Version         =                    3.4.4
 Compile date    =              06 Apr 2026

 Compile options:
    MPIFC        = mpif90
    FLINK        = $(MPIFC)
    FMPI_LIB     = (none)
    FMPI_INC     = (none)
    FFLAGS       = -O3
    FLINKFLAGS   = $(FFLAGS)
    RAND         = randi8


 Please send feedbacks and/or the results of this run to:

 NPB Development Team 
 Internet: npb@nas.nasa.gov


### mpirun 4 2026-07-05 21:30:47


 NAS Parallel Benchmarks 3.4 -- FT Benchmark

 No input file inputft.data. Using compiled defaults
 Size                : 2048x1024x1024  (class D)
 Iterations          :             25
 Number of processes :             64
 Processor array     :         1x  64
 Layout type         :             1D

 Initialization time =      6.9642

 T =    1     Checksum =    5.122230065252D+02    5.118534037109D+02
 T =    2     Checksum =    5.120463975765D+02    5.117061181082D+02
 T =    3     Checksum =    5.119865766760D+02    5.117096364601D+02
 T =    4     Checksum =    5.119518799488D+02    5.117373863950D+02
 T =    5     Checksum =    5.119269088223D+02    5.117680347632D+02
 T =    6     Checksum =    5.119082416858D+02    5.117967875532D+02
 T =    7     Checksum =    5.118943814638D+02    5.118225281841D+02
 T =    8     Checksum =    5.118842385057D+02    5.118451629348D+02
 T =    9     Checksum =    5.118769435632D+02    5.118649119387D+02
 T =   10     Checksum =    5.118718203448D+02    5.118820803844D+02
 T =   11     Checksum =    5.118683569061D+02    5.118969781011D+02
 T =   12     Checksum =    5.118661708593D+02    5.119098918835D+02
 T =   13     Checksum =    5.118649768950D+02    5.119210777066D+02
 T =   14     Checksum =    5.118645605626D+02    5.119307604484D+02
 T =   15     Checksum =    5.118647586618D+02    5.119391362671D+02
 T =   16     Checksum =    5.118654451572D+02    5.119463757241D+02
 T =   17     Checksum =    5.118665212451D+02    5.119526269238D+02
 T =   18     Checksum =    5.118679083821D+02    5.119580184108D+02
 T =   19     Checksum =    5.118695433664D+02    5.119626617538D+02
 T =   20     Checksum =    5.118713748264D+02    5.119666538138D+02
 T =   21     Checksum =    5.118733606701D+02    5.119700787219D+02
 T =   22     Checksum =    5.118754661974D+02    5.119730095953D+02
 T =   23     Checksum =    5.118776626738D+02    5.119755100241D+02
 T =   24     Checksum =    5.118799262314D+02    5.119776353561D+02
 T =   25     Checksum =    5.118822370068D+02    5.119794338060D+02
 Result verification successful


 FT Benchmark Completed.
 Class           =                        D
 Size            =           2048x1024x1024
 Iterations      =                       25
 Time in seconds =                   134.83
 Total processes =                       64
 Active processes=                       64
 Mop/s total     =                 66479.91
 Mop/s/process   =                  1038.75
 Operation type  =           floating point
 Verification    =               SUCCESSFUL
 Version         =                    3.4.4
 Compile date    =              06 Apr 2026

 Compile options:
    MPIFC        = mpif90
    FLINK        = $(MPIFC)
    FMPI_LIB     = (none)
    FMPI_INC     = (none)
    FFLAGS       = -O3
    FLINKFLAGS   = $(FFLAGS)
    RAND         = randi8


 Please send feedbacks and/or the results of this run to:

 NPB Development Team 
 Internet: npb@nas.nasa.gov


### mpirun 5 2026-07-05 21:33:11


 NAS Parallel Benchmarks 3.4 -- FT Benchmark

 No input file inputft.data. Using compiled defaults
 Size                : 2048x1024x1024  (class D)
 Iterations          :             25
 Number of processes :             64
 Processor array     :         1x  64
 Layout type         :             1D

 Initialization time =      6.8827

 T =    1     Checksum =    5.122230065252D+02    5.118534037109D+02
 T =    2     Checksum =    5.120463975765D+02    5.117061181082D+02
 T =    3     Checksum =    5.119865766760D+02    5.117096364601D+02
 T =    4     Checksum =    5.119518799488D+02    5.117373863950D+02
 T =    5     Checksum =    5.119269088223D+02    5.117680347632D+02
 T =    6     Checksum =    5.119082416858D+02    5.117967875532D+02
 T =    7     Checksum =    5.118943814638D+02    5.118225281841D+02
 T =    8     Checksum =    5.118842385057D+02    5.118451629348D+02
 T =    9     Checksum =    5.118769435632D+02    5.118649119387D+02
 T =   10     Checksum =    5.118718203448D+02    5.118820803844D+02
 T =   11     Checksum =    5.118683569061D+02    5.118969781011D+02
 T =   12     Checksum =    5.118661708593D+02    5.119098918835D+02
 T =   13     Checksum =    5.118649768950D+02    5.119210777066D+02
 T =   14     Checksum =    5.118645605626D+02    5.119307604484D+02
 T =   15     Checksum =    5.118647586618D+02    5.119391362671D+02
 T =   16     Checksum =    5.118654451572D+02    5.119463757241D+02
 T =   17     Checksum =    5.118665212451D+02    5.119526269238D+02
 T =   18     Checksum =    5.118679083821D+02    5.119580184108D+02
 T =   19     Checksum =    5.118695433664D+02    5.119626617538D+02
 T =   20     Checksum =    5.118713748264D+02    5.119666538138D+02
 T =   21     Checksum =    5.118733606701D+02    5.119700787219D+02
 T =   22     Checksum =    5.118754661974D+02    5.119730095953D+02
 T =   23     Checksum =    5.118776626738D+02    5.119755100241D+02
 T =   24     Checksum =    5.118799262314D+02    5.119776353561D+02
 T =   25     Checksum =    5.118822370068D+02    5.119794338060D+02
 Result verification successful


 FT Benchmark Completed.
 Class           =                        D
 Size            =           2048x1024x1024
 Iterations      =                       25
 Time in seconds =                   134.55
 Total processes =                       64
 Active processes=                       64
 Mop/s total     =                 66618.98
 Mop/s/process   =                  1040.92
 Operation type  =           floating point
 Verification    =               SUCCESSFUL
 Version         =                    3.4.4
 Compile date    =              06 Apr 2026

 Compile options:
    MPIFC        = mpif90
    FLINK        = $(MPIFC)
    FMPI_LIB     = (none)
    FMPI_INC     = (none)
    FFLAGS       = -O3
    FLINKFLAGS   = $(FFLAGS)
    RAND         = randi8


 Please send feedbacks and/or the results of this run to:

 NPB Development Team 
 Internet: npb@nas.nasa.gov


### mpirun 6 2026-07-05 21:35:34


 NAS Parallel Benchmarks 3.4 -- FT Benchmark

 No input file inputft.data. Using compiled defaults
 Size                : 2048x1024x1024  (class D)
 Iterations          :             25
 Number of processes :             64
 Processor array     :         1x  64
 Layout type         :             1D

 Initialization time =      6.8778

 T =    1     Checksum =    5.122230065252D+02    5.118534037109D+02
 T =    2     Checksum =    5.120463975765D+02    5.117061181082D+02
 T =    3     Checksum =    5.119865766760D+02    5.117096364601D+02
 T =    4     Checksum =    5.119518799488D+02    5.117373863950D+02
 T =    5     Checksum =    5.119269088223D+02    5.117680347632D+02
 T =    6     Checksum =    5.119082416858D+02    5.117967875532D+02
 T =    7     Checksum =    5.118943814638D+02    5.118225281841D+02
 T =    8     Checksum =    5.118842385057D+02    5.118451629348D+02
 T =    9     Checksum =    5.118769435632D+02    5.118649119387D+02
 T =   10     Checksum =    5.118718203448D+02    5.118820803844D+02
 T =   11     Checksum =    5.118683569061D+02    5.118969781011D+02
 T =   12     Checksum =    5.118661708593D+02    5.119098918835D+02
 T =   13     Checksum =    5.118649768950D+02    5.119210777066D+02
 T =   14     Checksum =    5.118645605626D+02    5.119307604484D+02
 T =   15     Checksum =    5.118647586618D+02    5.119391362671D+02
 T =   16     Checksum =    5.118654451572D+02    5.119463757241D+02
 T =   17     Checksum =    5.118665212451D+02    5.119526269238D+02
 T =   18     Checksum =    5.118679083821D+02    5.119580184108D+02
 T =   19     Checksum =    5.118695433664D+02    5.119626617538D+02
 T =   20     Checksum =    5.118713748264D+02    5.119666538138D+02
 T =   21     Checksum =    5.118733606701D+02    5.119700787219D+02
 T =   22     Checksum =    5.118754661974D+02    5.119730095953D+02
 T =   23     Checksum =    5.118776626738D+02    5.119755100241D+02
 T =   24     Checksum =    5.118799262314D+02    5.119776353561D+02
 T =   25     Checksum =    5.118822370068D+02    5.119794338060D+02
 Result verification successful


 FT Benchmark Completed.
 Class           =                        D
 Size            =           2048x1024x1024
 Iterations      =                       25
 Time in seconds =                   134.61
 Total processes =                       64
 Active processes=                       64
 Mop/s total     =                 66588.09
 Mop/s/process   =                  1040.44
 Operation type  =           floating point
 Verification    =               SUCCESSFUL
 Version         =                    3.4.4
 Compile date    =              06 Apr 2026

 Compile options:
    MPIFC        = mpif90
    FLINK        = $(MPIFC)
    FMPI_LIB     = (none)
    FMPI_INC     = (none)
    FFLAGS       = -O3
    FLINKFLAGS   = $(FFLAGS)
    RAND         = randi8


 Please send feedbacks and/or the results of this run to:

 NPB Development Team 
 Internet: npb@nas.nasa.gov


### mpirun 7 2026-07-05 21:37:57


 NAS Parallel Benchmarks 3.4 -- FT Benchmark

 No input file inputft.data. Using compiled defaults
 Size                : 2048x1024x1024  (class D)
 Iterations          :             25
 Number of processes :             64
 Processor array     :         1x  64
 Layout type         :             1D

 Initialization time =      6.9579

 T =    1     Checksum =    5.122230065252D+02    5.118534037109D+02
 T =    2     Checksum =    5.120463975765D+02    5.117061181082D+02
 T =    3     Checksum =    5.119865766760D+02    5.117096364601D+02
 T =    4     Checksum =    5.119518799488D+02    5.117373863950D+02
 T =    5     Checksum =    5.119269088223D+02    5.117680347632D+02
 T =    6     Checksum =    5.119082416858D+02    5.117967875532D+02
 T =    7     Checksum =    5.118943814638D+02    5.118225281841D+02
 T =    8     Checksum =    5.118842385057D+02    5.118451629348D+02
 T =    9     Checksum =    5.118769435632D+02    5.118649119387D+02
 T =   10     Checksum =    5.118718203448D+02    5.118820803844D+02
 T =   11     Checksum =    5.118683569061D+02    5.118969781011D+02
 T =   12     Checksum =    5.118661708593D+02    5.119098918835D+02
 T =   13     Checksum =    5.118649768950D+02    5.119210777066D+02
 T =   14     Checksum =    5.118645605626D+02    5.119307604484D+02
 T =   15     Checksum =    5.118647586618D+02    5.119391362671D+02
 T =   16     Checksum =    5.118654451572D+02    5.119463757241D+02
 T =   17     Checksum =    5.118665212451D+02    5.119526269238D+02
 T =   18     Checksum =    5.118679083821D+02    5.119580184108D+02
 T =   19     Checksum =    5.118695433664D+02    5.119626617538D+02
 T =   20     Checksum =    5.118713748264D+02    5.119666538138D+02
 T =   21     Checksum =    5.118733606701D+02    5.119700787219D+02
 T =   22     Checksum =    5.118754661974D+02    5.119730095953D+02
 T =   23     Checksum =    5.118776626738D+02    5.119755100241D+02
 T =   24     Checksum =    5.118799262314D+02    5.119776353561D+02
 T =   25     Checksum =    5.118822370068D+02    5.119794338060D+02
 Result verification successful


 FT Benchmark Completed.
 Class           =                        D
 Size            =           2048x1024x1024
 Iterations      =                       25
 Time in seconds =                   134.66
 Total processes =                       64
 Active processes=                       64
 Mop/s total     =                 66564.00
 Mop/s/process   =                  1040.06
 Operation type  =           floating point
 Verification    =               SUCCESSFUL
 Version         =                    3.4.4
 Compile date    =              06 Apr 2026

 Compile options:
    MPIFC        = mpif90
    FLINK        = $(MPIFC)
    FMPI_LIB     = (none)
    FMPI_INC     = (none)
    FFLAGS       = -O3
    FLINKFLAGS   = $(FFLAGS)
    RAND         = randi8


 Please send feedbacks and/or the results of this run to:

 NPB Development Team 
 Internet: npb@nas.nasa.gov


### mpirun 8 2026-07-05 21:40:20


 NAS Parallel Benchmarks 3.4 -- FT Benchmark

 No input file inputft.data. Using compiled defaults
 Size                : 2048x1024x1024  (class D)
 Iterations          :             25
 Number of processes :             64
 Processor array     :         1x  64
 Layout type         :             1D

 Initialization time =      7.0074

 T =    1     Checksum =    5.122230065252D+02    5.118534037109D+02
 T =    2     Checksum =    5.120463975765D+02    5.117061181082D+02
 T =    3     Checksum =    5.119865766760D+02    5.117096364601D+02
 T =    4     Checksum =    5.119518799488D+02    5.117373863950D+02
 T =    5     Checksum =    5.119269088223D+02    5.117680347632D+02
 T =    6     Checksum =    5.119082416858D+02    5.117967875532D+02
 T =    7     Checksum =    5.118943814638D+02    5.118225281841D+02
 T =    8     Checksum =    5.118842385057D+02    5.118451629348D+02
 T =    9     Checksum =    5.118769435632D+02    5.118649119387D+02
 T =   10     Checksum =    5.118718203448D+02    5.118820803844D+02
 T =   11     Checksum =    5.118683569061D+02    5.118969781011D+02
 T =   12     Checksum =    5.118661708593D+02    5.119098918835D+02
 T =   13     Checksum =    5.118649768950D+02    5.119210777066D+02
 T =   14     Checksum =    5.118645605626D+02    5.119307604484D+02
 T =   15     Checksum =    5.118647586618D+02    5.119391362671D+02
 T =   16     Checksum =    5.118654451572D+02    5.119463757241D+02
 T =   17     Checksum =    5.118665212451D+02    5.119526269238D+02
 T =   18     Checksum =    5.118679083821D+02    5.119580184108D+02
 T =   19     Checksum =    5.118695433664D+02    5.119626617538D+02
 T =   20     Checksum =    5.118713748264D+02    5.119666538138D+02
 T =   21     Checksum =    5.118733606701D+02    5.119700787219D+02
 T =   22     Checksum =    5.118754661974D+02    5.119730095953D+02
 T =   23     Checksum =    5.118776626738D+02    5.119755100241D+02
 T =   24     Checksum =    5.118799262314D+02    5.119776353561D+02
 T =   25     Checksum =    5.118822370068D+02    5.119794338060D+02
 Result verification successful


 FT Benchmark Completed.
 Class           =                        D
 Size            =           2048x1024x1024
 Iterations      =                       25
 Time in seconds =                   134.55
 Total processes =                       64
 Active processes=                       64
 Mop/s total     =                 66621.43
 Mop/s/process   =                  1040.96
 Operation type  =           floating point
 Verification    =               SUCCESSFUL
 Version         =                    3.4.4
 Compile date    =              06 Apr 2026

 Compile options:
    MPIFC        = mpif90
    FLINK        = $(MPIFC)
    FMPI_LIB     = (none)
    FMPI_INC     = (none)
    FFLAGS       = -O3
    FLINKFLAGS   = $(FFLAGS)
    RAND         = randi8


 Please send feedbacks and/or the results of this run to:

 NPB Development Team 
 Internet: npb@nas.nasa.gov


### mpirun 9 2026-07-05 21:42:43


 NAS Parallel Benchmarks 3.4 -- FT Benchmark

 No input file inputft.data. Using compiled defaults
 Size                : 2048x1024x1024  (class D)
 Iterations          :             25
 Number of processes :             64
 Processor array     :         1x  64
 Layout type         :             1D

 Initialization time =      6.8617

 T =    1     Checksum =    5.122230065252D+02    5.118534037109D+02
 T =    2     Checksum =    5.120463975765D+02    5.117061181082D+02
 T =    3     Checksum =    5.119865766760D+02    5.117096364601D+02
 T =    4     Checksum =    5.119518799488D+02    5.117373863950D+02
 T =    5     Checksum =    5.119269088223D+02    5.117680347632D+02
 T =    6     Checksum =    5.119082416858D+02    5.117967875532D+02
 T =    7     Checksum =    5.118943814638D+02    5.118225281841D+02
 T =    8     Checksum =    5.118842385057D+02    5.118451629348D+02
 T =    9     Checksum =    5.118769435632D+02    5.118649119387D+02
 T =   10     Checksum =    5.118718203448D+02    5.118820803844D+02
 T =   11     Checksum =    5.118683569061D+02    5.118969781011D+02
 T =   12     Checksum =    5.118661708593D+02    5.119098918835D+02
 T =   13     Checksum =    5.118649768950D+02    5.119210777066D+02
 T =   14     Checksum =    5.118645605626D+02    5.119307604484D+02
 T =   15     Checksum =    5.118647586618D+02    5.119391362671D+02
 T =   16     Checksum =    5.118654451572D+02    5.119463757241D+02
 T =   17     Checksum =    5.118665212451D+02    5.119526269238D+02
 T =   18     Checksum =    5.118679083821D+02    5.119580184108D+02
 T =   19     Checksum =    5.118695433664D+02    5.119626617538D+02
 T =   20     Checksum =    5.118713748264D+02    5.119666538138D+02
 T =   21     Checksum =    5.118733606701D+02    5.119700787219D+02
 T =   22     Checksum =    5.118754661974D+02    5.119730095953D+02
 T =   23     Checksum =    5.118776626738D+02    5.119755100241D+02
 T =   24     Checksum =    5.118799262314D+02    5.119776353561D+02
 T =   25     Checksum =    5.118822370068D+02    5.119794338060D+02
 Result verification successful


 FT Benchmark Completed.
 Class           =                        D
 Size            =           2048x1024x1024
 Iterations      =                       25
 Time in seconds =                   134.69
 Total processes =                       64
 Active processes=                       64
 Mop/s total     =                 66548.65
 Mop/s/process   =                  1039.82
 Operation type  =           floating point
 Verification    =               SUCCESSFUL
 Version         =                    3.4.4
 Compile date    =              06 Apr 2026

 Compile options:
    MPIFC        = mpif90
    FLINK        = $(MPIFC)
    FMPI_LIB     = (none)
    FMPI_INC     = (none)
    FFLAGS       = -O3
    FLINKFLAGS   = $(FFLAGS)
    RAND         = randi8


 Please send feedbacks and/or the results of this run to:

 NPB Development Team 
 Internet: npb@nas.nasa.gov


### mpirun 10 2026-07-05 21:45:07


 NAS Parallel Benchmarks 3.4 -- FT Benchmark

 No input file inputft.data. Using compiled defaults
 Size                : 2048x1024x1024  (class D)
 Iterations          :             25
 Number of processes :             64
 Processor array     :         1x  64
 Layout type         :             1D

 Initialization time =      6.8966

 T =    1     Checksum =    5.122230065252D+02    5.118534037109D+02
 T =    2     Checksum =    5.120463975765D+02    5.117061181082D+02
 T =    3     Checksum =    5.119865766760D+02    5.117096364601D+02
 T =    4     Checksum =    5.119518799488D+02    5.117373863950D+02
 T =    5     Checksum =    5.119269088223D+02    5.117680347632D+02
 T =    6     Checksum =    5.119082416858D+02    5.117967875532D+02
 T =    7     Checksum =    5.118943814638D+02    5.118225281841D+02
 T =    8     Checksum =    5.118842385057D+02    5.118451629348D+02
 T =    9     Checksum =    5.118769435632D+02    5.118649119387D+02
 T =   10     Checksum =    5.118718203448D+02    5.118820803844D+02
 T =   11     Checksum =    5.118683569061D+02    5.118969781011D+02
 T =   12     Checksum =    5.118661708593D+02    5.119098918835D+02
 T =   13     Checksum =    5.118649768950D+02    5.119210777066D+02
 T =   14     Checksum =    5.118645605626D+02    5.119307604484D+02
 T =   15     Checksum =    5.118647586618D+02    5.119391362671D+02
 T =   16     Checksum =    5.118654451572D+02    5.119463757241D+02
 T =   17     Checksum =    5.118665212451D+02    5.119526269238D+02
 T =   18     Checksum =    5.118679083821D+02    5.119580184108D+02
 T =   19     Checksum =    5.118695433664D+02    5.119626617538D+02
 T =   20     Checksum =    5.118713748264D+02    5.119666538138D+02
 T =   21     Checksum =    5.118733606701D+02    5.119700787219D+02
 T =   22     Checksum =    5.118754661974D+02    5.119730095953D+02
 T =   23     Checksum =    5.118776626738D+02    5.119755100241D+02
 T =   24     Checksum =    5.118799262314D+02    5.119776353561D+02
 T =   25     Checksum =    5.118822370068D+02    5.119794338060D+02
 Result verification successful


 FT Benchmark Completed.
 Class           =                        D
 Size            =           2048x1024x1024
 Iterations      =                       25
 Time in seconds =                   134.62
 Total processes =                       64
 Active processes=                       64
 Mop/s total     =                 66584.91
 Mop/s/process   =                  1040.39
 Operation type  =           floating point
 Verification    =               SUCCESSFUL
 Version         =                    3.4.4
 Compile date    =              06 Apr 2026

 Compile options:
    MPIFC        = mpif90
    FLINK        = $(MPIFC)
    FMPI_LIB     = (none)
    FMPI_INC     = (none)
    FFLAGS       = -O3
    FLINKFLAGS   = $(FFLAGS)
    RAND         = randi8


 Please send feedbacks and/or the results of this run to:

 NPB Development Team 
 Internet: npb@nas.nasa.gov


### mpirun 11 2026-07-05 21:47:30


 NAS Parallel Benchmarks 3.4 -- FT Benchmark

 No input file inputft.data. Using compiled defaults
 Size                : 2048x1024x1024  (class D)
 Iterations          :             25
 Number of processes :             64
 Processor array     :         1x  64
 Layout type         :             1D

 Initialization time =      6.8669

 T =    1     Checksum =    5.122230065252D+02    5.118534037109D+02
 T =    2     Checksum =    5.120463975765D+02    5.117061181082D+02
 T =    3     Checksum =    5.119865766760D+02    5.117096364601D+02
 T =    4     Checksum =    5.119518799488D+02    5.117373863950D+02
 T =    5     Checksum =    5.119269088223D+02    5.117680347632D+02
 T =    6     Checksum =    5.119082416858D+02    5.117967875532D+02
 T =    7     Checksum =    5.118943814638D+02    5.118225281841D+02
 T =    8     Checksum =    5.118842385057D+02    5.118451629348D+02
 T =    9     Checksum =    5.118769435632D+02    5.118649119387D+02
 T =   10     Checksum =    5.118718203448D+02    5.118820803844D+02
 T =   11     Checksum =    5.118683569061D+02    5.118969781011D+02
 T =   12     Checksum =    5.118661708593D+02    5.119098918835D+02
 T =   13     Checksum =    5.118649768950D+02    5.119210777066D+02
 T =   14     Checksum =    5.118645605626D+02    5.119307604484D+02
 T =   15     Checksum =    5.118647586618D+02    5.119391362671D+02
 T =   16     Checksum =    5.118654451572D+02    5.119463757241D+02
 T =   17     Checksum =    5.118665212451D+02    5.119526269238D+02
 T =   18     Checksum =    5.118679083821D+02    5.119580184108D+02
 T =   19     Checksum =    5.118695433664D+02    5.119626617538D+02
 T =   20     Checksum =    5.118713748264D+02    5.119666538138D+02
 T =   21     Checksum =    5.118733606701D+02    5.119700787219D+02
 T =   22     Checksum =    5.118754661974D+02    5.119730095953D+02
 T =   23     Checksum =    5.118776626738D+02    5.119755100241D+02
 T =   24     Checksum =    5.118799262314D+02    5.119776353561D+02
 T =   25     Checksum =    5.118822370068D+02    5.119794338060D+02
 Result verification successful


 FT Benchmark Completed.
 Class           =                        D
 Size            =           2048x1024x1024
 Iterations      =                       25
 Time in seconds =                   134.10
 Total processes =                       64
 Active processes=                       64
 Mop/s total     =                 66842.23
 Mop/s/process   =                  1044.41
 Operation type  =           floating point
 Verification    =               SUCCESSFUL
 Version         =                    3.4.4
 Compile date    =              06 Apr 2026

 Compile options:
    MPIFC        = mpif90
    FLINK        = $(MPIFC)
    FMPI_LIB     = (none)
    FMPI_INC     = (none)
    FFLAGS       = -O3
    FLINKFLAGS   = $(FFLAGS)
    RAND         = randi8


 Please send feedbacks and/or the results of this run to:

 NPB Development Team 
 Internet: npb@nas.nasa.gov


### mpirun 12 2026-07-05 21:49:52


 NAS Parallel Benchmarks 3.4 -- FT Benchmark

 No input file inputft.data. Using compiled defaults
 Size                : 2048x1024x1024  (class D)
 Iterations          :             25
 Number of processes :             64
 Processor array     :         1x  64
 Layout type         :             1D

 Initialization time =      6.9113

 T =    1     Checksum =    5.122230065252D+02    5.118534037109D+02
 T =    2     Checksum =    5.120463975765D+02    5.117061181082D+02
 T =    3     Checksum =    5.119865766760D+02    5.117096364601D+02
 T =    4     Checksum =    5.119518799488D+02    5.117373863950D+02
 T =    5     Checksum =    5.119269088223D+02    5.117680347632D+02
 T =    6     Checksum =    5.119082416858D+02    5.117967875532D+02
 T =    7     Checksum =    5.118943814638D+02    5.118225281841D+02
 T =    8     Checksum =    5.118842385057D+02    5.118451629348D+02
 T =    9     Checksum =    5.118769435632D+02    5.118649119387D+02
 T =   10     Checksum =    5.118718203448D+02    5.118820803844D+02
 T =   11     Checksum =    5.118683569061D+02    5.118969781011D+02
 T =   12     Checksum =    5.118661708593D+02    5.119098918835D+02
 T =   13     Checksum =    5.118649768950D+02    5.119210777066D+02
 T =   14     Checksum =    5.118645605626D+02    5.119307604484D+02
 T =   15     Checksum =    5.118647586618D+02    5.119391362671D+02
 T =   16     Checksum =    5.118654451572D+02    5.119463757241D+02
 T =   17     Checksum =    5.118665212451D+02    5.119526269238D+02
 T =   18     Checksum =    5.118679083821D+02    5.119580184108D+02
 T =   19     Checksum =    5.118695433664D+02    5.119626617538D+02
 T =   20     Checksum =    5.118713748264D+02    5.119666538138D+02
 T =   21     Checksum =    5.118733606701D+02    5.119700787219D+02
 T =   22     Checksum =    5.118754661974D+02    5.119730095953D+02
 T =   23     Checksum =    5.118776626738D+02    5.119755100241D+02
 T =   24     Checksum =    5.118799262314D+02    5.119776353561D+02
 T =   25     Checksum =    5.118822370068D+02    5.119794338060D+02
 Result verification successful


 FT Benchmark Completed.
 Class           =                        D
 Size            =           2048x1024x1024
 Iterations      =                       25
 Time in seconds =                   130.06
 Total processes =                       64
 Active processes=                       64
 Mop/s total     =                 68922.71
 Mop/s/process   =                  1076.92
 Operation type  =           floating point
 Verification    =               SUCCESSFUL
 Version         =                    3.4.4
 Compile date    =              06 Apr 2026

 Compile options:
    MPIFC        = mpif90
    FLINK        = $(MPIFC)
    FMPI_LIB     = (none)
    FMPI_INC     = (none)
    FFLAGS       = -O3
    FLINKFLAGS   = $(FFLAGS)
    RAND         = randi8


 Please send feedbacks and/or the results of this run to:

 NPB Development Team 
 Internet: npb@nas.nasa.gov


# RUN: half_numa_IO mg.E.x ft.D.x
## RANKFILE 1:
rank 0=m25 slot=0
rank 1=m25 slot=1
rank 2=m25 slot=2
rank 3=m25 slot=3
rank 4=m25 slot=4
rank 5=m25 slot=5
rank 6=m25 slot=6
rank 7=m25 slot=7
rank 8=m25 slot=16
rank 9=m25 slot=17
rank 10=m25 slot=18
rank 11=m25 slot=19
rank 12=m25 slot=20
rank 13=m25 slot=21
rank 14=m25 slot=22
rank 15=m25 slot=23
rank 16=m25 slot=32
rank 17=m25 slot=33
rank 18=m25 slot=34
rank 19=m25 slot=35
rank 20=m25 slot=36
rank 21=m25 slot=37
rank 22=m25 slot=38
rank 23=m25 slot=39
rank 24=m25 slot=48
rank 25=m25 slot=49
rank 26=m25 slot=50
rank 27=m25 slot=51
rank 28=m25 slot=52
rank 29=m25 slot=53
rank 30=m25 slot=54
rank 31=m25 slot=55
rank 32=m25 slot=64
rank 33=m25 slot=65
rank 34=m25 slot=66
rank 35=m25 slot=67
rank 36=m25 slot=68
rank 37=m25 slot=69
rank 38=m25 slot=70
rank 39=m25 slot=71
rank 40=m25 slot=80
rank 41=m25 slot=81
rank 42=m25 slot=82
rank 43=m25 slot=83
rank 44=m25 slot=84
rank 45=m25 slot=85
rank 46=m25 slot=86
rank 47=m25 slot=87
rank 48=m25 slot=96
rank 49=m25 slot=97
rank 50=m25 slot=98
rank 51=m25 slot=99
rank 52=m25 slot=100
rank 53=m25 slot=101
rank 54=m25 slot=102
rank 55=m25 slot=103
rank 56=m25 slot=112
rank 57=m25 slot=113
rank 58=m25 slot=114
rank 59=m25 slot=115
rank 60=m25 slot=116
rank 61=m25 slot=117
rank 62=m25 slot=118
rank 63=m25 slot=119
## RANKFILE 2:
rank 0=m25 slot=8
rank 1=m25 slot=9
rank 2=m25 slot=10
rank 3=m25 slot=11
rank 4=m25 slot=12
rank 5=m25 slot=13
rank 6=m25 slot=14
rank 7=m25 slot=15
rank 8=m25 slot=24
rank 9=m25 slot=25
rank 10=m25 slot=26
rank 11=m25 slot=27
rank 12=m25 slot=28
rank 13=m25 slot=29
rank 14=m25 slot=30
rank 15=m25 slot=31
rank 16=m25 slot=40
rank 17=m25 slot=41
rank 18=m25 slot=42
rank 19=m25 slot=43
rank 20=m25 slot=44
rank 21=m25 slot=45
rank 22=m25 slot=46
rank 23=m25 slot=47
rank 24=m25 slot=56
rank 25=m25 slot=57
rank 26=m25 slot=58
rank 27=m25 slot=59
rank 28=m25 slot=60
rank 29=m25 slot=61
rank 30=m25 slot=62
rank 31=m25 slot=63
rank 32=m25 slot=72
rank 33=m25 slot=73
rank 34=m25 slot=74
rank 35=m25 slot=75
rank 36=m25 slot=76
rank 37=m25 slot=77
rank 38=m25 slot=78
rank 39=m25 slot=79
rank 40=m25 slot=88
rank 41=m25 slot=89
rank 42=m25 slot=90
rank 43=m25 slot=91
rank 44=m25 slot=92
rank 45=m25 slot=93
rank 46=m25 slot=94
rank 47=m25 slot=95
rank 48=m25 slot=104
rank 49=m25 slot=105
rank 50=m25 slot=106
rank 51=m25 slot=107
rank 52=m25 slot=108
rank 53=m25 slot=109
rank 54=m25 slot=110
rank 55=m25 slot=111
rank 56=m25 slot=120
rank 57=m25 slot=121
rank 58=m25 slot=122
rank 59=m25 slot=123
rank 60=m25 slot=124
rank 61=m25 slot=125
rank 62=m25 slot=126
rank 63=m25 slot=127
## REPORT 1:
Rank 0: Node m25, CPU core 0, NUMA node 0
Rank 1: Node m25, CPU core 1, NUMA node 0
Rank 2: Node m25, CPU core 2, NUMA node 0
Rank 3: Node m25, CPU core 3, NUMA node 0
Rank 4: Node m25, CPU core 4, NUMA node 0
Rank 5: Node m25, CPU core 5, NUMA node 0
Rank 6: Node m25, CPU core 6, NUMA node 0
Rank 7: Node m25, CPU core 7, NUMA node 0
Rank 8: Node m25, CPU core 16, NUMA node 1
Rank 9: Node m25, CPU core 17, NUMA node 1
Rank 10: Node m25, CPU core 18, NUMA node 1
Rank 11: Node m25, CPU core 19, NUMA node 1
Rank 12: Node m25, CPU core 20, NUMA node 1
Rank 13: Node m25, CPU core 21, NUMA node 1
Rank 14: Node m25, CPU core 22, NUMA node 1
Rank 15: Node m25, CPU core 23, NUMA node 1
Rank 16: Node m25, CPU core 32, NUMA node 2
Rank 17: Node m25, CPU core 33, NUMA node 2
Rank 18: Node m25, CPU core 34, NUMA node 2
Rank 19: Node m25, CPU core 35, NUMA node 2
Rank 20: Node m25, CPU core 36, NUMA node 2
Rank 21: Node m25, CPU core 37, NUMA node 2
Rank 22: Node m25, CPU core 38, NUMA node 2
Rank 23: Node m25, CPU core 39, NUMA node 2
Rank 24: Node m25, CPU core 48, NUMA node 3
Rank 25: Node m25, CPU core 49, NUMA node 3
Rank 26: Node m25, CPU core 50, NUMA node 3
Rank 27: Node m25, CPU core 51, NUMA node 3
Rank 28: Node m25, CPU core 52, NUMA node 3
Rank 29: Node m25, CPU core 53, NUMA node 3
Rank 30: Node m25, CPU core 54, NUMA node 3
Rank 31: Node m25, CPU core 55, NUMA node 3
Rank 32: Node m25, CPU core 64, NUMA node 4
Rank 33: Node m25, CPU core 65, NUMA node 4
Rank 34: Node m25, CPU core 66, NUMA node 4
Rank 35: Node m25, CPU core 67, NUMA node 4
Rank 36: Node m25, CPU core 68, NUMA node 4
Rank 37: Node m25, CPU core 69, NUMA node 4
Rank 38: Node m25, CPU core 70, NUMA node 4
Rank 39: Node m25, CPU core 71, NUMA node 4
Rank 40: Node m25, CPU core 80, NUMA node 5
Rank 41: Node m25, CPU core 81, NUMA node 5
Rank 42: Node m25, CPU core 82, NUMA node 5
Rank 43: Node m25, CPU core 83, NUMA node 5
Rank 44: Node m25, CPU core 84, NUMA node 5
Rank 45: Node m25, CPU core 85, NUMA node 5
Rank 46: Node m25, CPU core 86, NUMA node 5
Rank 47: Node m25, CPU core 87, NUMA node 5
Rank 48: Node m25, CPU core 96, NUMA node 6
Rank 49: Node m25, CPU core 97, NUMA node 6
Rank 50: Node m25, CPU core 98, NUMA node 6
Rank 51: Node m25, CPU core 99, NUMA node 6
Rank 52: Node m25, CPU core 100, NUMA node 6
Rank 53: Node m25, CPU core 101, NUMA node 6
Rank 54: Node m25, CPU core 102, NUMA node 6
Rank 55: Node m25, CPU core 103, NUMA node 6
Rank 56: Node m25, CPU core 112, NUMA node 7
Rank 57: Node m25, CPU core 113, NUMA node 7
Rank 58: Node m25, CPU core 114, NUMA node 7
Rank 59: Node m25, CPU core 115, NUMA node 7
Rank 60: Node m25, CPU core 116, NUMA node 7
Rank 61: Node m25, CPU core 117, NUMA node 7
Rank 62: Node m25, CPU core 118, NUMA node 7
Rank 63: Node m25, CPU core 119, NUMA node 7

===== SUMMARY =====

----- NODE: m25 -----
CPU cores used: 0 1 2 3 4 5 6 7 16 17 18 19 20 21 22 23 32 33 34 35 36 37 38 39 48 49 50 51 52 53 54 55 64 65 66 67 68 69 70 71 80 81 82 83 84 85 86 87 96 97 98 99 100 101 102 103 112 113 114 115 116 117 118 119 
NUMA nodes used: 0 1 2 3 4 5 6 7 
## REPORT 2:
Rank 0: Node m25, CPU core 8, NUMA node 0
Rank 1: Node m25, CPU core 9, NUMA node 0
Rank 2: Node m25, CPU core 10, NUMA node 0
Rank 3: Node m25, CPU core 11, NUMA node 0
Rank 4: Node m25, CPU core 12, NUMA node 0
Rank 5: Node m25, CPU core 13, NUMA node 0
Rank 6: Node m25, CPU core 14, NUMA node 0
Rank 7: Node m25, CPU core 15, NUMA node 0
Rank 8: Node m25, CPU core 24, NUMA node 1
Rank 9: Node m25, CPU core 25, NUMA node 1
Rank 10: Node m25, CPU core 26, NUMA node 1
Rank 11: Node m25, CPU core 27, NUMA node 1
Rank 12: Node m25, CPU core 28, NUMA node 1
Rank 13: Node m25, CPU core 29, NUMA node 1
Rank 14: Node m25, CPU core 30, NUMA node 1
Rank 15: Node m25, CPU core 31, NUMA node 1
Rank 16: Node m25, CPU core 40, NUMA node 2
Rank 17: Node m25, CPU core 41, NUMA node 2
Rank 18: Node m25, CPU core 42, NUMA node 2
Rank 19: Node m25, CPU core 43, NUMA node 2
Rank 20: Node m25, CPU core 44, NUMA node 2
Rank 21: Node m25, CPU core 45, NUMA node 2
Rank 22: Node m25, CPU core 46, NUMA node 2
Rank 23: Node m25, CPU core 47, NUMA node 2
Rank 24: Node m25, CPU core 56, NUMA node 3
Rank 25: Node m25, CPU core 57, NUMA node 3
Rank 26: Node m25, CPU core 58, NUMA node 3
Rank 27: Node m25, CPU core 59, NUMA node 3
Rank 28: Node m25, CPU core 60, NUMA node 3
Rank 29: Node m25, CPU core 61, NUMA node 3
Rank 30: Node m25, CPU core 62, NUMA node 3
Rank 31: Node m25, CPU core 63, NUMA node 3
Rank 32: Node m25, CPU core 72, NUMA node 4
Rank 33: Node m25, CPU core 73, NUMA node 4
Rank 34: Node m25, CPU core 74, NUMA node 4
Rank 35: Node m25, CPU core 75, NUMA node 4
Rank 36: Node m25, CPU core 76, NUMA node 4
Rank 37: Node m25, CPU core 77, NUMA node 4
Rank 38: Node m25, CPU core 78, NUMA node 4
Rank 39: Node m25, CPU core 79, NUMA node 4
Rank 40: Node m25, CPU core 88, NUMA node 5
Rank 41: Node m25, CPU core 89, NUMA node 5
Rank 42: Node m25, CPU core 90, NUMA node 5
Rank 43: Node m25, CPU core 91, NUMA node 5
Rank 44: Node m25, CPU core 92, NUMA node 5
Rank 45: Node m25, CPU core 93, NUMA node 5
Rank 46: Node m25, CPU core 94, NUMA node 5
Rank 47: Node m25, CPU core 95, NUMA node 5
Rank 48: Node m25, CPU core 104, NUMA node 6
Rank 49: Node m25, CPU core 105, NUMA node 6
Rank 50: Node m25, CPU core 106, NUMA node 6
Rank 51: Node m25, CPU core 107, NUMA node 6
Rank 52: Node m25, CPU core 108, NUMA node 6
Rank 53: Node m25, CPU core 109, NUMA node 6
Rank 54: Node m25, CPU core 110, NUMA node 6
Rank 55: Node m25, CPU core 111, NUMA node 6
Rank 56: Node m25, CPU core 120, NUMA node 7
Rank 57: Node m25, CPU core 121, NUMA node 7
Rank 58: Node m25, CPU core 122, NUMA node 7
Rank 59: Node m25, CPU core 123, NUMA node 7
Rank 60: Node m25, CPU core 124, NUMA node 7
Rank 61: Node m25, CPU core 125, NUMA node 7
Rank 62: Node m25, CPU core 126, NUMA node 7
Rank 63: Node m25, CPU core 127, NUMA node 7

===== SUMMARY =====

----- NODE: m25 -----
CPU cores used: 8 9 10 11 12 13 14 15 24 25 26 27 28 29 30 31 40 41 42 43 44 45 46 47 56 57 58 59 60 61 62 63 72 73 74 75 76 77 78 79 88 89 90 91 92 93 94 95 104 105 106 107 108 109 110 111 120 121 122 123 124 125 126 127 
NUMA nodes used: 0 1 2 3 4 5 6 7 
## EXECUTE:
### mpirun 1 2026-07-05 21:52:15
### mpirun 1 2026-07-05 21:52:15
### mpirun 2 2026-07-05 21:54:35
### mpirun 3 2026-07-05 21:56:52
### mpirun 4 2026-07-05 21:59:09
### mpirun 2 2026-07-05 22:00:46
### mpirun 5 2026-07-05 22:01:26
### mpirun 6 2026-07-05 22:03:43
### mpirun 7 2026-07-05 22:06:01
### mpirun 8 2026-07-05 22:08:17
### mpirun 3 2026-07-05 22:09:14
### mpirun 9 2026-07-05 22:10:33
### mpirun 10 2026-07-05 22:12:49
### mpirun 11 2026-07-05 22:15:06
### mpirun 12 2026-07-05 22:17:22
## BENCH 1:
### mpirun 1 2026-07-05 21:52:15


 NAS Parallel Benchmarks 3.4 -- MG Benchmark

 No input file. Using compiled defaults 
 Size: 2048x2048x2048  (class E)
 Iterations:   50
 Total number of processes:     64


 Initialization time:          21.602 seconds

  iter    1
  iter    5
  iter   10
  iter   15
  iter   20
  iter   25
  iter   30
  iter   35
  iter   40
  iter   45
  iter   50

 Benchmark completed 
 VERIFICATION SUCCESSFUL 
 L2 Norm is  0.5630442584583E-10
 Error is    0.2268381496319E-10


 MG Benchmark Completed.
 Class           =                        E
 Size            =           2048x2048x2048
 Iterations      =                       50
 Time in seconds =                   485.98
 Total processes =                       64
 Active processes=                       64
 Mop/s total     =                 51259.41
 Mop/s/process   =                   800.93
 Operation type  =           floating point
 Verification    =               SUCCESSFUL
 Version         =                    3.4.4
 Compile date    =              06 Apr 2026

 Compile options:
    MPIFC        = mpif90
    FLINK        = $(MPIFC)
    FMPI_LIB     = (none)
    FMPI_INC     = (none)
    FFLAGS       = -O3
    FLINKFLAGS   = $(FFLAGS)
    RAND         = randi8


 Please send feedbacks and/or the results of this run to:

 NPB Development Team 
 Internet: npb@nas.nasa.gov


### mpirun 2 2026-07-05 22:00:46


 NAS Parallel Benchmarks 3.4 -- MG Benchmark

 No input file. Using compiled defaults 
 Size: 2048x2048x2048  (class E)
 Iterations:   50
 Total number of processes:     64


 Initialization time:          21.551 seconds

  iter    1
  iter    5
  iter   10
  iter   15
  iter   20
  iter   25
  iter   30
  iter   35
  iter   40
  iter   45
  iter   50

 Benchmark completed 
 VERIFICATION SUCCESSFUL 
 L2 Norm is  0.5630442584583E-10
 Error is    0.2268381496319E-10


 MG Benchmark Completed.
 Class           =                        E
 Size            =           2048x2048x2048
 Iterations      =                       50
 Time in seconds =                   484.13
 Total processes =                       64
 Active processes=                       64
 Mop/s total     =                 51454.64
 Mop/s/process   =                   803.98
 Operation type  =           floating point
 Verification    =               SUCCESSFUL
 Version         =                    3.4.4
 Compile date    =              06 Apr 2026

 Compile options:
    MPIFC        = mpif90
    FLINK        = $(MPIFC)
    FMPI_LIB     = (none)
    FMPI_INC     = (none)
    FFLAGS       = -O3
    FLINKFLAGS   = $(FFLAGS)
    RAND         = randi8


 Please send feedbacks and/or the results of this run to:

 NPB Development Team 
 Internet: npb@nas.nasa.gov


### mpirun 3 2026-07-05 22:09:14


 NAS Parallel Benchmarks 3.4 -- MG Benchmark

 No input file. Using compiled defaults 
 Size: 2048x2048x2048  (class E)
 Iterations:   50
 Total number of processes:     64


 Initialization time:          21.503 seconds

  iter    1
  iter    5
  iter   10
  iter   15
  iter   20
  iter   25
  iter   30
  iter   35
  iter   40
  iter   45
  iter   50

 Benchmark completed 
 VERIFICATION SUCCESSFUL 
 L2 Norm is  0.5630442584583E-10
 Error is    0.2268381496319E-10


 MG Benchmark Completed.
 Class           =                        E
 Size            =           2048x2048x2048
 Iterations      =                       50
 Time in seconds =                   485.47
 Total processes =                       64
 Active processes=                       64
 Mop/s total     =                 51312.95
 Mop/s/process   =                   801.76
 Operation type  =           floating point
 Verification    =               SUCCESSFUL
 Version         =                    3.4.4
 Compile date    =              06 Apr 2026

 Compile options:
    MPIFC        = mpif90
    FLINK        = $(MPIFC)
    FMPI_LIB     = (none)
    FMPI_INC     = (none)
    FFLAGS       = -O3
    FLINKFLAGS   = $(FFLAGS)
    RAND         = randi8


 Please send feedbacks and/or the results of this run to:

 NPB Development Team 
 Internet: npb@nas.nasa.gov


## BENCH 2:
### mpirun 1 2026-07-05 21:52:15


 NAS Parallel Benchmarks 3.4 -- FT Benchmark

 No input file inputft.data. Using compiled defaults
 Size                : 2048x1024x1024  (class D)
 Iterations          :             25
 Number of processes :             64
 Processor array     :         1x  64
 Layout type         :             1D

 Initialization time =      6.9803

 T =    1     Checksum =    5.122230065252D+02    5.118534037109D+02
 T =    2     Checksum =    5.120463975765D+02    5.117061181082D+02
 T =    3     Checksum =    5.119865766760D+02    5.117096364601D+02
 T =    4     Checksum =    5.119518799488D+02    5.117373863950D+02
 T =    5     Checksum =    5.119269088223D+02    5.117680347632D+02
 T =    6     Checksum =    5.119082416858D+02    5.117967875532D+02
 T =    7     Checksum =    5.118943814638D+02    5.118225281841D+02
 T =    8     Checksum =    5.118842385057D+02    5.118451629348D+02
 T =    9     Checksum =    5.118769435632D+02    5.118649119387D+02
 T =   10     Checksum =    5.118718203448D+02    5.118820803844D+02
 T =   11     Checksum =    5.118683569061D+02    5.118969781011D+02
 T =   12     Checksum =    5.118661708593D+02    5.119098918835D+02
 T =   13     Checksum =    5.118649768950D+02    5.119210777066D+02
 T =   14     Checksum =    5.118645605626D+02    5.119307604484D+02
 T =   15     Checksum =    5.118647586618D+02    5.119391362671D+02
 T =   16     Checksum =    5.118654451572D+02    5.119463757241D+02
 T =   17     Checksum =    5.118665212451D+02    5.119526269238D+02
 T =   18     Checksum =    5.118679083821D+02    5.119580184108D+02
 T =   19     Checksum =    5.118695433664D+02    5.119626617538D+02
 T =   20     Checksum =    5.118713748264D+02    5.119666538138D+02
 T =   21     Checksum =    5.118733606701D+02    5.119700787219D+02
 T =   22     Checksum =    5.118754661974D+02    5.119730095953D+02
 T =   23     Checksum =    5.118776626738D+02    5.119755100241D+02
 T =   24     Checksum =    5.118799262314D+02    5.119776353561D+02
 T =   25     Checksum =    5.118822370068D+02    5.119794338060D+02
 Result verification successful


 FT Benchmark Completed.
 Class           =                        D
 Size            =           2048x1024x1024
 Iterations      =                       25
 Time in seconds =                   129.16
 Total processes =                       64
 Active processes=                       64
 Mop/s total     =                 69401.25
 Mop/s/process   =                  1084.39
 Operation type  =           floating point
 Verification    =               SUCCESSFUL
 Version         =                    3.4.4
 Compile date    =              06 Apr 2026

 Compile options:
    MPIFC        = mpif90
    FLINK        = $(MPIFC)
    FMPI_LIB     = (none)
    FMPI_INC     = (none)
    FFLAGS       = -O3
    FLINKFLAGS   = $(FFLAGS)
    RAND         = randi8


 Please send feedbacks and/or the results of this run to:

 NPB Development Team 
 Internet: npb@nas.nasa.gov


### mpirun 2 2026-07-05 21:54:35


 NAS Parallel Benchmarks 3.4 -- FT Benchmark

 No input file inputft.data. Using compiled defaults
 Size                : 2048x1024x1024  (class D)
 Iterations          :             25
 Number of processes :             64
 Processor array     :         1x  64
 Layout type         :             1D

 Initialization time =      6.6365

 T =    1     Checksum =    5.122230065252D+02    5.118534037109D+02
 T =    2     Checksum =    5.120463975765D+02    5.117061181082D+02
 T =    3     Checksum =    5.119865766760D+02    5.117096364601D+02
 T =    4     Checksum =    5.119518799488D+02    5.117373863950D+02
 T =    5     Checksum =    5.119269088223D+02    5.117680347632D+02
 T =    6     Checksum =    5.119082416858D+02    5.117967875532D+02
 T =    7     Checksum =    5.118943814638D+02    5.118225281841D+02
 T =    8     Checksum =    5.118842385057D+02    5.118451629348D+02
 T =    9     Checksum =    5.118769435632D+02    5.118649119387D+02
 T =   10     Checksum =    5.118718203448D+02    5.118820803844D+02
 T =   11     Checksum =    5.118683569061D+02    5.118969781011D+02
 T =   12     Checksum =    5.118661708593D+02    5.119098918835D+02
 T =   13     Checksum =    5.118649768950D+02    5.119210777066D+02
 T =   14     Checksum =    5.118645605626D+02    5.119307604484D+02
 T =   15     Checksum =    5.118647586618D+02    5.119391362671D+02
 T =   16     Checksum =    5.118654451572D+02    5.119463757241D+02
 T =   17     Checksum =    5.118665212451D+02    5.119526269238D+02
 T =   18     Checksum =    5.118679083821D+02    5.119580184108D+02
 T =   19     Checksum =    5.118695433664D+02    5.119626617538D+02
 T =   20     Checksum =    5.118713748264D+02    5.119666538138D+02
 T =   21     Checksum =    5.118733606701D+02    5.119700787219D+02
 T =   22     Checksum =    5.118754661974D+02    5.119730095953D+02
 T =   23     Checksum =    5.118776626738D+02    5.119755100241D+02
 T =   24     Checksum =    5.118799262314D+02    5.119776353561D+02
 T =   25     Checksum =    5.118822370068D+02    5.119794338060D+02
 Result verification successful


 FT Benchmark Completed.
 Class           =                        D
 Size            =           2048x1024x1024
 Iterations      =                       25
 Time in seconds =                   128.73
 Total processes =                       64
 Active processes=                       64
 Mop/s total     =                 69633.65
 Mop/s/process   =                  1088.03
 Operation type  =           floating point
 Verification    =               SUCCESSFUL
 Version         =                    3.4.4
 Compile date    =              06 Apr 2026

 Compile options:
    MPIFC        = mpif90
    FLINK        = $(MPIFC)
    FMPI_LIB     = (none)
    FMPI_INC     = (none)
    FFLAGS       = -O3
    FLINKFLAGS   = $(FFLAGS)
    RAND         = randi8


 Please send feedbacks and/or the results of this run to:

 NPB Development Team 
 Internet: npb@nas.nasa.gov


### mpirun 3 2026-07-05 21:56:52


 NAS Parallel Benchmarks 3.4 -- FT Benchmark

 No input file inputft.data. Using compiled defaults
 Size                : 2048x1024x1024  (class D)
 Iterations          :             25
 Number of processes :             64
 Processor array     :         1x  64
 Layout type         :             1D

 Initialization time =      6.5153

 T =    1     Checksum =    5.122230065252D+02    5.118534037109D+02
 T =    2     Checksum =    5.120463975765D+02    5.117061181082D+02
 T =    3     Checksum =    5.119865766760D+02    5.117096364601D+02
 T =    4     Checksum =    5.119518799488D+02    5.117373863950D+02
 T =    5     Checksum =    5.119269088223D+02    5.117680347632D+02
 T =    6     Checksum =    5.119082416858D+02    5.117967875532D+02
 T =    7     Checksum =    5.118943814638D+02    5.118225281841D+02
 T =    8     Checksum =    5.118842385057D+02    5.118451629348D+02
 T =    9     Checksum =    5.118769435632D+02    5.118649119387D+02
 T =   10     Checksum =    5.118718203448D+02    5.118820803844D+02
 T =   11     Checksum =    5.118683569061D+02    5.118969781011D+02
 T =   12     Checksum =    5.118661708593D+02    5.119098918835D+02
 T =   13     Checksum =    5.118649768950D+02    5.119210777066D+02
 T =   14     Checksum =    5.118645605626D+02    5.119307604484D+02
 T =   15     Checksum =    5.118647586618D+02    5.119391362671D+02
 T =   16     Checksum =    5.118654451572D+02    5.119463757241D+02
 T =   17     Checksum =    5.118665212451D+02    5.119526269238D+02
 T =   18     Checksum =    5.118679083821D+02    5.119580184108D+02
 T =   19     Checksum =    5.118695433664D+02    5.119626617538D+02
 T =   20     Checksum =    5.118713748264D+02    5.119666538138D+02
 T =   21     Checksum =    5.118733606701D+02    5.119700787219D+02
 T =   22     Checksum =    5.118754661974D+02    5.119730095953D+02
 T =   23     Checksum =    5.118776626738D+02    5.119755100241D+02
 T =   24     Checksum =    5.118799262314D+02    5.119776353561D+02
 T =   25     Checksum =    5.118822370068D+02    5.119794338060D+02
 Result verification successful


 FT Benchmark Completed.
 Class           =                        D
 Size            =           2048x1024x1024
 Iterations      =                       25
 Time in seconds =                   128.33
 Total processes =                       64
 Active processes=                       64
 Mop/s total     =                 69847.89
 Mop/s/process   =                  1091.37
 Operation type  =           floating point
 Verification    =               SUCCESSFUL
 Version         =                    3.4.4
 Compile date    =              06 Apr 2026

 Compile options:
    MPIFC        = mpif90
    FLINK        = $(MPIFC)
    FMPI_LIB     = (none)
    FMPI_INC     = (none)
    FFLAGS       = -O3
    FLINKFLAGS   = $(FFLAGS)
    RAND         = randi8


 Please send feedbacks and/or the results of this run to:

 NPB Development Team 
 Internet: npb@nas.nasa.gov


### mpirun 4 2026-07-05 21:59:09


 NAS Parallel Benchmarks 3.4 -- FT Benchmark

 No input file inputft.data. Using compiled defaults
 Size                : 2048x1024x1024  (class D)
 Iterations          :             25
 Number of processes :             64
 Processor array     :         1x  64
 Layout type         :             1D

 Initialization time =      6.4801

 T =    1     Checksum =    5.122230065252D+02    5.118534037109D+02
 T =    2     Checksum =    5.120463975765D+02    5.117061181082D+02
 T =    3     Checksum =    5.119865766760D+02    5.117096364601D+02
 T =    4     Checksum =    5.119518799488D+02    5.117373863950D+02
 T =    5     Checksum =    5.119269088223D+02    5.117680347632D+02
 T =    6     Checksum =    5.119082416858D+02    5.117967875532D+02
 T =    7     Checksum =    5.118943814638D+02    5.118225281841D+02
 T =    8     Checksum =    5.118842385057D+02    5.118451629348D+02
 T =    9     Checksum =    5.118769435632D+02    5.118649119387D+02
 T =   10     Checksum =    5.118718203448D+02    5.118820803844D+02
 T =   11     Checksum =    5.118683569061D+02    5.118969781011D+02
 T =   12     Checksum =    5.118661708593D+02    5.119098918835D+02
 T =   13     Checksum =    5.118649768950D+02    5.119210777066D+02
 T =   14     Checksum =    5.118645605626D+02    5.119307604484D+02
 T =   15     Checksum =    5.118647586618D+02    5.119391362671D+02
 T =   16     Checksum =    5.118654451572D+02    5.119463757241D+02
 T =   17     Checksum =    5.118665212451D+02    5.119526269238D+02
 T =   18     Checksum =    5.118679083821D+02    5.119580184108D+02
 T =   19     Checksum =    5.118695433664D+02    5.119626617538D+02
 T =   20     Checksum =    5.118713748264D+02    5.119666538138D+02
 T =   21     Checksum =    5.118733606701D+02    5.119700787219D+02
 T =   22     Checksum =    5.118754661974D+02    5.119730095953D+02
 T =   23     Checksum =    5.118776626738D+02    5.119755100241D+02
 T =   24     Checksum =    5.118799262314D+02    5.119776353561D+02
 T =   25     Checksum =    5.118822370068D+02    5.119794338060D+02
 Result verification successful


 FT Benchmark Completed.
 Class           =                        D
 Size            =           2048x1024x1024
 Iterations      =                       25
 Time in seconds =                   128.62
 Total processes =                       64
 Active processes=                       64
 Mop/s total     =                 69690.95
 Mop/s/process   =                  1088.92
 Operation type  =           floating point
 Verification    =               SUCCESSFUL
 Version         =                    3.4.4
 Compile date    =              06 Apr 2026

 Compile options:
    MPIFC        = mpif90
    FLINK        = $(MPIFC)
    FMPI_LIB     = (none)
    FMPI_INC     = (none)
    FFLAGS       = -O3
    FLINKFLAGS   = $(FFLAGS)
    RAND         = randi8


 Please send feedbacks and/or the results of this run to:

 NPB Development Team 
 Internet: npb@nas.nasa.gov


### mpirun 5 2026-07-05 22:01:26


 NAS Parallel Benchmarks 3.4 -- FT Benchmark

 No input file inputft.data. Using compiled defaults
 Size                : 2048x1024x1024  (class D)
 Iterations          :             25
 Number of processes :             64
 Processor array     :         1x  64
 Layout type         :             1D

 Initialization time =      6.4830

 T =    1     Checksum =    5.122230065252D+02    5.118534037109D+02
 T =    2     Checksum =    5.120463975765D+02    5.117061181082D+02
 T =    3     Checksum =    5.119865766760D+02    5.117096364601D+02
 T =    4     Checksum =    5.119518799488D+02    5.117373863950D+02
 T =    5     Checksum =    5.119269088223D+02    5.117680347632D+02
 T =    6     Checksum =    5.119082416858D+02    5.117967875532D+02
 T =    7     Checksum =    5.118943814638D+02    5.118225281841D+02
 T =    8     Checksum =    5.118842385057D+02    5.118451629348D+02
 T =    9     Checksum =    5.118769435632D+02    5.118649119387D+02
 T =   10     Checksum =    5.118718203448D+02    5.118820803844D+02
 T =   11     Checksum =    5.118683569061D+02    5.118969781011D+02
 T =   12     Checksum =    5.118661708593D+02    5.119098918835D+02
 T =   13     Checksum =    5.118649768950D+02    5.119210777066D+02
 T =   14     Checksum =    5.118645605626D+02    5.119307604484D+02
 T =   15     Checksum =    5.118647586618D+02    5.119391362671D+02
 T =   16     Checksum =    5.118654451572D+02    5.119463757241D+02
 T =   17     Checksum =    5.118665212451D+02    5.119526269238D+02
 T =   18     Checksum =    5.118679083821D+02    5.119580184108D+02
 T =   19     Checksum =    5.118695433664D+02    5.119626617538D+02
 T =   20     Checksum =    5.118713748264D+02    5.119666538138D+02
 T =   21     Checksum =    5.118733606701D+02    5.119700787219D+02
 T =   22     Checksum =    5.118754661974D+02    5.119730095953D+02
 T =   23     Checksum =    5.118776626738D+02    5.119755100241D+02
 T =   24     Checksum =    5.118799262314D+02    5.119776353561D+02
 T =   25     Checksum =    5.118822370068D+02    5.119794338060D+02
 Result verification successful


 FT Benchmark Completed.
 Class           =                        D
 Size            =           2048x1024x1024
 Iterations      =                       25
 Time in seconds =                   128.92
 Total processes =                       64
 Active processes=                       64
 Mop/s total     =                 69526.86
 Mop/s/process   =                  1086.36
 Operation type  =           floating point
 Verification    =               SUCCESSFUL
 Version         =                    3.4.4
 Compile date    =              06 Apr 2026

 Compile options:
    MPIFC        = mpif90
    FLINK        = $(MPIFC)
    FMPI_LIB     = (none)
    FMPI_INC     = (none)
    FFLAGS       = -O3
    FLINKFLAGS   = $(FFLAGS)
    RAND         = randi8


 Please send feedbacks and/or the results of this run to:

 NPB Development Team 
 Internet: npb@nas.nasa.gov


### mpirun 6 2026-07-05 22:03:43


 NAS Parallel Benchmarks 3.4 -- FT Benchmark

 No input file inputft.data. Using compiled defaults
 Size                : 2048x1024x1024  (class D)
 Iterations          :             25
 Number of processes :             64
 Processor array     :         1x  64
 Layout type         :             1D

 Initialization time =      6.5099

 T =    1     Checksum =    5.122230065252D+02    5.118534037109D+02
 T =    2     Checksum =    5.120463975765D+02    5.117061181082D+02
 T =    3     Checksum =    5.119865766760D+02    5.117096364601D+02
 T =    4     Checksum =    5.119518799488D+02    5.117373863950D+02
 T =    5     Checksum =    5.119269088223D+02    5.117680347632D+02
 T =    6     Checksum =    5.119082416858D+02    5.117967875532D+02
 T =    7     Checksum =    5.118943814638D+02    5.118225281841D+02
 T =    8     Checksum =    5.118842385057D+02    5.118451629348D+02
 T =    9     Checksum =    5.118769435632D+02    5.118649119387D+02
 T =   10     Checksum =    5.118718203448D+02    5.118820803844D+02
 T =   11     Checksum =    5.118683569061D+02    5.118969781011D+02
 T =   12     Checksum =    5.118661708593D+02    5.119098918835D+02
 T =   13     Checksum =    5.118649768950D+02    5.119210777066D+02
 T =   14     Checksum =    5.118645605626D+02    5.119307604484D+02
 T =   15     Checksum =    5.118647586618D+02    5.119391362671D+02
 T =   16     Checksum =    5.118654451572D+02    5.119463757241D+02
 T =   17     Checksum =    5.118665212451D+02    5.119526269238D+02
 T =   18     Checksum =    5.118679083821D+02    5.119580184108D+02
 T =   19     Checksum =    5.118695433664D+02    5.119626617538D+02
 T =   20     Checksum =    5.118713748264D+02    5.119666538138D+02
 T =   21     Checksum =    5.118733606701D+02    5.119700787219D+02
 T =   22     Checksum =    5.118754661974D+02    5.119730095953D+02
 T =   23     Checksum =    5.118776626738D+02    5.119755100241D+02
 T =   24     Checksum =    5.118799262314D+02    5.119776353561D+02
 T =   25     Checksum =    5.118822370068D+02    5.119794338060D+02
 Result verification successful


 FT Benchmark Completed.
 Class           =                        D
 Size            =           2048x1024x1024
 Iterations      =                       25
 Time in seconds =                   128.69
 Total processes =                       64
 Active processes=                       64
 Mop/s total     =                 69652.29
 Mop/s/process   =                  1088.32
 Operation type  =           floating point
 Verification    =               SUCCESSFUL
 Version         =                    3.4.4
 Compile date    =              06 Apr 2026

 Compile options:
    MPIFC        = mpif90
    FLINK        = $(MPIFC)
    FMPI_LIB     = (none)
    FMPI_INC     = (none)
    FFLAGS       = -O3
    FLINKFLAGS   = $(FFLAGS)
    RAND         = randi8


 Please send feedbacks and/or the results of this run to:

 NPB Development Team 
 Internet: npb@nas.nasa.gov


### mpirun 7 2026-07-05 22:06:01


 NAS Parallel Benchmarks 3.4 -- FT Benchmark

 No input file inputft.data. Using compiled defaults
 Size                : 2048x1024x1024  (class D)
 Iterations          :             25
 Number of processes :             64
 Processor array     :         1x  64
 Layout type         :             1D

 Initialization time =      6.4632

 T =    1     Checksum =    5.122230065252D+02    5.118534037109D+02
 T =    2     Checksum =    5.120463975765D+02    5.117061181082D+02
 T =    3     Checksum =    5.119865766760D+02    5.117096364601D+02
 T =    4     Checksum =    5.119518799488D+02    5.117373863950D+02
 T =    5     Checksum =    5.119269088223D+02    5.117680347632D+02
 T =    6     Checksum =    5.119082416858D+02    5.117967875532D+02
 T =    7     Checksum =    5.118943814638D+02    5.118225281841D+02
 T =    8     Checksum =    5.118842385057D+02    5.118451629348D+02
 T =    9     Checksum =    5.118769435632D+02    5.118649119387D+02
 T =   10     Checksum =    5.118718203448D+02    5.118820803844D+02
 T =   11     Checksum =    5.118683569061D+02    5.118969781011D+02
 T =   12     Checksum =    5.118661708593D+02    5.119098918835D+02
 T =   13     Checksum =    5.118649768950D+02    5.119210777066D+02
 T =   14     Checksum =    5.118645605626D+02    5.119307604484D+02
 T =   15     Checksum =    5.118647586618D+02    5.119391362671D+02
 T =   16     Checksum =    5.118654451572D+02    5.119463757241D+02
 T =   17     Checksum =    5.118665212451D+02    5.119526269238D+02
 T =   18     Checksum =    5.118679083821D+02    5.119580184108D+02
 T =   19     Checksum =    5.118695433664D+02    5.119626617538D+02
 T =   20     Checksum =    5.118713748264D+02    5.119666538138D+02
 T =   21     Checksum =    5.118733606701D+02    5.119700787219D+02
 T =   22     Checksum =    5.118754661974D+02    5.119730095953D+02
 T =   23     Checksum =    5.118776626738D+02    5.119755100241D+02
 T =   24     Checksum =    5.118799262314D+02    5.119776353561D+02
 T =   25     Checksum =    5.118822370068D+02    5.119794338060D+02
 Result verification successful


 FT Benchmark Completed.
 Class           =                        D
 Size            =           2048x1024x1024
 Iterations      =                       25
 Time in seconds =                   127.71
 Total processes =                       64
 Active processes=                       64
 Mop/s total     =                 70186.30
 Mop/s/process   =                  1096.66
 Operation type  =           floating point
 Verification    =               SUCCESSFUL
 Version         =                    3.4.4
 Compile date    =              06 Apr 2026

 Compile options:
    MPIFC        = mpif90
    FLINK        = $(MPIFC)
    FMPI_LIB     = (none)
    FMPI_INC     = (none)
    FFLAGS       = -O3
    FLINKFLAGS   = $(FFLAGS)
    RAND         = randi8


 Please send feedbacks and/or the results of this run to:

 NPB Development Team 
 Internet: npb@nas.nasa.gov


### mpirun 8 2026-07-05 22:08:17


 NAS Parallel Benchmarks 3.4 -- FT Benchmark

 No input file inputft.data. Using compiled defaults
 Size                : 2048x1024x1024  (class D)
 Iterations          :             25
 Number of processes :             64
 Processor array     :         1x  64
 Layout type         :             1D

 Initialization time =      6.4384

 T =    1     Checksum =    5.122230065252D+02    5.118534037109D+02
 T =    2     Checksum =    5.120463975765D+02    5.117061181082D+02
 T =    3     Checksum =    5.119865766760D+02    5.117096364601D+02
 T =    4     Checksum =    5.119518799488D+02    5.117373863950D+02
 T =    5     Checksum =    5.119269088223D+02    5.117680347632D+02
 T =    6     Checksum =    5.119082416858D+02    5.117967875532D+02
 T =    7     Checksum =    5.118943814638D+02    5.118225281841D+02
 T =    8     Checksum =    5.118842385057D+02    5.118451629348D+02
 T =    9     Checksum =    5.118769435632D+02    5.118649119387D+02
 T =   10     Checksum =    5.118718203448D+02    5.118820803844D+02
 T =   11     Checksum =    5.118683569061D+02    5.118969781011D+02
 T =   12     Checksum =    5.118661708593D+02    5.119098918835D+02
 T =   13     Checksum =    5.118649768950D+02    5.119210777066D+02
 T =   14     Checksum =    5.118645605626D+02    5.119307604484D+02
 T =   15     Checksum =    5.118647586618D+02    5.119391362671D+02
 T =   16     Checksum =    5.118654451572D+02    5.119463757241D+02
 T =   17     Checksum =    5.118665212451D+02    5.119526269238D+02
 T =   18     Checksum =    5.118679083821D+02    5.119580184108D+02
 T =   19     Checksum =    5.118695433664D+02    5.119626617538D+02
 T =   20     Checksum =    5.118713748264D+02    5.119666538138D+02
 T =   21     Checksum =    5.118733606701D+02    5.119700787219D+02
 T =   22     Checksum =    5.118754661974D+02    5.119730095953D+02
 T =   23     Checksum =    5.118776626738D+02    5.119755100241D+02
 T =   24     Checksum =    5.118799262314D+02    5.119776353561D+02
 T =   25     Checksum =    5.118822370068D+02    5.119794338060D+02
 Result verification successful


 FT Benchmark Completed.
 Class           =                        D
 Size            =           2048x1024x1024
 Iterations      =                       25
 Time in seconds =                   127.75
 Total processes =                       64
 Active processes=                       64
 Mop/s total     =                 70168.39
 Mop/s/process   =                  1096.38
 Operation type  =           floating point
 Verification    =               SUCCESSFUL
 Version         =                    3.4.4
 Compile date    =              06 Apr 2026

 Compile options:
    MPIFC        = mpif90
    FLINK        = $(MPIFC)
    FMPI_LIB     = (none)
    FMPI_INC     = (none)
    FFLAGS       = -O3
    FLINKFLAGS   = $(FFLAGS)
    RAND         = randi8


 Please send feedbacks and/or the results of this run to:

 NPB Development Team 
 Internet: npb@nas.nasa.gov


### mpirun 9 2026-07-05 22:10:33


 NAS Parallel Benchmarks 3.4 -- FT Benchmark

 No input file inputft.data. Using compiled defaults
 Size                : 2048x1024x1024  (class D)
 Iterations          :             25
 Number of processes :             64
 Processor array     :         1x  64
 Layout type         :             1D

 Initialization time =      6.5560

 T =    1     Checksum =    5.122230065252D+02    5.118534037109D+02
 T =    2     Checksum =    5.120463975765D+02    5.117061181082D+02
 T =    3     Checksum =    5.119865766760D+02    5.117096364601D+02
 T =    4     Checksum =    5.119518799488D+02    5.117373863950D+02
 T =    5     Checksum =    5.119269088223D+02    5.117680347632D+02
 T =    6     Checksum =    5.119082416858D+02    5.117967875532D+02
 T =    7     Checksum =    5.118943814638D+02    5.118225281841D+02
 T =    8     Checksum =    5.118842385057D+02    5.118451629348D+02
 T =    9     Checksum =    5.118769435632D+02    5.118649119387D+02
 T =   10     Checksum =    5.118718203448D+02    5.118820803844D+02
 T =   11     Checksum =    5.118683569061D+02    5.118969781011D+02
 T =   12     Checksum =    5.118661708593D+02    5.119098918835D+02
 T =   13     Checksum =    5.118649768950D+02    5.119210777066D+02
 T =   14     Checksum =    5.118645605626D+02    5.119307604484D+02
 T =   15     Checksum =    5.118647586618D+02    5.119391362671D+02
 T =   16     Checksum =    5.118654451572D+02    5.119463757241D+02
 T =   17     Checksum =    5.118665212451D+02    5.119526269238D+02
 T =   18     Checksum =    5.118679083821D+02    5.119580184108D+02
 T =   19     Checksum =    5.118695433664D+02    5.119626617538D+02
 T =   20     Checksum =    5.118713748264D+02    5.119666538138D+02
 T =   21     Checksum =    5.118733606701D+02    5.119700787219D+02
 T =   22     Checksum =    5.118754661974D+02    5.119730095953D+02
 T =   23     Checksum =    5.118776626738D+02    5.119755100241D+02
 T =   24     Checksum =    5.118799262314D+02    5.119776353561D+02
 T =   25     Checksum =    5.118822370068D+02    5.119794338060D+02
 Result verification successful


 FT Benchmark Completed.
 Class           =                        D
 Size            =           2048x1024x1024
 Iterations      =                       25
 Time in seconds =                   128.09
 Total processes =                       64
 Active processes=                       64
 Mop/s total     =                 69978.70
 Mop/s/process   =                  1093.42
 Operation type  =           floating point
 Verification    =               SUCCESSFUL
 Version         =                    3.4.4
 Compile date    =              06 Apr 2026

 Compile options:
    MPIFC        = mpif90
    FLINK        = $(MPIFC)
    FMPI_LIB     = (none)
    FMPI_INC     = (none)
    FFLAGS       = -O3
    FLINKFLAGS   = $(FFLAGS)
    RAND         = randi8


 Please send feedbacks and/or the results of this run to:

 NPB Development Team 
 Internet: npb@nas.nasa.gov


### mpirun 10 2026-07-05 22:12:49


 NAS Parallel Benchmarks 3.4 -- FT Benchmark

 No input file inputft.data. Using compiled defaults
 Size                : 2048x1024x1024  (class D)
 Iterations          :             25
 Number of processes :             64
 Processor array     :         1x  64
 Layout type         :             1D

 Initialization time =      6.4445

 T =    1     Checksum =    5.122230065252D+02    5.118534037109D+02
 T =    2     Checksum =    5.120463975765D+02    5.117061181082D+02
 T =    3     Checksum =    5.119865766760D+02    5.117096364601D+02
 T =    4     Checksum =    5.119518799488D+02    5.117373863950D+02
 T =    5     Checksum =    5.119269088223D+02    5.117680347632D+02
 T =    6     Checksum =    5.119082416858D+02    5.117967875532D+02
 T =    7     Checksum =    5.118943814638D+02    5.118225281841D+02
 T =    8     Checksum =    5.118842385057D+02    5.118451629348D+02
 T =    9     Checksum =    5.118769435632D+02    5.118649119387D+02
 T =   10     Checksum =    5.118718203448D+02    5.118820803844D+02
 T =   11     Checksum =    5.118683569061D+02    5.118969781011D+02
 T =   12     Checksum =    5.118661708593D+02    5.119098918835D+02
 T =   13     Checksum =    5.118649768950D+02    5.119210777066D+02
 T =   14     Checksum =    5.118645605626D+02    5.119307604484D+02
 T =   15     Checksum =    5.118647586618D+02    5.119391362671D+02
 T =   16     Checksum =    5.118654451572D+02    5.119463757241D+02
 T =   17     Checksum =    5.118665212451D+02    5.119526269238D+02
 T =   18     Checksum =    5.118679083821D+02    5.119580184108D+02
 T =   19     Checksum =    5.118695433664D+02    5.119626617538D+02
 T =   20     Checksum =    5.118713748264D+02    5.119666538138D+02
 T =   21     Checksum =    5.118733606701D+02    5.119700787219D+02
 T =   22     Checksum =    5.118754661974D+02    5.119730095953D+02
 T =   23     Checksum =    5.118776626738D+02    5.119755100241D+02
 T =   24     Checksum =    5.118799262314D+02    5.119776353561D+02
 T =   25     Checksum =    5.118822370068D+02    5.119794338060D+02
 Result verification successful


 FT Benchmark Completed.
 Class           =                        D
 Size            =           2048x1024x1024
 Iterations      =                       25
 Time in seconds =                   128.76
 Total processes =                       64
 Active processes=                       64
 Mop/s total     =                 69616.56
 Mop/s/process   =                  1087.76
 Operation type  =           floating point
 Verification    =               SUCCESSFUL
 Version         =                    3.4.4
 Compile date    =              06 Apr 2026

 Compile options:
    MPIFC        = mpif90
    FLINK        = $(MPIFC)
    FMPI_LIB     = (none)
    FMPI_INC     = (none)
    FFLAGS       = -O3
    FLINKFLAGS   = $(FFLAGS)
    RAND         = randi8


 Please send feedbacks and/or the results of this run to:

 NPB Development Team 
 Internet: npb@nas.nasa.gov


### mpirun 11 2026-07-05 22:15:06


 NAS Parallel Benchmarks 3.4 -- FT Benchmark

 No input file inputft.data. Using compiled defaults
 Size                : 2048x1024x1024  (class D)
 Iterations          :             25
 Number of processes :             64
 Processor array     :         1x  64
 Layout type         :             1D

 Initialization time =      6.4745

 T =    1     Checksum =    5.122230065252D+02    5.118534037109D+02
 T =    2     Checksum =    5.120463975765D+02    5.117061181082D+02
 T =    3     Checksum =    5.119865766760D+02    5.117096364601D+02
 T =    4     Checksum =    5.119518799488D+02    5.117373863950D+02
 T =    5     Checksum =    5.119269088223D+02    5.117680347632D+02
 T =    6     Checksum =    5.119082416858D+02    5.117967875532D+02
 T =    7     Checksum =    5.118943814638D+02    5.118225281841D+02
 T =    8     Checksum =    5.118842385057D+02    5.118451629348D+02
 T =    9     Checksum =    5.118769435632D+02    5.118649119387D+02
 T =   10     Checksum =    5.118718203448D+02    5.118820803844D+02
 T =   11     Checksum =    5.118683569061D+02    5.118969781011D+02
 T =   12     Checksum =    5.118661708593D+02    5.119098918835D+02
 T =   13     Checksum =    5.118649768950D+02    5.119210777066D+02
 T =   14     Checksum =    5.118645605626D+02    5.119307604484D+02
 T =   15     Checksum =    5.118647586618D+02    5.119391362671D+02
 T =   16     Checksum =    5.118654451572D+02    5.119463757241D+02
 T =   17     Checksum =    5.118665212451D+02    5.119526269238D+02
 T =   18     Checksum =    5.118679083821D+02    5.119580184108D+02
 T =   19     Checksum =    5.118695433664D+02    5.119626617538D+02
 T =   20     Checksum =    5.118713748264D+02    5.119666538138D+02
 T =   21     Checksum =    5.118733606701D+02    5.119700787219D+02
 T =   22     Checksum =    5.118754661974D+02    5.119730095953D+02
 T =   23     Checksum =    5.118776626738D+02    5.119755100241D+02
 T =   24     Checksum =    5.118799262314D+02    5.119776353561D+02
 T =   25     Checksum =    5.118822370068D+02    5.119794338060D+02
 Result verification successful


 FT Benchmark Completed.
 Class           =                        D
 Size            =           2048x1024x1024
 Iterations      =                       25
 Time in seconds =                   127.28
 Total processes =                       64
 Active processes=                       64
 Mop/s total     =                 70427.94
 Mop/s/process   =                  1100.44
 Operation type  =           floating point
 Verification    =               SUCCESSFUL
 Version         =                    3.4.4
 Compile date    =              06 Apr 2026

 Compile options:
    MPIFC        = mpif90
    FLINK        = $(MPIFC)
    FMPI_LIB     = (none)
    FMPI_INC     = (none)
    FFLAGS       = -O3
    FLINKFLAGS   = $(FFLAGS)
    RAND         = randi8


 Please send feedbacks and/or the results of this run to:

 NPB Development Team 
 Internet: npb@nas.nasa.gov


### mpirun 12 2026-07-05 22:17:22


 NAS Parallel Benchmarks 3.4 -- FT Benchmark

 No input file inputft.data. Using compiled defaults
 Size                : 2048x1024x1024  (class D)
 Iterations          :             25
 Number of processes :             64
 Processor array     :         1x  64
 Layout type         :             1D

 Initialization time =      6.4731

 T =    1     Checksum =    5.122230065252D+02    5.118534037109D+02
 T =    2     Checksum =    5.120463975765D+02    5.117061181082D+02
 T =    3     Checksum =    5.119865766760D+02    5.117096364601D+02
 T =    4     Checksum =    5.119518799488D+02    5.117373863950D+02
 T =    5     Checksum =    5.119269088223D+02    5.117680347632D+02
 T =    6     Checksum =    5.119082416858D+02    5.117967875532D+02
 T =    7     Checksum =    5.118943814638D+02    5.118225281841D+02
 T =    8     Checksum =    5.118842385057D+02    5.118451629348D+02
 T =    9     Checksum =    5.118769435632D+02    5.118649119387D+02
 T =   10     Checksum =    5.118718203448D+02    5.118820803844D+02
 T =   11     Checksum =    5.118683569061D+02    5.118969781011D+02
 T =   12     Checksum =    5.118661708593D+02    5.119098918835D+02
 T =   13     Checksum =    5.118649768950D+02    5.119210777066D+02
 T =   14     Checksum =    5.118645605626D+02    5.119307604484D+02
 T =   15     Checksum =    5.118647586618D+02    5.119391362671D+02
 T =   16     Checksum =    5.118654451572D+02    5.119463757241D+02
 T =   17     Checksum =    5.118665212451D+02    5.119526269238D+02
 T =   18     Checksum =    5.118679083821D+02    5.119580184108D+02
 T =   19     Checksum =    5.118695433664D+02    5.119626617538D+02
 T =   20     Checksum =    5.118713748264D+02    5.119666538138D+02
 T =   21     Checksum =    5.118733606701D+02    5.119700787219D+02
 T =   22     Checksum =    5.118754661974D+02    5.119730095953D+02
 T =   23     Checksum =    5.118776626738D+02    5.119755100241D+02
 T =   24     Checksum =    5.118799262314D+02    5.119776353561D+02
 T =   25     Checksum =    5.118822370068D+02    5.119794338060D+02
 Result verification successful


 FT Benchmark Completed.
 Class           =                        D
 Size            =           2048x1024x1024
 Iterations      =                       25
 Time in seconds =                    97.79
 Total processes =                       64
 Active processes=                       64
 Mop/s total     =                 91659.76
 Mop/s/process   =                  1432.18
 Operation type  =           floating point
 Verification    =               SUCCESSFUL
 Version         =                    3.4.4
 Compile date    =              06 Apr 2026

 Compile options:
    MPIFC        = mpif90
    FLINK        = $(MPIFC)
    FMPI_LIB     = (none)
    FMPI_INC     = (none)
    FFLAGS       = -O3
    FLINKFLAGS   = $(FFLAGS)
    RAND         = randi8


 Please send feedbacks and/or the results of this run to:

 NPB Development Team 
 Internet: npb@nas.nasa.gov


# RUN: half_ccd_IO mg.E.x ft.D.x
## RANKFILE 1:
rank 0=m25 slot=0
rank 1=m25 slot=1
rank 2=m25 slot=2
rank 3=m25 slot=3
rank 4=m25 slot=8
rank 5=m25 slot=9
rank 6=m25 slot=10
rank 7=m25 slot=11
rank 8=m25 slot=16
rank 9=m25 slot=17
rank 10=m25 slot=18
rank 11=m25 slot=19
rank 12=m25 slot=24
rank 13=m25 slot=25
rank 14=m25 slot=26
rank 15=m25 slot=27
rank 16=m25 slot=32
rank 17=m25 slot=33
rank 18=m25 slot=34
rank 19=m25 slot=35
rank 20=m25 slot=40
rank 21=m25 slot=41
rank 22=m25 slot=42
rank 23=m25 slot=43
rank 24=m25 slot=48
rank 25=m25 slot=49
rank 26=m25 slot=50
rank 27=m25 slot=51
rank 28=m25 slot=56
rank 29=m25 slot=57
rank 30=m25 slot=58
rank 31=m25 slot=59
rank 32=m25 slot=64
rank 33=m25 slot=65
rank 34=m25 slot=66
rank 35=m25 slot=67
rank 36=m25 slot=72
rank 37=m25 slot=73
rank 38=m25 slot=74
rank 39=m25 slot=75
rank 40=m25 slot=80
rank 41=m25 slot=81
rank 42=m25 slot=82
rank 43=m25 slot=83
rank 44=m25 slot=88
rank 45=m25 slot=89
rank 46=m25 slot=90
rank 47=m25 slot=91
rank 48=m25 slot=96
rank 49=m25 slot=97
rank 50=m25 slot=98
rank 51=m25 slot=99
rank 52=m25 slot=104
rank 53=m25 slot=105
rank 54=m25 slot=106
rank 55=m25 slot=107
rank 56=m25 slot=112
rank 57=m25 slot=113
rank 58=m25 slot=114
rank 59=m25 slot=115
rank 60=m25 slot=120
rank 61=m25 slot=121
rank 62=m25 slot=122
rank 63=m25 slot=123
## RANKFILE 2:
rank 0=m25 slot=4
rank 1=m25 slot=5
rank 2=m25 slot=6
rank 3=m25 slot=7
rank 4=m25 slot=12
rank 5=m25 slot=13
rank 6=m25 slot=14
rank 7=m25 slot=15
rank 8=m25 slot=20
rank 9=m25 slot=21
rank 10=m25 slot=22
rank 11=m25 slot=23
rank 12=m25 slot=28
rank 13=m25 slot=29
rank 14=m25 slot=30
rank 15=m25 slot=31
rank 16=m25 slot=36
rank 17=m25 slot=37
rank 18=m25 slot=38
rank 19=m25 slot=39
rank 20=m25 slot=44
rank 21=m25 slot=45
rank 22=m25 slot=46
rank 23=m25 slot=47
rank 24=m25 slot=52
rank 25=m25 slot=53
rank 26=m25 slot=54
rank 27=m25 slot=55
rank 28=m25 slot=60
rank 29=m25 slot=61
rank 30=m25 slot=62
rank 31=m25 slot=63
rank 32=m25 slot=68
rank 33=m25 slot=69
rank 34=m25 slot=70
rank 35=m25 slot=71
rank 36=m25 slot=76
rank 37=m25 slot=77
rank 38=m25 slot=78
rank 39=m25 slot=79
rank 40=m25 slot=84
rank 41=m25 slot=85
rank 42=m25 slot=86
rank 43=m25 slot=87
rank 44=m25 slot=92
rank 45=m25 slot=93
rank 46=m25 slot=94
rank 47=m25 slot=95
rank 48=m25 slot=100
rank 49=m25 slot=101
rank 50=m25 slot=102
rank 51=m25 slot=103
rank 52=m25 slot=108
rank 53=m25 slot=109
rank 54=m25 slot=110
rank 55=m25 slot=111
rank 56=m25 slot=116
rank 57=m25 slot=117
rank 58=m25 slot=118
rank 59=m25 slot=119
rank 60=m25 slot=124
rank 61=m25 slot=125
rank 62=m25 slot=126
rank 63=m25 slot=127
## REPORT 1:
Rank 0: Node m25, CPU core 0, NUMA node 0
Rank 2: Node m25, CPU core 2, NUMA node 0
Rank 1: Node m25, CPU core 1, NUMA node 0
Rank 3: Node m25, CPU core 3, NUMA node 0
Rank 4: Node m25, CPU core 8, NUMA node 0
Rank 5: Node m25, CPU core 9, NUMA node 0
Rank 6: Node m25, CPU core 10, NUMA node 0
Rank 7: Node m25, CPU core 11, NUMA node 0
Rank 8: Node m25, CPU core 16, NUMA node 1
Rank 9: Node m25, CPU core 17, NUMA node 1
Rank 10: Node m25, CPU core 18, NUMA node 1
Rank 11: Node m25, CPU core 19, NUMA node 1
Rank 12: Node m25, CPU core 24, NUMA node 1
Rank 13: Node m25, CPU core 25, NUMA node 1
Rank 14: Node m25, CPU core 26, NUMA node 1
Rank 15: Node m25, CPU core 27, NUMA node 1
Rank 16: Node m25, CPU core 32, NUMA node 2
Rank 17: Node m25, CPU core 33, NUMA node 2
Rank 18: Node m25, CPU core 34, NUMA node 2
Rank 19: Node m25, CPU core 35, NUMA node 2
Rank 20: Node m25, CPU core 40, NUMA node 2
Rank 21: Node m25, CPU core 41, NUMA node 2
Rank 22: Node m25, CPU core 42, NUMA node 2
Rank 23: Node m25, CPU core 43, NUMA node 2
Rank 24: Node m25, CPU core 48, NUMA node 3
Rank 25: Node m25, CPU core 49, NUMA node 3
Rank 26: Node m25, CPU core 50, NUMA node 3
Rank 27: Node m25, CPU core 51, NUMA node 3
Rank 28: Node m25, CPU core 56, NUMA node 3
Rank 29: Node m25, CPU core 57, NUMA node 3
Rank 30: Node m25, CPU core 58, NUMA node 3
Rank 31: Node m25, CPU core 59, NUMA node 3
Rank 32: Node m25, CPU core 64, NUMA node 4
Rank 33: Node m25, CPU core 65, NUMA node 4
Rank 34: Node m25, CPU core 66, NUMA node 4
Rank 35: Node m25, CPU core 67, NUMA node 4
Rank 36: Node m25, CPU core 72, NUMA node 4
Rank 37: Node m25, CPU core 73, NUMA node 4
Rank 38: Node m25, CPU core 74, NUMA node 4
Rank 39: Node m25, CPU core 75, NUMA node 4
Rank 40: Node m25, CPU core 80, NUMA node 5
Rank 41: Node m25, CPU core 81, NUMA node 5
Rank 42: Node m25, CPU core 82, NUMA node 5
Rank 43: Node m25, CPU core 83, NUMA node 5
Rank 44: Node m25, CPU core 88, NUMA node 5
Rank 45: Node m25, CPU core 89, NUMA node 5
Rank 46: Node m25, CPU core 90, NUMA node 5
Rank 47: Node m25, CPU core 91, NUMA node 5
Rank 48: Node m25, CPU core 96, NUMA node 6
Rank 49: Node m25, CPU core 97, NUMA node 6
Rank 50: Node m25, CPU core 98, NUMA node 6
Rank 51: Node m25, CPU core 99, NUMA node 6
Rank 52: Node m25, CPU core 104, NUMA node 6
Rank 53: Node m25, CPU core 105, NUMA node 6
Rank 54: Node m25, CPU core 106, NUMA node 6
Rank 55: Node m25, CPU core 107, NUMA node 6
Rank 56: Node m25, CPU core 112, NUMA node 7
Rank 57: Node m25, CPU core 113, NUMA node 7
Rank 58: Node m25, CPU core 114, NUMA node 7
Rank 59: Node m25, CPU core 115, NUMA node 7
Rank 60: Node m25, CPU core 120, NUMA node 7
Rank 61: Node m25, CPU core 121, NUMA node 7
Rank 62: Node m25, CPU core 122, NUMA node 7
Rank 63: Node m25, CPU core 123, NUMA node 7

===== SUMMARY =====

----- NODE: m25 -----
CPU cores used: 0 1 2 3 8 9 10 11 16 17 18 19 24 25 26 27 32 33 34 35 40 41 42 43 48 49 50 51 56 57 58 59 64 65 66 67 72 73 74 75 80 81 82 83 88 89 90 91 96 97 98 99 104 105 106 107 112 113 114 115 120 121 122 123 
NUMA nodes used: 0 1 2 3 4 5 6 7 
## REPORT 2:
Rank 0: Node m25, CPU core 4, NUMA node 0
Rank 1: Node m25, CPU core 5, NUMA node 0
Rank 2: Node m25, CPU core 6, NUMA node 0
Rank 3: Node m25, CPU core 7, NUMA node 0
Rank 4: Node m25, CPU core 12, NUMA node 0
Rank 5: Node m25, CPU core 13, NUMA node 0
Rank 6: Node m25, CPU core 14, NUMA node 0
Rank 7: Node m25, CPU core 15, NUMA node 0
Rank 8: Node m25, CPU core 20, NUMA node 1
Rank 9: Node m25, CPU core 21, NUMA node 1
Rank 10: Node m25, CPU core 22, NUMA node 1
Rank 11: Node m25, CPU core 23, NUMA node 1
Rank 12: Node m25, CPU core 28, NUMA node 1
Rank 13: Node m25, CPU core 29, NUMA node 1
Rank 14: Node m25, CPU core 30, NUMA node 1
Rank 15: Node m25, CPU core 31, NUMA node 1
Rank 16: Node m25, CPU core 36, NUMA node 2
Rank 17: Node m25, CPU core 37, NUMA node 2
Rank 18: Node m25, CPU core 38, NUMA node 2
Rank 19: Node m25, CPU core 39, NUMA node 2
Rank 20: Node m25, CPU core 44, NUMA node 2
Rank 21: Node m25, CPU core 45, NUMA node 2
Rank 22: Node m25, CPU core 46, NUMA node 2
Rank 23: Node m25, CPU core 47, NUMA node 2
Rank 24: Node m25, CPU core 52, NUMA node 3
Rank 25: Node m25, CPU core 53, NUMA node 3
Rank 26: Node m25, CPU core 54, NUMA node 3
Rank 27: Node m25, CPU core 55, NUMA node 3
Rank 28: Node m25, CPU core 60, NUMA node 3
Rank 29: Node m25, CPU core 61, NUMA node 3
Rank 30: Node m25, CPU core 62, NUMA node 3
Rank 31: Node m25, CPU core 63, NUMA node 3
Rank 32: Node m25, CPU core 68, NUMA node 4
Rank 33: Node m25, CPU core 69, NUMA node 4
Rank 34: Node m25, CPU core 70, NUMA node 4
Rank 35: Node m25, CPU core 71, NUMA node 4
Rank 36: Node m25, CPU core 76, NUMA node 4
Rank 37: Node m25, CPU core 77, NUMA node 4
Rank 38: Node m25, CPU core 78, NUMA node 4
Rank 39: Node m25, CPU core 79, NUMA node 4
Rank 40: Node m25, CPU core 84, NUMA node 5
Rank 41: Node m25, CPU core 85, NUMA node 5
Rank 42: Node m25, CPU core 86, NUMA node 5
Rank 43: Node m25, CPU core 87, NUMA node 5
Rank 44: Node m25, CPU core 92, NUMA node 5
Rank 45: Node m25, CPU core 93, NUMA node 5
Rank 46: Node m25, CPU core 94, NUMA node 5
Rank 47: Node m25, CPU core 95, NUMA node 5
Rank 48: Node m25, CPU core 100, NUMA node 6
Rank 49: Node m25, CPU core 101, NUMA node 6
Rank 50: Node m25, CPU core 102, NUMA node 6
Rank 51: Node m25, CPU core 103, NUMA node 6
Rank 52: Node m25, CPU core 108, NUMA node 6
Rank 53: Node m25, CPU core 109, NUMA node 6
Rank 54: Node m25, CPU core 110, NUMA node 6
Rank 55: Node m25, CPU core 111, NUMA node 6
Rank 56: Node m25, CPU core 116, NUMA node 7
Rank 57: Node m25, CPU core 117, NUMA node 7
Rank 58: Node m25, CPU core 118, NUMA node 7
Rank 59: Node m25, CPU core 119, NUMA node 7
Rank 60: Node m25, CPU core 124, NUMA node 7
Rank 61: Node m25, CPU core 125, NUMA node 7
Rank 62: Node m25, CPU core 126, NUMA node 7
Rank 63: Node m25, CPU core 127, NUMA node 7

===== SUMMARY =====

----- NODE: m25 -----
CPU cores used: 4 5 6 7 12 13 14 15 20 21 22 23 28 29 30 31 36 37 38 39 44 45 46 47 52 53 54 55 60 61 62 63 68 69 70 71 76 77 78 79 84 85 86 87 92 93 94 95 100 101 102 103 108 109 110 111 116 117 118 119 124 125 126 127 
NUMA nodes used: 0 1 2 3 4 5 6 7 
## EXECUTE:
### mpirun 1 2026-07-05 22:19:12
### mpirun 1 2026-07-05 22:19:12
### mpirun 2 2026-07-05 22:21:46
### mpirun 3 2026-07-05 22:24:16
### mpirun 4 2026-07-05 22:26:47
### mpirun 2 2026-07-05 22:26:52
### mpirun 5 2026-07-05 22:29:17
### mpirun 6 2026-07-05 22:31:48
### mpirun 7 2026-07-05 22:34:19
### mpirun 3 2026-07-05 22:34:28
### mpirun 8 2026-07-05 22:36:49
### mpirun 9 2026-07-05 22:39:18
### mpirun 10 2026-07-05 22:41:50
## BENCH 1:
### mpirun 1 2026-07-05 22:19:12


 NAS Parallel Benchmarks 3.4 -- MG Benchmark

 No input file. Using compiled defaults 
 Size: 2048x2048x2048  (class E)
 Iterations:   50
 Total number of processes:     64


 Initialization time:          19.795 seconds

  iter    1
  iter    5
  iter   10
  iter   15
  iter   20
  iter   25
  iter   30
  iter   35
  iter   40
  iter   45
  iter   50

 Benchmark completed 
 VERIFICATION SUCCESSFUL 
 L2 Norm is  0.5630442584583E-10
 Error is    0.2268381496319E-10


 MG Benchmark Completed.
 Class           =                        E
 Size            =           2048x2048x2048
 Iterations      =                       50
 Time in seconds =                   434.85
 Total processes =                       64
 Active processes=                       64
 Mop/s total     =                 57286.25
 Mop/s/process   =                   895.10
 Operation type  =           floating point
 Verification    =               SUCCESSFUL
 Version         =                    3.4.4
 Compile date    =              06 Apr 2026

 Compile options:
    MPIFC        = mpif90
    FLINK        = $(MPIFC)
    FMPI_LIB     = (none)
    FMPI_INC     = (none)
    FFLAGS       = -O3
    FLINKFLAGS   = $(FFLAGS)
    RAND         = randi8


 Please send feedbacks and/or the results of this run to:

 NPB Development Team 
 Internet: npb@nas.nasa.gov


### mpirun 2 2026-07-05 22:26:52


 NAS Parallel Benchmarks 3.4 -- MG Benchmark

 No input file. Using compiled defaults 
 Size: 2048x2048x2048  (class E)
 Iterations:   50
 Total number of processes:     64


 Initialization time:          19.368 seconds

  iter    1
  iter    5
  iter   10
  iter   15
  iter   20
  iter   25
  iter   30
  iter   35
  iter   40
  iter   45
  iter   50

 Benchmark completed 
 VERIFICATION SUCCESSFUL 
 L2 Norm is  0.5630442584583E-10
 Error is    0.2268381496319E-10


 MG Benchmark Completed.
 Class           =                        E
 Size            =           2048x2048x2048
 Iterations      =                       50
 Time in seconds =                   434.79
 Total processes =                       64
 Active processes=                       64
 Mop/s total     =                 57294.26
 Mop/s/process   =                   895.22
 Operation type  =           floating point
 Verification    =               SUCCESSFUL
 Version         =                    3.4.4
 Compile date    =              06 Apr 2026

 Compile options:
    MPIFC        = mpif90
    FLINK        = $(MPIFC)
    FMPI_LIB     = (none)
    FMPI_INC     = (none)
    FFLAGS       = -O3
    FLINKFLAGS   = $(FFLAGS)
    RAND         = randi8


 Please send feedbacks and/or the results of this run to:

 NPB Development Team 
 Internet: npb@nas.nasa.gov


### mpirun 3 2026-07-05 22:34:28


 NAS Parallel Benchmarks 3.4 -- MG Benchmark

 No input file. Using compiled defaults 
 Size: 2048x2048x2048  (class E)
 Iterations:   50
 Total number of processes:     64


 Initialization time:          19.408 seconds

  iter    1
  iter    5
  iter   10
  iter   15
  iter   20
  iter   25
  iter   30
  iter   35
  iter   40
  iter   45
  iter   50

 Benchmark completed 
 VERIFICATION SUCCESSFUL 
 L2 Norm is  0.5630442584583E-10
 Error is    0.2268381496319E-10


 MG Benchmark Completed.
 Class           =                        E
 Size            =           2048x2048x2048
 Iterations      =                       50
 Time in seconds =                   434.52
 Total processes =                       64
 Active processes=                       64
 Mop/s total     =                 57329.74
 Mop/s/process   =                   895.78
 Operation type  =           floating point
 Verification    =               SUCCESSFUL
 Version         =                    3.4.4
 Compile date    =              06 Apr 2026

 Compile options:
    MPIFC        = mpif90
    FLINK        = $(MPIFC)
    FMPI_LIB     = (none)
    FMPI_INC     = (none)
    FFLAGS       = -O3
    FLINKFLAGS   = $(FFLAGS)
    RAND         = randi8


 Please send feedbacks and/or the results of this run to:

 NPB Development Team 
 Internet: npb@nas.nasa.gov


## BENCH 2:
### mpirun 1 2026-07-05 22:19:12


 NAS Parallel Benchmarks 3.4 -- FT Benchmark

 No input file inputft.data. Using compiled defaults
 Size                : 2048x1024x1024  (class D)
 Iterations          :             25
 Number of processes :             64
 Processor array     :         1x  64
 Layout type         :             1D

 Initialization time =      7.4461

 T =    1     Checksum =    5.122230065252D+02    5.118534037109D+02
 T =    2     Checksum =    5.120463975765D+02    5.117061181082D+02
 T =    3     Checksum =    5.119865766760D+02    5.117096364601D+02
 T =    4     Checksum =    5.119518799488D+02    5.117373863950D+02
 T =    5     Checksum =    5.119269088223D+02    5.117680347632D+02
 T =    6     Checksum =    5.119082416858D+02    5.117967875532D+02
 T =    7     Checksum =    5.118943814638D+02    5.118225281841D+02
 T =    8     Checksum =    5.118842385057D+02    5.118451629348D+02
 T =    9     Checksum =    5.118769435632D+02    5.118649119387D+02
 T =   10     Checksum =    5.118718203448D+02    5.118820803844D+02
 T =   11     Checksum =    5.118683569061D+02    5.118969781011D+02
 T =   12     Checksum =    5.118661708593D+02    5.119098918835D+02
 T =   13     Checksum =    5.118649768950D+02    5.119210777066D+02
 T =   14     Checksum =    5.118645605626D+02    5.119307604484D+02
 T =   15     Checksum =    5.118647586618D+02    5.119391362671D+02
 T =   16     Checksum =    5.118654451572D+02    5.119463757241D+02
 T =   17     Checksum =    5.118665212451D+02    5.119526269238D+02
 T =   18     Checksum =    5.118679083821D+02    5.119580184108D+02
 T =   19     Checksum =    5.118695433664D+02    5.119626617538D+02
 T =   20     Checksum =    5.118713748264D+02    5.119666538138D+02
 T =   21     Checksum =    5.118733606701D+02    5.119700787219D+02
 T =   22     Checksum =    5.118754661974D+02    5.119730095953D+02
 T =   23     Checksum =    5.118776626738D+02    5.119755100241D+02
 T =   24     Checksum =    5.118799262314D+02    5.119776353561D+02
 T =   25     Checksum =    5.118822370068D+02    5.119794338060D+02
 Result verification successful


 FT Benchmark Completed.
 Class           =                        D
 Size            =           2048x1024x1024
 Iterations      =                       25
 Time in seconds =                   141.23
 Total processes =                       64
 Active processes=                       64
 Mop/s total     =                 63470.12
 Mop/s/process   =                   991.72
 Operation type  =           floating point
 Verification    =               SUCCESSFUL
 Version         =                    3.4.4
 Compile date    =              06 Apr 2026

 Compile options:
    MPIFC        = mpif90
    FLINK        = $(MPIFC)
    FMPI_LIB     = (none)
    FMPI_INC     = (none)
    FFLAGS       = -O3
    FLINKFLAGS   = $(FFLAGS)
    RAND         = randi8


 Please send feedbacks and/or the results of this run to:

 NPB Development Team 
 Internet: npb@nas.nasa.gov


### mpirun 2 2026-07-05 22:21:46


 NAS Parallel Benchmarks 3.4 -- FT Benchmark

 No input file inputft.data. Using compiled defaults
 Size                : 2048x1024x1024  (class D)
 Iterations          :             25
 Number of processes :             64
 Processor array     :         1x  64
 Layout type         :             1D

 Initialization time =      6.9232

 T =    1     Checksum =    5.122230065252D+02    5.118534037109D+02
 T =    2     Checksum =    5.120463975765D+02    5.117061181082D+02
 T =    3     Checksum =    5.119865766760D+02    5.117096364601D+02
 T =    4     Checksum =    5.119518799488D+02    5.117373863950D+02
 T =    5     Checksum =    5.119269088223D+02    5.117680347632D+02
 T =    6     Checksum =    5.119082416858D+02    5.117967875532D+02
 T =    7     Checksum =    5.118943814638D+02    5.118225281841D+02
 T =    8     Checksum =    5.118842385057D+02    5.118451629348D+02
 T =    9     Checksum =    5.118769435632D+02    5.118649119387D+02
 T =   10     Checksum =    5.118718203448D+02    5.118820803844D+02
 T =   11     Checksum =    5.118683569061D+02    5.118969781011D+02
 T =   12     Checksum =    5.118661708593D+02    5.119098918835D+02
 T =   13     Checksum =    5.118649768950D+02    5.119210777066D+02
 T =   14     Checksum =    5.118645605626D+02    5.119307604484D+02
 T =   15     Checksum =    5.118647586618D+02    5.119391362671D+02
 T =   16     Checksum =    5.118654451572D+02    5.119463757241D+02
 T =   17     Checksum =    5.118665212451D+02    5.119526269238D+02
 T =   18     Checksum =    5.118679083821D+02    5.119580184108D+02
 T =   19     Checksum =    5.118695433664D+02    5.119626617538D+02
 T =   20     Checksum =    5.118713748264D+02    5.119666538138D+02
 T =   21     Checksum =    5.118733606701D+02    5.119700787219D+02
 T =   22     Checksum =    5.118754661974D+02    5.119730095953D+02
 T =   23     Checksum =    5.118776626738D+02    5.119755100241D+02
 T =   24     Checksum =    5.118799262314D+02    5.119776353561D+02
 T =   25     Checksum =    5.118822370068D+02    5.119794338060D+02
 Result verification successful


 FT Benchmark Completed.
 Class           =                        D
 Size            =           2048x1024x1024
 Iterations      =                       25
 Time in seconds =                   140.96
 Total processes =                       64
 Active processes=                       64
 Mop/s total     =                 63590.25
 Mop/s/process   =                   993.60
 Operation type  =           floating point
 Verification    =               SUCCESSFUL
 Version         =                    3.4.4
 Compile date    =              06 Apr 2026

 Compile options:
    MPIFC        = mpif90
    FLINK        = $(MPIFC)
    FMPI_LIB     = (none)
    FMPI_INC     = (none)
    FFLAGS       = -O3
    FLINKFLAGS   = $(FFLAGS)
    RAND         = randi8


 Please send feedbacks and/or the results of this run to:

 NPB Development Team 
 Internet: npb@nas.nasa.gov


### mpirun 3 2026-07-05 22:24:16


 NAS Parallel Benchmarks 3.4 -- FT Benchmark

 No input file inputft.data. Using compiled defaults
 Size                : 2048x1024x1024  (class D)
 Iterations          :             25
 Number of processes :             64
 Processor array     :         1x  64
 Layout type         :             1D

 Initialization time =      6.7728

 T =    1     Checksum =    5.122230065252D+02    5.118534037109D+02
 T =    2     Checksum =    5.120463975765D+02    5.117061181082D+02
 T =    3     Checksum =    5.119865766760D+02    5.117096364601D+02
 T =    4     Checksum =    5.119518799488D+02    5.117373863950D+02
 T =    5     Checksum =    5.119269088223D+02    5.117680347632D+02
 T =    6     Checksum =    5.119082416858D+02    5.117967875532D+02
 T =    7     Checksum =    5.118943814638D+02    5.118225281841D+02
 T =    8     Checksum =    5.118842385057D+02    5.118451629348D+02
 T =    9     Checksum =    5.118769435632D+02    5.118649119387D+02
 T =   10     Checksum =    5.118718203448D+02    5.118820803844D+02
 T =   11     Checksum =    5.118683569061D+02    5.118969781011D+02
 T =   12     Checksum =    5.118661708593D+02    5.119098918835D+02
 T =   13     Checksum =    5.118649768950D+02    5.119210777066D+02
 T =   14     Checksum =    5.118645605626D+02    5.119307604484D+02
 T =   15     Checksum =    5.118647586618D+02    5.119391362671D+02
 T =   16     Checksum =    5.118654451572D+02    5.119463757241D+02
 T =   17     Checksum =    5.118665212451D+02    5.119526269238D+02
 T =   18     Checksum =    5.118679083821D+02    5.119580184108D+02
 T =   19     Checksum =    5.118695433664D+02    5.119626617538D+02
 T =   20     Checksum =    5.118713748264D+02    5.119666538138D+02
 T =   21     Checksum =    5.118733606701D+02    5.119700787219D+02
 T =   22     Checksum =    5.118754661974D+02    5.119730095953D+02
 T =   23     Checksum =    5.118776626738D+02    5.119755100241D+02
 T =   24     Checksum =    5.118799262314D+02    5.119776353561D+02
 T =   25     Checksum =    5.118822370068D+02    5.119794338060D+02
 Result verification successful


 FT Benchmark Completed.
 Class           =                        D
 Size            =           2048x1024x1024
 Iterations      =                       25
 Time in seconds =                   141.52
 Total processes =                       64
 Active processes=                       64
 Mop/s total     =                 63338.61
 Mop/s/process   =                   989.67
 Operation type  =           floating point
 Verification    =               SUCCESSFUL
 Version         =                    3.4.4
 Compile date    =              06 Apr 2026

 Compile options:
    MPIFC        = mpif90
    FLINK        = $(MPIFC)
    FMPI_LIB     = (none)
    FMPI_INC     = (none)
    FFLAGS       = -O3
    FLINKFLAGS   = $(FFLAGS)
    RAND         = randi8


 Please send feedbacks and/or the results of this run to:

 NPB Development Team 
 Internet: npb@nas.nasa.gov


### mpirun 4 2026-07-05 22:26:47


 NAS Parallel Benchmarks 3.4 -- FT Benchmark

 No input file inputft.data. Using compiled defaults
 Size                : 2048x1024x1024  (class D)
 Iterations          :             25
 Number of processes :             64
 Processor array     :         1x  64
 Layout type         :             1D

 Initialization time =      5.2908

 T =    1     Checksum =    5.122230065252D+02    5.118534037109D+02
 T =    2     Checksum =    5.120463975765D+02    5.117061181082D+02
 T =    3     Checksum =    5.119865766760D+02    5.117096364601D+02
 T =    4     Checksum =    5.119518799488D+02    5.117373863950D+02
 T =    5     Checksum =    5.119269088223D+02    5.117680347632D+02
 T =    6     Checksum =    5.119082416858D+02    5.117967875532D+02
 T =    7     Checksum =    5.118943814638D+02    5.118225281841D+02
 T =    8     Checksum =    5.118842385057D+02    5.118451629348D+02
 T =    9     Checksum =    5.118769435632D+02    5.118649119387D+02
 T =   10     Checksum =    5.118718203448D+02    5.118820803844D+02
 T =   11     Checksum =    5.118683569061D+02    5.118969781011D+02
 T =   12     Checksum =    5.118661708593D+02    5.119098918835D+02
 T =   13     Checksum =    5.118649768950D+02    5.119210777066D+02
 T =   14     Checksum =    5.118645605626D+02    5.119307604484D+02
 T =   15     Checksum =    5.118647586618D+02    5.119391362671D+02
 T =   16     Checksum =    5.118654451572D+02    5.119463757241D+02
 T =   17     Checksum =    5.118665212451D+02    5.119526269238D+02
 T =   18     Checksum =    5.118679083821D+02    5.119580184108D+02
 T =   19     Checksum =    5.118695433664D+02    5.119626617538D+02
 T =   20     Checksum =    5.118713748264D+02    5.119666538138D+02
 T =   21     Checksum =    5.118733606701D+02    5.119700787219D+02
 T =   22     Checksum =    5.118754661974D+02    5.119730095953D+02
 T =   23     Checksum =    5.118776626738D+02    5.119755100241D+02
 T =   24     Checksum =    5.118799262314D+02    5.119776353561D+02
 T =   25     Checksum =    5.118822370068D+02    5.119794338060D+02
 Result verification successful


 FT Benchmark Completed.
 Class           =                        D
 Size            =           2048x1024x1024
 Iterations      =                       25
 Time in seconds =                   141.72
 Total processes =                       64
 Active processes=                       64
 Mop/s total     =                 63250.59
 Mop/s/process   =                   988.29
 Operation type  =           floating point
 Verification    =               SUCCESSFUL
 Version         =                    3.4.4
 Compile date    =              06 Apr 2026

 Compile options:
    MPIFC        = mpif90
    FLINK        = $(MPIFC)
    FMPI_LIB     = (none)
    FMPI_INC     = (none)
    FFLAGS       = -O3
    FLINKFLAGS   = $(FFLAGS)
    RAND         = randi8


 Please send feedbacks and/or the results of this run to:

 NPB Development Team 
 Internet: npb@nas.nasa.gov


### mpirun 5 2026-07-05 22:29:17


 NAS Parallel Benchmarks 3.4 -- FT Benchmark

 No input file inputft.data. Using compiled defaults
 Size                : 2048x1024x1024  (class D)
 Iterations          :             25
 Number of processes :             64
 Processor array     :         1x  64
 Layout type         :             1D

 Initialization time =      6.6618

 T =    1     Checksum =    5.122230065252D+02    5.118534037109D+02
 T =    2     Checksum =    5.120463975765D+02    5.117061181082D+02
 T =    3     Checksum =    5.119865766760D+02    5.117096364601D+02
 T =    4     Checksum =    5.119518799488D+02    5.117373863950D+02
 T =    5     Checksum =    5.119269088223D+02    5.117680347632D+02
 T =    6     Checksum =    5.119082416858D+02    5.117967875532D+02
 T =    7     Checksum =    5.118943814638D+02    5.118225281841D+02
 T =    8     Checksum =    5.118842385057D+02    5.118451629348D+02
 T =    9     Checksum =    5.118769435632D+02    5.118649119387D+02
 T =   10     Checksum =    5.118718203448D+02    5.118820803844D+02
 T =   11     Checksum =    5.118683569061D+02    5.118969781011D+02
 T =   12     Checksum =    5.118661708593D+02    5.119098918835D+02
 T =   13     Checksum =    5.118649768950D+02    5.119210777066D+02
 T =   14     Checksum =    5.118645605626D+02    5.119307604484D+02
 T =   15     Checksum =    5.118647586618D+02    5.119391362671D+02
 T =   16     Checksum =    5.118654451572D+02    5.119463757241D+02
 T =   17     Checksum =    5.118665212451D+02    5.119526269238D+02
 T =   18     Checksum =    5.118679083821D+02    5.119580184108D+02
 T =   19     Checksum =    5.118695433664D+02    5.119626617538D+02
 T =   20     Checksum =    5.118713748264D+02    5.119666538138D+02
 T =   21     Checksum =    5.118733606701D+02    5.119700787219D+02
 T =   22     Checksum =    5.118754661974D+02    5.119730095953D+02
 T =   23     Checksum =    5.118776626738D+02    5.119755100241D+02
 T =   24     Checksum =    5.118799262314D+02    5.119776353561D+02
 T =   25     Checksum =    5.118822370068D+02    5.119794338060D+02
 Result verification successful


 FT Benchmark Completed.
 Class           =                        D
 Size            =           2048x1024x1024
 Iterations      =                       25
 Time in seconds =                   142.28
 Total processes =                       64
 Active processes=                       64
 Mop/s total     =                 62999.87
 Mop/s/process   =                   984.37
 Operation type  =           floating point
 Verification    =               SUCCESSFUL
 Version         =                    3.4.4
 Compile date    =              06 Apr 2026

 Compile options:
    MPIFC        = mpif90
    FLINK        = $(MPIFC)
    FMPI_LIB     = (none)
    FMPI_INC     = (none)
    FFLAGS       = -O3
    FLINKFLAGS   = $(FFLAGS)
    RAND         = randi8


 Please send feedbacks and/or the results of this run to:

 NPB Development Team 
 Internet: npb@nas.nasa.gov


### mpirun 6 2026-07-05 22:31:48


 NAS Parallel Benchmarks 3.4 -- FT Benchmark

 No input file inputft.data. Using compiled defaults
 Size                : 2048x1024x1024  (class D)
 Iterations          :             25
 Number of processes :             64
 Processor array     :         1x  64
 Layout type         :             1D

 Initialization time =      6.7397

 T =    1     Checksum =    5.122230065252D+02    5.118534037109D+02
 T =    2     Checksum =    5.120463975765D+02    5.117061181082D+02
 T =    3     Checksum =    5.119865766760D+02    5.117096364601D+02
 T =    4     Checksum =    5.119518799488D+02    5.117373863950D+02
 T =    5     Checksum =    5.119269088223D+02    5.117680347632D+02
 T =    6     Checksum =    5.119082416858D+02    5.117967875532D+02
 T =    7     Checksum =    5.118943814638D+02    5.118225281841D+02
 T =    8     Checksum =    5.118842385057D+02    5.118451629348D+02
 T =    9     Checksum =    5.118769435632D+02    5.118649119387D+02
 T =   10     Checksum =    5.118718203448D+02    5.118820803844D+02
 T =   11     Checksum =    5.118683569061D+02    5.118969781011D+02
 T =   12     Checksum =    5.118661708593D+02    5.119098918835D+02
 T =   13     Checksum =    5.118649768950D+02    5.119210777066D+02
 T =   14     Checksum =    5.118645605626D+02    5.119307604484D+02
 T =   15     Checksum =    5.118647586618D+02    5.119391362671D+02
 T =   16     Checksum =    5.118654451572D+02    5.119463757241D+02
 T =   17     Checksum =    5.118665212451D+02    5.119526269238D+02
 T =   18     Checksum =    5.118679083821D+02    5.119580184108D+02
 T =   19     Checksum =    5.118695433664D+02    5.119626617538D+02
 T =   20     Checksum =    5.118713748264D+02    5.119666538138D+02
 T =   21     Checksum =    5.118733606701D+02    5.119700787219D+02
 T =   22     Checksum =    5.118754661974D+02    5.119730095953D+02
 T =   23     Checksum =    5.118776626738D+02    5.119755100241D+02
 T =   24     Checksum =    5.118799262314D+02    5.119776353561D+02
 T =   25     Checksum =    5.118822370068D+02    5.119794338060D+02
 Result verification successful


 FT Benchmark Completed.
 Class           =                        D
 Size            =           2048x1024x1024
 Iterations      =                       25
 Time in seconds =                   141.43
 Total processes =                       64
 Active processes=                       64
 Mop/s total     =                 63377.96
 Mop/s/process   =                   990.28
 Operation type  =           floating point
 Verification    =               SUCCESSFUL
 Version         =                    3.4.4
 Compile date    =              06 Apr 2026

 Compile options:
    MPIFC        = mpif90
    FLINK        = $(MPIFC)
    FMPI_LIB     = (none)
    FMPI_INC     = (none)
    FFLAGS       = -O3
    FLINKFLAGS   = $(FFLAGS)
    RAND         = randi8


 Please send feedbacks and/or the results of this run to:

 NPB Development Team 
 Internet: npb@nas.nasa.gov


### mpirun 7 2026-07-05 22:34:19


 NAS Parallel Benchmarks 3.4 -- FT Benchmark

 No input file inputft.data. Using compiled defaults
 Size                : 2048x1024x1024  (class D)
 Iterations          :             25
 Number of processes :             64
 Processor array     :         1x  64
 Layout type         :             1D

 Initialization time =      6.5485

 T =    1     Checksum =    5.122230065252D+02    5.118534037109D+02
 T =    2     Checksum =    5.120463975765D+02    5.117061181082D+02
 T =    3     Checksum =    5.119865766760D+02    5.117096364601D+02
 T =    4     Checksum =    5.119518799488D+02    5.117373863950D+02
 T =    5     Checksum =    5.119269088223D+02    5.117680347632D+02
 T =    6     Checksum =    5.119082416858D+02    5.117967875532D+02
 T =    7     Checksum =    5.118943814638D+02    5.118225281841D+02
 T =    8     Checksum =    5.118842385057D+02    5.118451629348D+02
 T =    9     Checksum =    5.118769435632D+02    5.118649119387D+02
 T =   10     Checksum =    5.118718203448D+02    5.118820803844D+02
 T =   11     Checksum =    5.118683569061D+02    5.118969781011D+02
 T =   12     Checksum =    5.118661708593D+02    5.119098918835D+02
 T =   13     Checksum =    5.118649768950D+02    5.119210777066D+02
 T =   14     Checksum =    5.118645605626D+02    5.119307604484D+02
 T =   15     Checksum =    5.118647586618D+02    5.119391362671D+02
 T =   16     Checksum =    5.118654451572D+02    5.119463757241D+02
 T =   17     Checksum =    5.118665212451D+02    5.119526269238D+02
 T =   18     Checksum =    5.118679083821D+02    5.119580184108D+02
 T =   19     Checksum =    5.118695433664D+02    5.119626617538D+02
 T =   20     Checksum =    5.118713748264D+02    5.119666538138D+02
 T =   21     Checksum =    5.118733606701D+02    5.119700787219D+02
 T =   22     Checksum =    5.118754661974D+02    5.119730095953D+02
 T =   23     Checksum =    5.118776626738D+02    5.119755100241D+02
 T =   24     Checksum =    5.118799262314D+02    5.119776353561D+02
 T =   25     Checksum =    5.118822370068D+02    5.119794338060D+02
 Result verification successful


 FT Benchmark Completed.
 Class           =                        D
 Size            =           2048x1024x1024
 Iterations      =                       25
 Time in seconds =                   140.28
 Total processes =                       64
 Active processes=                       64
 Mop/s total     =                 63900.75
 Mop/s/process   =                   998.45
 Operation type  =           floating point
 Verification    =               SUCCESSFUL
 Version         =                    3.4.4
 Compile date    =              06 Apr 2026

 Compile options:
    MPIFC        = mpif90
    FLINK        = $(MPIFC)
    FMPI_LIB     = (none)
    FMPI_INC     = (none)
    FFLAGS       = -O3
    FLINKFLAGS   = $(FFLAGS)
    RAND         = randi8


 Please send feedbacks and/or the results of this run to:

 NPB Development Team 
 Internet: npb@nas.nasa.gov


### mpirun 8 2026-07-05 22:36:49


 NAS Parallel Benchmarks 3.4 -- FT Benchmark

 No input file inputft.data. Using compiled defaults
 Size                : 2048x1024x1024  (class D)
 Iterations          :             25
 Number of processes :             64
 Processor array     :         1x  64
 Layout type         :             1D

 Initialization time =      6.8751

 T =    1     Checksum =    5.122230065252D+02    5.118534037109D+02
 T =    2     Checksum =    5.120463975765D+02    5.117061181082D+02
 T =    3     Checksum =    5.119865766760D+02    5.117096364601D+02
 T =    4     Checksum =    5.119518799488D+02    5.117373863950D+02
 T =    5     Checksum =    5.119269088223D+02    5.117680347632D+02
 T =    6     Checksum =    5.119082416858D+02    5.117967875532D+02
 T =    7     Checksum =    5.118943814638D+02    5.118225281841D+02
 T =    8     Checksum =    5.118842385057D+02    5.118451629348D+02
 T =    9     Checksum =    5.118769435632D+02    5.118649119387D+02
 T =   10     Checksum =    5.118718203448D+02    5.118820803844D+02
 T =   11     Checksum =    5.118683569061D+02    5.118969781011D+02
 T =   12     Checksum =    5.118661708593D+02    5.119098918835D+02
 T =   13     Checksum =    5.118649768950D+02    5.119210777066D+02
 T =   14     Checksum =    5.118645605626D+02    5.119307604484D+02
 T =   15     Checksum =    5.118647586618D+02    5.119391362671D+02
 T =   16     Checksum =    5.118654451572D+02    5.119463757241D+02
 T =   17     Checksum =    5.118665212451D+02    5.119526269238D+02
 T =   18     Checksum =    5.118679083821D+02    5.119580184108D+02
 T =   19     Checksum =    5.118695433664D+02    5.119626617538D+02
 T =   20     Checksum =    5.118713748264D+02    5.119666538138D+02
 T =   21     Checksum =    5.118733606701D+02    5.119700787219D+02
 T =   22     Checksum =    5.118754661974D+02    5.119730095953D+02
 T =   23     Checksum =    5.118776626738D+02    5.119755100241D+02
 T =   24     Checksum =    5.118799262314D+02    5.119776353561D+02
 T =   25     Checksum =    5.118822370068D+02    5.119794338060D+02
 Result verification successful


 FT Benchmark Completed.
 Class           =                        D
 Size            =           2048x1024x1024
 Iterations      =                       25
 Time in seconds =                   140.02
 Total processes =                       64
 Active processes=                       64
 Mop/s total     =                 64018.83
 Mop/s/process   =                  1000.29
 Operation type  =           floating point
 Verification    =               SUCCESSFUL
 Version         =                    3.4.4
 Compile date    =              06 Apr 2026

 Compile options:
    MPIFC        = mpif90
    FLINK        = $(MPIFC)
    FMPI_LIB     = (none)
    FMPI_INC     = (none)
    FFLAGS       = -O3
    FLINKFLAGS   = $(FFLAGS)
    RAND         = randi8


 Please send feedbacks and/or the results of this run to:

 NPB Development Team 
 Internet: npb@nas.nasa.gov


### mpirun 9 2026-07-05 22:39:18


 NAS Parallel Benchmarks 3.4 -- FT Benchmark

 No input file inputft.data. Using compiled defaults
 Size                : 2048x1024x1024  (class D)
 Iterations          :             25
 Number of processes :             64
 Processor array     :         1x  64
 Layout type         :             1D

 Initialization time =      6.8560

 T =    1     Checksum =    5.122230065252D+02    5.118534037109D+02
 T =    2     Checksum =    5.120463975765D+02    5.117061181082D+02
 T =    3     Checksum =    5.119865766760D+02    5.117096364601D+02
 T =    4     Checksum =    5.119518799488D+02    5.117373863950D+02
 T =    5     Checksum =    5.119269088223D+02    5.117680347632D+02
 T =    6     Checksum =    5.119082416858D+02    5.117967875532D+02
 T =    7     Checksum =    5.118943814638D+02    5.118225281841D+02
 T =    8     Checksum =    5.118842385057D+02    5.118451629348D+02
 T =    9     Checksum =    5.118769435632D+02    5.118649119387D+02
 T =   10     Checksum =    5.118718203448D+02    5.118820803844D+02
 T =   11     Checksum =    5.118683569061D+02    5.118969781011D+02
 T =   12     Checksum =    5.118661708593D+02    5.119098918835D+02
 T =   13     Checksum =    5.118649768950D+02    5.119210777066D+02
 T =   14     Checksum =    5.118645605626D+02    5.119307604484D+02
 T =   15     Checksum =    5.118647586618D+02    5.119391362671D+02
 T =   16     Checksum =    5.118654451572D+02    5.119463757241D+02
 T =   17     Checksum =    5.118665212451D+02    5.119526269238D+02
 T =   18     Checksum =    5.118679083821D+02    5.119580184108D+02
 T =   19     Checksum =    5.118695433664D+02    5.119626617538D+02
 T =   20     Checksum =    5.118713748264D+02    5.119666538138D+02
 T =   21     Checksum =    5.118733606701D+02    5.119700787219D+02
 T =   22     Checksum =    5.118754661974D+02    5.119730095953D+02
 T =   23     Checksum =    5.118776626738D+02    5.119755100241D+02
 T =   24     Checksum =    5.118799262314D+02    5.119776353561D+02
 T =   25     Checksum =    5.118822370068D+02    5.119794338060D+02
 Result verification successful


 FT Benchmark Completed.
 Class           =                        D
 Size            =           2048x1024x1024
 Iterations      =                       25
 Time in seconds =                   141.65
 Total processes =                       64
 Active processes=                       64
 Mop/s total     =                 63280.61
 Mop/s/process   =                   988.76
 Operation type  =           floating point
 Verification    =               SUCCESSFUL
 Version         =                    3.4.4
 Compile date    =              06 Apr 2026

 Compile options:
    MPIFC        = mpif90
    FLINK        = $(MPIFC)
    FMPI_LIB     = (none)
    FMPI_INC     = (none)
    FFLAGS       = -O3
    FLINKFLAGS   = $(FFLAGS)
    RAND         = randi8


 Please send feedbacks and/or the results of this run to:

 NPB Development Team 
 Internet: npb@nas.nasa.gov


### mpirun 10 2026-07-05 22:41:50


 NAS Parallel Benchmarks 3.4 -- FT Benchmark

 No input file inputft.data. Using compiled defaults
 Size                : 2048x1024x1024  (class D)
 Iterations          :             25
 Number of processes :             64
 Processor array     :         1x  64
 Layout type         :             1D

 Initialization time =      6.8096

 T =    1     Checksum =    5.122230065252D+02    5.118534037109D+02
 T =    2     Checksum =    5.120463975765D+02    5.117061181082D+02
 T =    3     Checksum =    5.119865766760D+02    5.117096364601D+02
 T =    4     Checksum =    5.119518799488D+02    5.117373863950D+02
 T =    5     Checksum =    5.119269088223D+02    5.117680347632D+02
 T =    6     Checksum =    5.119082416858D+02    5.117967875532D+02
 T =    7     Checksum =    5.118943814638D+02    5.118225281841D+02
 T =    8     Checksum =    5.118842385057D+02    5.118451629348D+02
 T =    9     Checksum =    5.118769435632D+02    5.118649119387D+02
 T =   10     Checksum =    5.118718203448D+02    5.118820803844D+02
 T =   11     Checksum =    5.118683569061D+02    5.118969781011D+02
 T =   12     Checksum =    5.118661708593D+02    5.119098918835D+02
 T =   13     Checksum =    5.118649768950D+02    5.119210777066D+02
 T =   14     Checksum =    5.118645605626D+02    5.119307604484D+02
 T =   15     Checksum =    5.118647586618D+02    5.119391362671D+02
 T =   16     Checksum =    5.118654451572D+02    5.119463757241D+02
 T =   17     Checksum =    5.118665212451D+02    5.119526269238D+02
 T =   18     Checksum =    5.118679083821D+02    5.119580184108D+02
 T =   19     Checksum =    5.118695433664D+02    5.119626617538D+02
 T =   20     Checksum =    5.118713748264D+02    5.119666538138D+02
 T =   21     Checksum =    5.118733606701D+02    5.119700787219D+02
 T =   22     Checksum =    5.118754661974D+02    5.119730095953D+02
 T =   23     Checksum =    5.118776626738D+02    5.119755100241D+02
 T =   24     Checksum =    5.118799262314D+02    5.119776353561D+02
 T =   25     Checksum =    5.118822370068D+02    5.119794338060D+02
 Result verification successful


 FT Benchmark Completed.
 Class           =                        D
 Size            =           2048x1024x1024
 Iterations      =                       25
 Time in seconds =                    85.45
 Total processes =                       64
 Active processes=                       64
 Mop/s total     =                104900.30
 Mop/s/process   =                  1639.07
 Operation type  =           floating point
 Verification    =               SUCCESSFUL
 Version         =                    3.4.4
 Compile date    =              06 Apr 2026

 Compile options:
    MPIFC        = mpif90
    FLINK        = $(MPIFC)
    FMPI_LIB     = (none)
    FMPI_INC     = (none)
    FFLAGS       = -O3
    FLINKFLAGS   = $(FFLAGS)
    RAND         = randi8


 Please send feedbacks and/or the results of this run to:

 NPB Development Team 
 Internet: npb@nas.nasa.gov


# RUN: half_node_RR mg.E.x ft.D.x
## RANKFILE 1:
rank 0=m25 slot=0
rank 1=m25 slot=2
rank 2=m25 slot=4
rank 3=m25 slot=6
rank 4=m25 slot=8
rank 5=m25 slot=10
rank 6=m25 slot=12
rank 7=m25 slot=14
rank 8=m25 slot=16
rank 9=m25 slot=18
rank 10=m25 slot=20
rank 11=m25 slot=22
rank 12=m25 slot=24
rank 13=m25 slot=26
rank 14=m25 slot=28
rank 15=m25 slot=30
rank 16=m25 slot=32
rank 17=m25 slot=34
rank 18=m25 slot=36
rank 19=m25 slot=38
rank 20=m25 slot=40
rank 21=m25 slot=42
rank 22=m25 slot=44
rank 23=m25 slot=46
rank 24=m25 slot=48
rank 25=m25 slot=50
rank 26=m25 slot=52
rank 27=m25 slot=54
rank 28=m25 slot=56
rank 29=m25 slot=58
rank 30=m25 slot=60
rank 31=m25 slot=62
rank 32=m25 slot=64
rank 33=m25 slot=66
rank 34=m25 slot=68
rank 35=m25 slot=70
rank 36=m25 slot=72
rank 37=m25 slot=74
rank 38=m25 slot=76
rank 39=m25 slot=78
rank 40=m25 slot=80
rank 41=m25 slot=82
rank 42=m25 slot=84
rank 43=m25 slot=86
rank 44=m25 slot=88
rank 45=m25 slot=90
rank 46=m25 slot=92
rank 47=m25 slot=94
rank 48=m25 slot=96
rank 49=m25 slot=98
rank 50=m25 slot=100
rank 51=m25 slot=102
rank 52=m25 slot=104
rank 53=m25 slot=106
rank 54=m25 slot=108
rank 55=m25 slot=110
rank 56=m25 slot=112
rank 57=m25 slot=114
rank 58=m25 slot=116
rank 59=m25 slot=118
rank 60=m25 slot=120
rank 61=m25 slot=122
rank 62=m25 slot=124
rank 63=m25 slot=126
## RANKFILE 2:
rank 0=m25 slot=1
rank 1=m25 slot=3
rank 2=m25 slot=5
rank 3=m25 slot=7
rank 4=m25 slot=9
rank 5=m25 slot=11
rank 6=m25 slot=13
rank 7=m25 slot=15
rank 8=m25 slot=17
rank 9=m25 slot=19
rank 10=m25 slot=21
rank 11=m25 slot=23
rank 12=m25 slot=25
rank 13=m25 slot=27
rank 14=m25 slot=29
rank 15=m25 slot=31
rank 16=m25 slot=33
rank 17=m25 slot=35
rank 18=m25 slot=37
rank 19=m25 slot=39
rank 20=m25 slot=41
rank 21=m25 slot=43
rank 22=m25 slot=45
rank 23=m25 slot=47
rank 24=m25 slot=49
rank 25=m25 slot=51
rank 26=m25 slot=53
rank 27=m25 slot=55
rank 28=m25 slot=57
rank 29=m25 slot=59
rank 30=m25 slot=61
rank 31=m25 slot=63
rank 32=m25 slot=65
rank 33=m25 slot=67
rank 34=m25 slot=69
rank 35=m25 slot=71
rank 36=m25 slot=73
rank 37=m25 slot=75
rank 38=m25 slot=77
rank 39=m25 slot=79
rank 40=m25 slot=81
rank 41=m25 slot=83
rank 42=m25 slot=85
rank 43=m25 slot=87
rank 44=m25 slot=89
rank 45=m25 slot=91
rank 46=m25 slot=93
rank 47=m25 slot=95
rank 48=m25 slot=97
rank 49=m25 slot=99
rank 50=m25 slot=101
rank 51=m25 slot=103
rank 52=m25 slot=105
rank 53=m25 slot=107
rank 54=m25 slot=109
rank 55=m25 slot=111
rank 56=m25 slot=113
rank 57=m25 slot=115
rank 58=m25 slot=117
rank 59=m25 slot=119
rank 60=m25 slot=121
rank 61=m25 slot=123
rank 62=m25 slot=125
rank 63=m25 slot=127
## REPORT 1:
Rank 0: Node m25, CPU core 0, NUMA node 0
Rank 1: Node m25, CPU core 2, NUMA node 0
Rank 2: Node m25, CPU core 4, NUMA node 0
Rank 3: Node m25, CPU core 6, NUMA node 0
Rank 4: Node m25, CPU core 8, NUMA node 0
Rank 5: Node m25, CPU core 10, NUMA node 0
Rank 6: Node m25, CPU core 12, NUMA node 0
Rank 7: Node m25, CPU core 14, NUMA node 0
Rank 9: Node m25, CPU core 18, NUMA node 1
Rank 8: Node m25, CPU core 16, NUMA node 1
Rank 10: Node m25, CPU core 20, NUMA node 1
Rank 11: Node m25, CPU core 22, NUMA node 1
Rank 12: Node m25, CPU core 24, NUMA node 1
Rank 13: Node m25, CPU core 26, NUMA node 1
Rank 14: Node m25, CPU core 28, NUMA node 1
Rank 15: Node m25, CPU core 30, NUMA node 1
Rank 16: Node m25, CPU core 32, NUMA node 2
Rank 17: Node m25, CPU core 34, NUMA node 2
Rank 18: Node m25, CPU core 36, NUMA node 2
Rank 19: Node m25, CPU core 38, NUMA node 2
Rank 20: Node m25, CPU core 40, NUMA node 2
Rank 21: Node m25, CPU core 42, NUMA node 2
Rank 22: Node m25, CPU core 44, NUMA node 2
Rank 23: Node m25, CPU core 46, NUMA node 2
Rank 24: Node m25, CPU core 48, NUMA node 3
Rank 25: Node m25, CPU core 50, NUMA node 3
Rank 26: Node m25, CPU core 52, NUMA node 3
Rank 27: Node m25, CPU core 54, NUMA node 3
Rank 28: Node m25, CPU core 56, NUMA node 3
Rank 29: Node m25, CPU core 58, NUMA node 3
Rank 30: Node m25, CPU core 60, NUMA node 3
Rank 31: Node m25, CPU core 62, NUMA node 3
Rank 32: Node m25, CPU core 64, NUMA node 4
Rank 33: Node m25, CPU core 66, NUMA node 4
Rank 34: Node m25, CPU core 68, NUMA node 4
Rank 35: Node m25, CPU core 70, NUMA node 4
Rank 36: Node m25, CPU core 72, NUMA node 4
Rank 37: Node m25, CPU core 74, NUMA node 4
Rank 38: Node m25, CPU core 76, NUMA node 4
Rank 39: Node m25, CPU core 78, NUMA node 4
Rank 40: Node m25, CPU core 80, NUMA node 5
Rank 41: Node m25, CPU core 82, NUMA node 5
Rank 42: Node m25, CPU core 84, NUMA node 5
Rank 43: Node m25, CPU core 86, NUMA node 5
Rank 44: Node m25, CPU core 88, NUMA node 5
Rank 45: Node m25, CPU core 90, NUMA node 5
Rank 46: Node m25, CPU core 92, NUMA node 5
Rank 47: Node m25, CPU core 94, NUMA node 5
Rank 48: Node m25, CPU core 96, NUMA node 6
Rank 49: Node m25, CPU core 98, NUMA node 6
Rank 50: Node m25, CPU core 100, NUMA node 6
Rank 51: Node m25, CPU core 102, NUMA node 6
Rank 52: Node m25, CPU core 104, NUMA node 6
Rank 53: Node m25, CPU core 106, NUMA node 6
Rank 54: Node m25, CPU core 108, NUMA node 6
Rank 55: Node m25, CPU core 110, NUMA node 6
Rank 56: Node m25, CPU core 112, NUMA node 7
Rank 57: Node m25, CPU core 114, NUMA node 7
Rank 58: Node m25, CPU core 116, NUMA node 7
Rank 59: Node m25, CPU core 118, NUMA node 7
Rank 60: Node m25, CPU core 120, NUMA node 7
Rank 61: Node m25, CPU core 122, NUMA node 7
Rank 62: Node m25, CPU core 124, NUMA node 7
Rank 63: Node m25, CPU core 126, NUMA node 7

===== SUMMARY =====

----- NODE: m25 -----
CPU cores used: 0 2 4 6 8 10 12 14 16 18 20 22 24 26 28 30 32 34 36 38 40 42 44 46 48 50 52 54 56 58 60 62 64 66 68 70 72 74 76 78 80 82 84 86 88 90 92 94 96 98 100 102 104 106 108 110 112 114 116 118 120 122 124 126 
NUMA nodes used: 0 1 2 3 4 5 6 7 
## REPORT 2:
Rank 0: Node m25, CPU core 1, NUMA node 0
Rank 1: Node m25, CPU core 3, NUMA node 0
Rank 2: Node m25, CPU core 5, NUMA node 0
Rank 3: Node m25, CPU core 7, NUMA node 0
Rank 4: Node m25, CPU core 9, NUMA node 0
Rank 5: Node m25, CPU core 11, NUMA node 0
Rank 6: Node m25, CPU core 13, NUMA node 0
Rank 7: Node m25, CPU core 15, NUMA node 0
Rank 8: Node m25, CPU core 17, NUMA node 1
Rank 9: Node m25, CPU core 19, NUMA node 1
Rank 10: Node m25, CPU core 21, NUMA node 1
Rank 11: Node m25, CPU core 23, NUMA node 1
Rank 12: Node m25, CPU core 25, NUMA node 1
Rank 13: Node m25, CPU core 27, NUMA node 1
Rank 14: Node m25, CPU core 29, NUMA node 1
Rank 15: Node m25, CPU core 31, NUMA node 1
Rank 16: Node m25, CPU core 33, NUMA node 2
Rank 17: Node m25, CPU core 35, NUMA node 2
Rank 18: Node m25, CPU core 37, NUMA node 2
Rank 19: Node m25, CPU core 39, NUMA node 2
Rank 20: Node m25, CPU core 41, NUMA node 2
Rank 21: Node m25, CPU core 43, NUMA node 2
Rank 22: Node m25, CPU core 45, NUMA node 2
Rank 23: Node m25, CPU core 47, NUMA node 2
Rank 24: Node m25, CPU core 49, NUMA node 3
Rank 25: Node m25, CPU core 51, NUMA node 3
Rank 26: Node m25, CPU core 53, NUMA node 3
Rank 27: Node m25, CPU core 55, NUMA node 3
Rank 28: Node m25, CPU core 57, NUMA node 3
Rank 29: Node m25, CPU core 59, NUMA node 3
Rank 30: Node m25, CPU core 61, NUMA node 3
Rank 31: Node m25, CPU core 63, NUMA node 3
Rank 32: Node m25, CPU core 65, NUMA node 4
Rank 33: Node m25, CPU core 67, NUMA node 4
Rank 34: Node m25, CPU core 69, NUMA node 4
Rank 35: Node m25, CPU core 71, NUMA node 4
Rank 36: Node m25, CPU core 73, NUMA node 4
Rank 37: Node m25, CPU core 75, NUMA node 4
Rank 38: Node m25, CPU core 77, NUMA node 4
Rank 39: Node m25, CPU core 79, NUMA node 4
Rank 40: Node m25, CPU core 81, NUMA node 5
Rank 41: Node m25, CPU core 83, NUMA node 5
Rank 42: Node m25, CPU core 85, NUMA node 5
Rank 43: Node m25, CPU core 87, NUMA node 5
Rank 44: Node m25, CPU core 89, NUMA node 5
Rank 45: Node m25, CPU core 91, NUMA node 5
Rank 46: Node m25, CPU core 93, NUMA node 5
Rank 47: Node m25, CPU core 95, NUMA node 5
Rank 48: Node m25, CPU core 97, NUMA node 6
Rank 49: Node m25, CPU core 99, NUMA node 6
Rank 50: Node m25, CPU core 101, NUMA node 6
Rank 51: Node m25, CPU core 103, NUMA node 6
Rank 52: Node m25, CPU core 105, NUMA node 6
Rank 53: Node m25, CPU core 107, NUMA node 6
Rank 54: Node m25, CPU core 109, NUMA node 6
Rank 55: Node m25, CPU core 111, NUMA node 6
Rank 56: Node m25, CPU core 113, NUMA node 7
Rank 57: Node m25, CPU core 115, NUMA node 7
Rank 58: Node m25, CPU core 117, NUMA node 7
Rank 59: Node m25, CPU core 119, NUMA node 7
Rank 60: Node m25, CPU core 121, NUMA node 7
Rank 61: Node m25, CPU core 123, NUMA node 7
Rank 62: Node m25, CPU core 125, NUMA node 7
Rank 63: Node m25, CPU core 127, NUMA node 7

===== SUMMARY =====

----- NODE: m25 -----
CPU cores used: 1 3 5 7 9 11 13 15 17 19 21 23 25 27 29 31 33 35 37 39 41 43 45 47 49 51 53 55 57 59 61 63 65 67 69 71 73 75 77 79 81 83 85 87 89 91 93 95 97 99 101 103 105 107 109 111 113 115 117 119 121 123 125 127 
NUMA nodes used: 0 1 2 3 4 5 6 7 
## EXECUTE:
### mpirun 1 2026-07-05 22:43:28
### mpirun 1 2026-07-05 22:43:28
### mpirun 2 2026-07-05 22:46:01
### mpirun 3 2026-07-05 22:48:31
### mpirun 4 2026-07-05 22:51:00
### mpirun 2 2026-07-05 22:51:07
### mpirun 5 2026-07-05 22:53:30
### mpirun 6 2026-07-05 22:56:00
### mpirun 7 2026-07-05 22:58:30
### mpirun 3 2026-07-05 22:58:42
### mpirun 8 2026-07-05 23:01:00
### mpirun 9 2026-07-05 23:03:30
### mpirun 10 2026-07-05 23:06:00
## BENCH 1:
### mpirun 1 2026-07-05 22:43:28


 NAS Parallel Benchmarks 3.4 -- MG Benchmark

 No input file. Using compiled defaults 
 Size: 2048x2048x2048  (class E)
 Iterations:   50
 Total number of processes:     64


 Initialization time:          19.763 seconds

  iter    1
  iter    5
  iter   10
  iter   15
  iter   20
  iter   25
  iter   30
  iter   35
  iter   40
  iter   45
  iter   50

 Benchmark completed 
 VERIFICATION SUCCESSFUL 
 L2 Norm is  0.5630442584583E-10
 Error is    0.2268381496319E-10


 MG Benchmark Completed.
 Class           =                        E
 Size            =           2048x2048x2048
 Iterations      =                       50
 Time in seconds =                   434.76
 Total processes =                       64
 Active processes=                       64
 Mop/s total     =                 57298.00
 Mop/s/process   =                   895.28
 Operation type  =           floating point
 Verification    =               SUCCESSFUL
 Version         =                    3.4.4
 Compile date    =              06 Apr 2026

 Compile options:
    MPIFC        = mpif90
    FLINK        = $(MPIFC)
    FMPI_LIB     = (none)
    FMPI_INC     = (none)
    FFLAGS       = -O3
    FLINKFLAGS   = $(FFLAGS)
    RAND         = randi8


 Please send feedbacks and/or the results of this run to:

 NPB Development Team 
 Internet: npb@nas.nasa.gov


### mpirun 2 2026-07-05 22:51:07


 NAS Parallel Benchmarks 3.4 -- MG Benchmark

 No input file. Using compiled defaults 
 Size: 2048x2048x2048  (class E)
 Iterations:   50
 Total number of processes:     64


 Initialization time:          19.551 seconds

  iter    1
  iter    5
  iter   10
  iter   15
  iter   20
  iter   25
  iter   30
  iter   35
  iter   40
  iter   45
  iter   50

 Benchmark completed 
 VERIFICATION SUCCESSFUL 
 L2 Norm is  0.5630442584583E-10
 Error is    0.2268381496319E-10


 MG Benchmark Completed.
 Class           =                        E
 Size            =           2048x2048x2048
 Iterations      =                       50
 Time in seconds =                   433.09
 Total processes =                       64
 Active processes=                       64
 Mop/s total     =                 57519.30
 Mop/s/process   =                   898.74
 Operation type  =           floating point
 Verification    =               SUCCESSFUL
 Version         =                    3.4.4
 Compile date    =              06 Apr 2026

 Compile options:
    MPIFC        = mpif90
    FLINK        = $(MPIFC)
    FMPI_LIB     = (none)
    FMPI_INC     = (none)
    FFLAGS       = -O3
    FLINKFLAGS   = $(FFLAGS)
    RAND         = randi8


 Please send feedbacks and/or the results of this run to:

 NPB Development Team 
 Internet: npb@nas.nasa.gov


### mpirun 3 2026-07-05 22:58:42


 NAS Parallel Benchmarks 3.4 -- MG Benchmark

 No input file. Using compiled defaults 
 Size: 2048x2048x2048  (class E)
 Iterations:   50
 Total number of processes:     64


 Initialization time:          19.480 seconds

  iter    1
  iter    5
  iter   10
  iter   15
  iter   20
  iter   25
  iter   30
  iter   35
  iter   40
  iter   45
  iter   50

 Benchmark completed 
 VERIFICATION SUCCESSFUL 
 L2 Norm is  0.5630442584583E-10
 Error is    0.2268381496319E-10


 MG Benchmark Completed.
 Class           =                        E
 Size            =           2048x2048x2048
 Iterations      =                       50
 Time in seconds =                   435.03
 Total processes =                       64
 Active processes=                       64
 Mop/s total     =                 57261.88
 Mop/s/process   =                   894.72
 Operation type  =           floating point
 Verification    =               SUCCESSFUL
 Version         =                    3.4.4
 Compile date    =              06 Apr 2026

 Compile options:
    MPIFC        = mpif90
    FLINK        = $(MPIFC)
    FMPI_LIB     = (none)
    FMPI_INC     = (none)
    FFLAGS       = -O3
    FLINKFLAGS   = $(FFLAGS)
    RAND         = randi8


 Please send feedbacks and/or the results of this run to:

 NPB Development Team 
 Internet: npb@nas.nasa.gov


## BENCH 2:
### mpirun 1 2026-07-05 22:43:28


 NAS Parallel Benchmarks 3.4 -- FT Benchmark

 No input file inputft.data. Using compiled defaults
 Size                : 2048x1024x1024  (class D)
 Iterations          :             25
 Number of processes :             64
 Processor array     :         1x  64
 Layout type         :             1D

 Initialization time =      7.3986

 T =    1     Checksum =    5.122230065252D+02    5.118534037109D+02
 T =    2     Checksum =    5.120463975765D+02    5.117061181082D+02
 T =    3     Checksum =    5.119865766760D+02    5.117096364601D+02
 T =    4     Checksum =    5.119518799488D+02    5.117373863950D+02
 T =    5     Checksum =    5.119269088223D+02    5.117680347632D+02
 T =    6     Checksum =    5.119082416858D+02    5.117967875532D+02
 T =    7     Checksum =    5.118943814638D+02    5.118225281841D+02
 T =    8     Checksum =    5.118842385057D+02    5.118451629348D+02
 T =    9     Checksum =    5.118769435632D+02    5.118649119387D+02
 T =   10     Checksum =    5.118718203448D+02    5.118820803844D+02
 T =   11     Checksum =    5.118683569061D+02    5.118969781011D+02
 T =   12     Checksum =    5.118661708593D+02    5.119098918835D+02
 T =   13     Checksum =    5.118649768950D+02    5.119210777066D+02
 T =   14     Checksum =    5.118645605626D+02    5.119307604484D+02
 T =   15     Checksum =    5.118647586618D+02    5.119391362671D+02
 T =   16     Checksum =    5.118654451572D+02    5.119463757241D+02
 T =   17     Checksum =    5.118665212451D+02    5.119526269238D+02
 T =   18     Checksum =    5.118679083821D+02    5.119580184108D+02
 T =   19     Checksum =    5.118695433664D+02    5.119626617538D+02
 T =   20     Checksum =    5.118713748264D+02    5.119666538138D+02
 T =   21     Checksum =    5.118733606701D+02    5.119700787219D+02
 T =   22     Checksum =    5.118754661974D+02    5.119730095953D+02
 T =   23     Checksum =    5.118776626738D+02    5.119755100241D+02
 T =   24     Checksum =    5.118799262314D+02    5.119776353561D+02
 T =   25     Checksum =    5.118822370068D+02    5.119794338060D+02
 Result verification successful


 FT Benchmark Completed.
 Class           =                        D
 Size            =           2048x1024x1024
 Iterations      =                       25
 Time in seconds =                   141.23
 Total processes =                       64
 Active processes=                       64
 Mop/s total     =                 63467.92
 Mop/s/process   =                   991.69
 Operation type  =           floating point
 Verification    =               SUCCESSFUL
 Version         =                    3.4.4
 Compile date    =              06 Apr 2026

 Compile options:
    MPIFC        = mpif90
    FLINK        = $(MPIFC)
    FMPI_LIB     = (none)
    FMPI_INC     = (none)
    FFLAGS       = -O3
    FLINKFLAGS   = $(FFLAGS)
    RAND         = randi8


 Please send feedbacks and/or the results of this run to:

 NPB Development Team 
 Internet: npb@nas.nasa.gov


### mpirun 2 2026-07-05 22:46:01


 NAS Parallel Benchmarks 3.4 -- FT Benchmark

 No input file inputft.data. Using compiled defaults
 Size                : 2048x1024x1024  (class D)
 Iterations          :             25
 Number of processes :             64
 Processor array     :         1x  64
 Layout type         :             1D

 Initialization time =      6.9059

 T =    1     Checksum =    5.122230065252D+02    5.118534037109D+02
 T =    2     Checksum =    5.120463975765D+02    5.117061181082D+02
 T =    3     Checksum =    5.119865766760D+02    5.117096364601D+02
 T =    4     Checksum =    5.119518799488D+02    5.117373863950D+02
 T =    5     Checksum =    5.119269088223D+02    5.117680347632D+02
 T =    6     Checksum =    5.119082416858D+02    5.117967875532D+02
 T =    7     Checksum =    5.118943814638D+02    5.118225281841D+02
 T =    8     Checksum =    5.118842385057D+02    5.118451629348D+02
 T =    9     Checksum =    5.118769435632D+02    5.118649119387D+02
 T =   10     Checksum =    5.118718203448D+02    5.118820803844D+02
 T =   11     Checksum =    5.118683569061D+02    5.118969781011D+02
 T =   12     Checksum =    5.118661708593D+02    5.119098918835D+02
 T =   13     Checksum =    5.118649768950D+02    5.119210777066D+02
 T =   14     Checksum =    5.118645605626D+02    5.119307604484D+02
 T =   15     Checksum =    5.118647586618D+02    5.119391362671D+02
 T =   16     Checksum =    5.118654451572D+02    5.119463757241D+02
 T =   17     Checksum =    5.118665212451D+02    5.119526269238D+02
 T =   18     Checksum =    5.118679083821D+02    5.119580184108D+02
 T =   19     Checksum =    5.118695433664D+02    5.119626617538D+02
 T =   20     Checksum =    5.118713748264D+02    5.119666538138D+02
 T =   21     Checksum =    5.118733606701D+02    5.119700787219D+02
 T =   22     Checksum =    5.118754661974D+02    5.119730095953D+02
 T =   23     Checksum =    5.118776626738D+02    5.119755100241D+02
 T =   24     Checksum =    5.118799262314D+02    5.119776353561D+02
 T =   25     Checksum =    5.118822370068D+02    5.119794338060D+02
 Result verification successful


 FT Benchmark Completed.
 Class           =                        D
 Size            =           2048x1024x1024
 Iterations      =                       25
 Time in seconds =                   140.84
 Total processes =                       64
 Active processes=                       64
 Mop/s total     =                 63644.31
 Mop/s/process   =                   994.44
 Operation type  =           floating point
 Verification    =               SUCCESSFUL
 Version         =                    3.4.4
 Compile date    =              06 Apr 2026

 Compile options:
    MPIFC        = mpif90
    FLINK        = $(MPIFC)
    FMPI_LIB     = (none)
    FMPI_INC     = (none)
    FFLAGS       = -O3
    FLINKFLAGS   = $(FFLAGS)
    RAND         = randi8


 Please send feedbacks and/or the results of this run to:

 NPB Development Team 
 Internet: npb@nas.nasa.gov


### mpirun 3 2026-07-05 22:48:31


 NAS Parallel Benchmarks 3.4 -- FT Benchmark

 No input file inputft.data. Using compiled defaults
 Size                : 2048x1024x1024  (class D)
 Iterations          :             25
 Number of processes :             64
 Processor array     :         1x  64
 Layout type         :             1D

 Initialization time =      6.6621

 T =    1     Checksum =    5.122230065252D+02    5.118534037109D+02
 T =    2     Checksum =    5.120463975765D+02    5.117061181082D+02
 T =    3     Checksum =    5.119865766760D+02    5.117096364601D+02
 T =    4     Checksum =    5.119518799488D+02    5.117373863950D+02
 T =    5     Checksum =    5.119269088223D+02    5.117680347632D+02
 T =    6     Checksum =    5.119082416858D+02    5.117967875532D+02
 T =    7     Checksum =    5.118943814638D+02    5.118225281841D+02
 T =    8     Checksum =    5.118842385057D+02    5.118451629348D+02
 T =    9     Checksum =    5.118769435632D+02    5.118649119387D+02
 T =   10     Checksum =    5.118718203448D+02    5.118820803844D+02
 T =   11     Checksum =    5.118683569061D+02    5.118969781011D+02
 T =   12     Checksum =    5.118661708593D+02    5.119098918835D+02
 T =   13     Checksum =    5.118649768950D+02    5.119210777066D+02
 T =   14     Checksum =    5.118645605626D+02    5.119307604484D+02
 T =   15     Checksum =    5.118647586618D+02    5.119391362671D+02
 T =   16     Checksum =    5.118654451572D+02    5.119463757241D+02
 T =   17     Checksum =    5.118665212451D+02    5.119526269238D+02
 T =   18     Checksum =    5.118679083821D+02    5.119580184108D+02
 T =   19     Checksum =    5.118695433664D+02    5.119626617538D+02
 T =   20     Checksum =    5.118713748264D+02    5.119666538138D+02
 T =   21     Checksum =    5.118733606701D+02    5.119700787219D+02
 T =   22     Checksum =    5.118754661974D+02    5.119730095953D+02
 T =   23     Checksum =    5.118776626738D+02    5.119755100241D+02
 T =   24     Checksum =    5.118799262314D+02    5.119776353561D+02
 T =   25     Checksum =    5.118822370068D+02    5.119794338060D+02
 Result verification successful


 FT Benchmark Completed.
 Class           =                        D
 Size            =           2048x1024x1024
 Iterations      =                       25
 Time in seconds =                   140.25
 Total processes =                       64
 Active processes=                       64
 Mop/s total     =                 63911.68
 Mop/s/process   =                   998.62
 Operation type  =           floating point
 Verification    =               SUCCESSFUL
 Version         =                    3.4.4
 Compile date    =              06 Apr 2026

 Compile options:
    MPIFC        = mpif90
    FLINK        = $(MPIFC)
    FMPI_LIB     = (none)
    FMPI_INC     = (none)
    FFLAGS       = -O3
    FLINKFLAGS   = $(FFLAGS)
    RAND         = randi8


 Please send feedbacks and/or the results of this run to:

 NPB Development Team 
 Internet: npb@nas.nasa.gov


### mpirun 4 2026-07-05 22:51:00


 NAS Parallel Benchmarks 3.4 -- FT Benchmark

 No input file inputft.data. Using compiled defaults
 Size                : 2048x1024x1024  (class D)
 Iterations          :             25
 Number of processes :             64
 Processor array     :         1x  64
 Layout type         :             1D

 Initialization time =      5.5175

 T =    1     Checksum =    5.122230065252D+02    5.118534037109D+02
 T =    2     Checksum =    5.120463975765D+02    5.117061181082D+02
 T =    3     Checksum =    5.119865766760D+02    5.117096364601D+02
 T =    4     Checksum =    5.119518799488D+02    5.117373863950D+02
 T =    5     Checksum =    5.119269088223D+02    5.117680347632D+02
 T =    6     Checksum =    5.119082416858D+02    5.117967875532D+02
 T =    7     Checksum =    5.118943814638D+02    5.118225281841D+02
 T =    8     Checksum =    5.118842385057D+02    5.118451629348D+02
 T =    9     Checksum =    5.118769435632D+02    5.118649119387D+02
 T =   10     Checksum =    5.118718203448D+02    5.118820803844D+02
 T =   11     Checksum =    5.118683569061D+02    5.118969781011D+02
 T =   12     Checksum =    5.118661708593D+02    5.119098918835D+02
 T =   13     Checksum =    5.118649768950D+02    5.119210777066D+02
 T =   14     Checksum =    5.118645605626D+02    5.119307604484D+02
 T =   15     Checksum =    5.118647586618D+02    5.119391362671D+02
 T =   16     Checksum =    5.118654451572D+02    5.119463757241D+02
 T =   17     Checksum =    5.118665212451D+02    5.119526269238D+02
 T =   18     Checksum =    5.118679083821D+02    5.119580184108D+02
 T =   19     Checksum =    5.118695433664D+02    5.119626617538D+02
 T =   20     Checksum =    5.118713748264D+02    5.119666538138D+02
 T =   21     Checksum =    5.118733606701D+02    5.119700787219D+02
 T =   22     Checksum =    5.118754661974D+02    5.119730095953D+02
 T =   23     Checksum =    5.118776626738D+02    5.119755100241D+02
 T =   24     Checksum =    5.118799262314D+02    5.119776353561D+02
 T =   25     Checksum =    5.118822370068D+02    5.119794338060D+02
 Result verification successful


 FT Benchmark Completed.
 Class           =                        D
 Size            =           2048x1024x1024
 Iterations      =                       25
 Time in seconds =                   141.55
 Total processes =                       64
 Active processes=                       64
 Mop/s total     =                 63327.26
 Mop/s/process   =                   989.49
 Operation type  =           floating point
 Verification    =               SUCCESSFUL
 Version         =                    3.4.4
 Compile date    =              06 Apr 2026

 Compile options:
    MPIFC        = mpif90
    FLINK        = $(MPIFC)
    FMPI_LIB     = (none)
    FMPI_INC     = (none)
    FFLAGS       = -O3
    FLINKFLAGS   = $(FFLAGS)
    RAND         = randi8


 Please send feedbacks and/or the results of this run to:

 NPB Development Team 
 Internet: npb@nas.nasa.gov


### mpirun 5 2026-07-05 22:53:30


 NAS Parallel Benchmarks 3.4 -- FT Benchmark

 No input file inputft.data. Using compiled defaults
 Size                : 2048x1024x1024  (class D)
 Iterations          :             25
 Number of processes :             64
 Processor array     :         1x  64
 Layout type         :             1D

 Initialization time =      6.8248

 T =    1     Checksum =    5.122230065252D+02    5.118534037109D+02
 T =    2     Checksum =    5.120463975765D+02    5.117061181082D+02
 T =    3     Checksum =    5.119865766760D+02    5.117096364601D+02
 T =    4     Checksum =    5.119518799488D+02    5.117373863950D+02
 T =    5     Checksum =    5.119269088223D+02    5.117680347632D+02
 T =    6     Checksum =    5.119082416858D+02    5.117967875532D+02
 T =    7     Checksum =    5.118943814638D+02    5.118225281841D+02
 T =    8     Checksum =    5.118842385057D+02    5.118451629348D+02
 T =    9     Checksum =    5.118769435632D+02    5.118649119387D+02
 T =   10     Checksum =    5.118718203448D+02    5.118820803844D+02
 T =   11     Checksum =    5.118683569061D+02    5.118969781011D+02
 T =   12     Checksum =    5.118661708593D+02    5.119098918835D+02
 T =   13     Checksum =    5.118649768950D+02    5.119210777066D+02
 T =   14     Checksum =    5.118645605626D+02    5.119307604484D+02
 T =   15     Checksum =    5.118647586618D+02    5.119391362671D+02
 T =   16     Checksum =    5.118654451572D+02    5.119463757241D+02
 T =   17     Checksum =    5.118665212451D+02    5.119526269238D+02
 T =   18     Checksum =    5.118679083821D+02    5.119580184108D+02
 T =   19     Checksum =    5.118695433664D+02    5.119626617538D+02
 T =   20     Checksum =    5.118713748264D+02    5.119666538138D+02
 T =   21     Checksum =    5.118733606701D+02    5.119700787219D+02
 T =   22     Checksum =    5.118754661974D+02    5.119730095953D+02
 T =   23     Checksum =    5.118776626738D+02    5.119755100241D+02
 T =   24     Checksum =    5.118799262314D+02    5.119776353561D+02
 T =   25     Checksum =    5.118822370068D+02    5.119794338060D+02
 Result verification successful


 FT Benchmark Completed.
 Class           =                        D
 Size            =           2048x1024x1024
 Iterations      =                       25
 Time in seconds =                   140.53
 Total processes =                       64
 Active processes=                       64
 Mop/s total     =                 63784.11
 Mop/s/process   =                   996.63
 Operation type  =           floating point
 Verification    =               SUCCESSFUL
 Version         =                    3.4.4
 Compile date    =              06 Apr 2026

 Compile options:
    MPIFC        = mpif90
    FLINK        = $(MPIFC)
    FMPI_LIB     = (none)
    FMPI_INC     = (none)
    FFLAGS       = -O3
    FLINKFLAGS   = $(FFLAGS)
    RAND         = randi8


 Please send feedbacks and/or the results of this run to:

 NPB Development Team 
 Internet: npb@nas.nasa.gov


### mpirun 6 2026-07-05 22:56:00


 NAS Parallel Benchmarks 3.4 -- FT Benchmark

 No input file inputft.data. Using compiled defaults
 Size                : 2048x1024x1024  (class D)
 Iterations          :             25
 Number of processes :             64
 Processor array     :         1x  64
 Layout type         :             1D

 Initialization time =      6.7011

 T =    1     Checksum =    5.122230065252D+02    5.118534037109D+02
 T =    2     Checksum =    5.120463975765D+02    5.117061181082D+02
 T =    3     Checksum =    5.119865766760D+02    5.117096364601D+02
 T =    4     Checksum =    5.119518799488D+02    5.117373863950D+02
 T =    5     Checksum =    5.119269088223D+02    5.117680347632D+02
 T =    6     Checksum =    5.119082416858D+02    5.117967875532D+02
 T =    7     Checksum =    5.118943814638D+02    5.118225281841D+02
 T =    8     Checksum =    5.118842385057D+02    5.118451629348D+02
 T =    9     Checksum =    5.118769435632D+02    5.118649119387D+02
 T =   10     Checksum =    5.118718203448D+02    5.118820803844D+02
 T =   11     Checksum =    5.118683569061D+02    5.118969781011D+02
 T =   12     Checksum =    5.118661708593D+02    5.119098918835D+02
 T =   13     Checksum =    5.118649768950D+02    5.119210777066D+02
 T =   14     Checksum =    5.118645605626D+02    5.119307604484D+02
 T =   15     Checksum =    5.118647586618D+02    5.119391362671D+02
 T =   16     Checksum =    5.118654451572D+02    5.119463757241D+02
 T =   17     Checksum =    5.118665212451D+02    5.119526269238D+02
 T =   18     Checksum =    5.118679083821D+02    5.119580184108D+02
 T =   19     Checksum =    5.118695433664D+02    5.119626617538D+02
 T =   20     Checksum =    5.118713748264D+02    5.119666538138D+02
 T =   21     Checksum =    5.118733606701D+02    5.119700787219D+02
 T =   22     Checksum =    5.118754661974D+02    5.119730095953D+02
 T =   23     Checksum =    5.118776626738D+02    5.119755100241D+02
 T =   24     Checksum =    5.118799262314D+02    5.119776353561D+02
 T =   25     Checksum =    5.118822370068D+02    5.119794338060D+02
 Result verification successful


 FT Benchmark Completed.
 Class           =                        D
 Size            =           2048x1024x1024
 Iterations      =                       25
 Time in seconds =                   140.74
 Total processes =                       64
 Active processes=                       64
 Mop/s total     =                 63688.00
 Mop/s/process   =                   995.12
 Operation type  =           floating point
 Verification    =               SUCCESSFUL
 Version         =                    3.4.4
 Compile date    =              06 Apr 2026

 Compile options:
    MPIFC        = mpif90
    FLINK        = $(MPIFC)
    FMPI_LIB     = (none)
    FMPI_INC     = (none)
    FFLAGS       = -O3
    FLINKFLAGS   = $(FFLAGS)
    RAND         = randi8


 Please send feedbacks and/or the results of this run to:

 NPB Development Team 
 Internet: npb@nas.nasa.gov


### mpirun 7 2026-07-05 22:58:30


 NAS Parallel Benchmarks 3.4 -- FT Benchmark

 No input file inputft.data. Using compiled defaults
 Size                : 2048x1024x1024  (class D)
 Iterations          :             25
 Number of processes :             64
 Processor array     :         1x  64
 Layout type         :             1D

 Initialization time =      6.7568

 T =    1     Checksum =    5.122230065252D+02    5.118534037109D+02
 T =    2     Checksum =    5.120463975765D+02    5.117061181082D+02
 T =    3     Checksum =    5.119865766760D+02    5.117096364601D+02
 T =    4     Checksum =    5.119518799488D+02    5.117373863950D+02
 T =    5     Checksum =    5.119269088223D+02    5.117680347632D+02
 T =    6     Checksum =    5.119082416858D+02    5.117967875532D+02
 T =    7     Checksum =    5.118943814638D+02    5.118225281841D+02
 T =    8     Checksum =    5.118842385057D+02    5.118451629348D+02
 T =    9     Checksum =    5.118769435632D+02    5.118649119387D+02
 T =   10     Checksum =    5.118718203448D+02    5.118820803844D+02
 T =   11     Checksum =    5.118683569061D+02    5.118969781011D+02
 T =   12     Checksum =    5.118661708593D+02    5.119098918835D+02
 T =   13     Checksum =    5.118649768950D+02    5.119210777066D+02
 T =   14     Checksum =    5.118645605626D+02    5.119307604484D+02
 T =   15     Checksum =    5.118647586618D+02    5.119391362671D+02
 T =   16     Checksum =    5.118654451572D+02    5.119463757241D+02
 T =   17     Checksum =    5.118665212451D+02    5.119526269238D+02
 T =   18     Checksum =    5.118679083821D+02    5.119580184108D+02
 T =   19     Checksum =    5.118695433664D+02    5.119626617538D+02
 T =   20     Checksum =    5.118713748264D+02    5.119666538138D+02
 T =   21     Checksum =    5.118733606701D+02    5.119700787219D+02
 T =   22     Checksum =    5.118754661974D+02    5.119730095953D+02
 T =   23     Checksum =    5.118776626738D+02    5.119755100241D+02
 T =   24     Checksum =    5.118799262314D+02    5.119776353561D+02
 T =   25     Checksum =    5.118822370068D+02    5.119794338060D+02
 Result verification successful


 FT Benchmark Completed.
 Class           =                        D
 Size            =           2048x1024x1024
 Iterations      =                       25
 Time in seconds =                   140.12
 Total processes =                       64
 Active processes=                       64
 Mop/s total     =                 63972.52
 Mop/s/process   =                   999.57
 Operation type  =           floating point
 Verification    =               SUCCESSFUL
 Version         =                    3.4.4
 Compile date    =              06 Apr 2026

 Compile options:
    MPIFC        = mpif90
    FLINK        = $(MPIFC)
    FMPI_LIB     = (none)
    FMPI_INC     = (none)
    FFLAGS       = -O3
    FLINKFLAGS   = $(FFLAGS)
    RAND         = randi8


 Please send feedbacks and/or the results of this run to:

 NPB Development Team 
 Internet: npb@nas.nasa.gov


### mpirun 8 2026-07-05 23:01:00


 NAS Parallel Benchmarks 3.4 -- FT Benchmark

 No input file inputft.data. Using compiled defaults
 Size                : 2048x1024x1024  (class D)
 Iterations          :             25
 Number of processes :             64
 Processor array     :         1x  64
 Layout type         :             1D

 Initialization time =      6.8992

 T =    1     Checksum =    5.122230065252D+02    5.118534037109D+02
 T =    2     Checksum =    5.120463975765D+02    5.117061181082D+02
 T =    3     Checksum =    5.119865766760D+02    5.117096364601D+02
 T =    4     Checksum =    5.119518799488D+02    5.117373863950D+02
 T =    5     Checksum =    5.119269088223D+02    5.117680347632D+02
 T =    6     Checksum =    5.119082416858D+02    5.117967875532D+02
 T =    7     Checksum =    5.118943814638D+02    5.118225281841D+02
 T =    8     Checksum =    5.118842385057D+02    5.118451629348D+02
 T =    9     Checksum =    5.118769435632D+02    5.118649119387D+02
 T =   10     Checksum =    5.118718203448D+02    5.118820803844D+02
 T =   11     Checksum =    5.118683569061D+02    5.118969781011D+02
 T =   12     Checksum =    5.118661708593D+02    5.119098918835D+02
 T =   13     Checksum =    5.118649768950D+02    5.119210777066D+02
 T =   14     Checksum =    5.118645605626D+02    5.119307604484D+02
 T =   15     Checksum =    5.118647586618D+02    5.119391362671D+02
 T =   16     Checksum =    5.118654451572D+02    5.119463757241D+02
 T =   17     Checksum =    5.118665212451D+02    5.119526269238D+02
 T =   18     Checksum =    5.118679083821D+02    5.119580184108D+02
 T =   19     Checksum =    5.118695433664D+02    5.119626617538D+02
 T =   20     Checksum =    5.118713748264D+02    5.119666538138D+02
 T =   21     Checksum =    5.118733606701D+02    5.119700787219D+02
 T =   22     Checksum =    5.118754661974D+02    5.119730095953D+02
 T =   23     Checksum =    5.118776626738D+02    5.119755100241D+02
 T =   24     Checksum =    5.118799262314D+02    5.119776353561D+02
 T =   25     Checksum =    5.118822370068D+02    5.119794338060D+02
 Result verification successful


 FT Benchmark Completed.
 Class           =                        D
 Size            =           2048x1024x1024
 Iterations      =                       25
 Time in seconds =                   140.90
 Total processes =                       64
 Active processes=                       64
 Mop/s total     =                 63615.90
 Mop/s/process   =                   994.00
 Operation type  =           floating point
 Verification    =               SUCCESSFUL
 Version         =                    3.4.4
 Compile date    =              06 Apr 2026

 Compile options:
    MPIFC        = mpif90
    FLINK        = $(MPIFC)
    FMPI_LIB     = (none)
    FMPI_INC     = (none)
    FFLAGS       = -O3
    FLINKFLAGS   = $(FFLAGS)
    RAND         = randi8


 Please send feedbacks and/or the results of this run to:

 NPB Development Team 
 Internet: npb@nas.nasa.gov


### mpirun 9 2026-07-05 23:03:30


 NAS Parallel Benchmarks 3.4 -- FT Benchmark

 No input file inputft.data. Using compiled defaults
 Size                : 2048x1024x1024  (class D)
 Iterations          :             25
 Number of processes :             64
 Processor array     :         1x  64
 Layout type         :             1D

 Initialization time =      6.9356

 T =    1     Checksum =    5.122230065252D+02    5.118534037109D+02
 T =    2     Checksum =    5.120463975765D+02    5.117061181082D+02
 T =    3     Checksum =    5.119865766760D+02    5.117096364601D+02
 T =    4     Checksum =    5.119518799488D+02    5.117373863950D+02
 T =    5     Checksum =    5.119269088223D+02    5.117680347632D+02
 T =    6     Checksum =    5.119082416858D+02    5.117967875532D+02
 T =    7     Checksum =    5.118943814638D+02    5.118225281841D+02
 T =    8     Checksum =    5.118842385057D+02    5.118451629348D+02
 T =    9     Checksum =    5.118769435632D+02    5.118649119387D+02
 T =   10     Checksum =    5.118718203448D+02    5.118820803844D+02
 T =   11     Checksum =    5.118683569061D+02    5.118969781011D+02
 T =   12     Checksum =    5.118661708593D+02    5.119098918835D+02
 T =   13     Checksum =    5.118649768950D+02    5.119210777066D+02
 T =   14     Checksum =    5.118645605626D+02    5.119307604484D+02
 T =   15     Checksum =    5.118647586618D+02    5.119391362671D+02
 T =   16     Checksum =    5.118654451572D+02    5.119463757241D+02
 T =   17     Checksum =    5.118665212451D+02    5.119526269238D+02
 T =   18     Checksum =    5.118679083821D+02    5.119580184108D+02
 T =   19     Checksum =    5.118695433664D+02    5.119626617538D+02
 T =   20     Checksum =    5.118713748264D+02    5.119666538138D+02
 T =   21     Checksum =    5.118733606701D+02    5.119700787219D+02
 T =   22     Checksum =    5.118754661974D+02    5.119730095953D+02
 T =   23     Checksum =    5.118776626738D+02    5.119755100241D+02
 T =   24     Checksum =    5.118799262314D+02    5.119776353561D+02
 T =   25     Checksum =    5.118822370068D+02    5.119794338060D+02
 Result verification successful


 FT Benchmark Completed.
 Class           =                        D
 Size            =           2048x1024x1024
 Iterations      =                       25
 Time in seconds =                   141.01
 Total processes =                       64
 Active processes=                       64
 Mop/s total     =                 63568.46
 Mop/s/process   =                   993.26
 Operation type  =           floating point
 Verification    =               SUCCESSFUL
 Version         =                    3.4.4
 Compile date    =              06 Apr 2026

 Compile options:
    MPIFC        = mpif90
    FLINK        = $(MPIFC)
    FMPI_LIB     = (none)
    FMPI_INC     = (none)
    FFLAGS       = -O3
    FLINKFLAGS   = $(FFLAGS)
    RAND         = randi8


 Please send feedbacks and/or the results of this run to:

 NPB Development Team 
 Internet: npb@nas.nasa.gov


### mpirun 10 2026-07-05 23:06:00


 NAS Parallel Benchmarks 3.4 -- FT Benchmark

 No input file inputft.data. Using compiled defaults
 Size                : 2048x1024x1024  (class D)
 Iterations          :             25
 Number of processes :             64
 Processor array     :         1x  64
 Layout type         :             1D

 Initialization time =      6.6399

 T =    1     Checksum =    5.122230065252D+02    5.118534037109D+02
 T =    2     Checksum =    5.120463975765D+02    5.117061181082D+02
 T =    3     Checksum =    5.119865766760D+02    5.117096364601D+02
 T =    4     Checksum =    5.119518799488D+02    5.117373863950D+02
 T =    5     Checksum =    5.119269088223D+02    5.117680347632D+02
 T =    6     Checksum =    5.119082416858D+02    5.117967875532D+02
 T =    7     Checksum =    5.118943814638D+02    5.118225281841D+02
 T =    8     Checksum =    5.118842385057D+02    5.118451629348D+02
 T =    9     Checksum =    5.118769435632D+02    5.118649119387D+02
 T =   10     Checksum =    5.118718203448D+02    5.118820803844D+02
 T =   11     Checksum =    5.118683569061D+02    5.118969781011D+02
 T =   12     Checksum =    5.118661708593D+02    5.119098918835D+02
 T =   13     Checksum =    5.118649768950D+02    5.119210777066D+02
 T =   14     Checksum =    5.118645605626D+02    5.119307604484D+02
 T =   15     Checksum =    5.118647586618D+02    5.119391362671D+02
 T =   16     Checksum =    5.118654451572D+02    5.119463757241D+02
 T =   17     Checksum =    5.118665212451D+02    5.119526269238D+02
 T =   18     Checksum =    5.118679083821D+02    5.119580184108D+02
 T =   19     Checksum =    5.118695433664D+02    5.119626617538D+02
 T =   20     Checksum =    5.118713748264D+02    5.119666538138D+02
 T =   21     Checksum =    5.118733606701D+02    5.119700787219D+02
 T =   22     Checksum =    5.118754661974D+02    5.119730095953D+02
 T =   23     Checksum =    5.118776626738D+02    5.119755100241D+02
 T =   24     Checksum =    5.118799262314D+02    5.119776353561D+02
 T =   25     Checksum =    5.118822370068D+02    5.119794338060D+02
 Result verification successful


 FT Benchmark Completed.
 Class           =                        D
 Size            =           2048x1024x1024
 Iterations      =                       25
 Time in seconds =                    86.68
 Total processes =                       64
 Active processes=                       64
 Mop/s total     =                103416.69
 Mop/s/process   =                  1615.89
 Operation type  =           floating point
 Verification    =               SUCCESSFUL
 Version         =                    3.4.4
 Compile date    =              06 Apr 2026

 Compile options:
    MPIFC        = mpif90
    FLINK        = $(MPIFC)
    FMPI_LIB     = (none)
    FMPI_INC     = (none)
    FFLAGS       = -O3
    FLINKFLAGS   = $(FFLAGS)
    RAND         = randi8


 Please send feedbacks and/or the results of this run to:

 NPB Development Team 
 Internet: npb@nas.nasa.gov


# RUN: half_socket_RR mg.E.x ft.D.x
## RANKFILE 1:
rank 0=m25 slot=0
rank 1=m25 slot=64
rank 2=m25 slot=1
rank 3=m25 slot=65
rank 4=m25 slot=2
rank 5=m25 slot=66
rank 6=m25 slot=3
rank 7=m25 slot=67
rank 8=m25 slot=4
rank 9=m25 slot=68
rank 10=m25 slot=5
rank 11=m25 slot=69
rank 12=m25 slot=6
rank 13=m25 slot=70
rank 14=m25 slot=7
rank 15=m25 slot=71
rank 16=m25 slot=8
rank 17=m25 slot=72
rank 18=m25 slot=9
rank 19=m25 slot=73
rank 20=m25 slot=10
rank 21=m25 slot=74
rank 22=m25 slot=11
rank 23=m25 slot=75
rank 24=m25 slot=12
rank 25=m25 slot=76
rank 26=m25 slot=13
rank 27=m25 slot=77
rank 28=m25 slot=14
rank 29=m25 slot=78
rank 30=m25 slot=15
rank 31=m25 slot=79
rank 32=m25 slot=16
rank 33=m25 slot=80
rank 34=m25 slot=17
rank 35=m25 slot=81
rank 36=m25 slot=18
rank 37=m25 slot=82
rank 38=m25 slot=19
rank 39=m25 slot=83
rank 40=m25 slot=20
rank 41=m25 slot=84
rank 42=m25 slot=21
rank 43=m25 slot=85
rank 44=m25 slot=22
rank 45=m25 slot=86
rank 46=m25 slot=23
rank 47=m25 slot=87
rank 48=m25 slot=24
rank 49=m25 slot=88
rank 50=m25 slot=25
rank 51=m25 slot=89
rank 52=m25 slot=26
rank 53=m25 slot=90
rank 54=m25 slot=27
rank 55=m25 slot=91
rank 56=m25 slot=28
rank 57=m25 slot=92
rank 58=m25 slot=29
rank 59=m25 slot=93
rank 60=m25 slot=30
rank 61=m25 slot=94
rank 62=m25 slot=31
rank 63=m25 slot=95
## RANKFILE 2:
rank 0=m25 slot=32
rank 1=m25 slot=96
rank 2=m25 slot=33
rank 3=m25 slot=97
rank 4=m25 slot=34
rank 5=m25 slot=98
rank 6=m25 slot=35
rank 7=m25 slot=99
rank 8=m25 slot=36
rank 9=m25 slot=100
rank 10=m25 slot=37
rank 11=m25 slot=101
rank 12=m25 slot=38
rank 13=m25 slot=102
rank 14=m25 slot=39
rank 15=m25 slot=103
rank 16=m25 slot=40
rank 17=m25 slot=104
rank 18=m25 slot=41
rank 19=m25 slot=105
rank 20=m25 slot=42
rank 21=m25 slot=106
rank 22=m25 slot=43
rank 23=m25 slot=107
rank 24=m25 slot=44
rank 25=m25 slot=108
rank 26=m25 slot=45
rank 27=m25 slot=109
rank 28=m25 slot=46
rank 29=m25 slot=110
rank 30=m25 slot=47
rank 31=m25 slot=111
rank 32=m25 slot=48
rank 33=m25 slot=112
rank 34=m25 slot=49
rank 35=m25 slot=113
rank 36=m25 slot=50
rank 37=m25 slot=114
rank 38=m25 slot=51
rank 39=m25 slot=115
rank 40=m25 slot=52
rank 41=m25 slot=116
rank 42=m25 slot=53
rank 43=m25 slot=117
rank 44=m25 slot=54
rank 45=m25 slot=118
rank 46=m25 slot=55
rank 47=m25 slot=119
rank 48=m25 slot=56
rank 49=m25 slot=120
rank 50=m25 slot=57
rank 51=m25 slot=121
rank 52=m25 slot=58
rank 53=m25 slot=122
rank 54=m25 slot=59
rank 55=m25 slot=123
rank 56=m25 slot=60
rank 57=m25 slot=124
rank 58=m25 slot=61
rank 59=m25 slot=125
rank 60=m25 slot=62
rank 61=m25 slot=126
rank 62=m25 slot=63
rank 63=m25 slot=127
## REPORT 1:
Rank 0: Node m25, CPU core 0, NUMA node 0
Rank 1: Node m25, CPU core 64, NUMA node 4
Rank 2: Node m25, CPU core 1, NUMA node 0
Rank 3: Node m25, CPU core 65, NUMA node 4
Rank 4: Node m25, CPU core 2, NUMA node 0
Rank 5: Node m25, CPU core 66, NUMA node 4
Rank 6: Node m25, CPU core 3, NUMA node 0
Rank 7: Node m25, CPU core 67, NUMA node 4
Rank 8: Node m25, CPU core 4, NUMA node 0
Rank 9: Node m25, CPU core 68, NUMA node 4
Rank 10: Node m25, CPU core 5, NUMA node 0
Rank 11: Node m25, CPU core 69, NUMA node 4
Rank 12: Node m25, CPU core 6, NUMA node 0
Rank 13: Node m25, CPU core 70, NUMA node 4
Rank 14: Node m25, CPU core 7, NUMA node 0
Rank 15: Node m25, CPU core 71, NUMA node 4
Rank 16: Node m25, CPU core 8, NUMA node 0
Rank 17: Node m25, CPU core 72, NUMA node 4
Rank 18: Node m25, CPU core 9, NUMA node 0
Rank 19: Node m25, CPU core 73, NUMA node 4
Rank 20: Node m25, CPU core 10, NUMA node 0
Rank 21: Node m25, CPU core 74, NUMA node 4
Rank 22: Node m25, CPU core 11, NUMA node 0
Rank 23: Node m25, CPU core 75, NUMA node 4
Rank 24: Node m25, CPU core 12, NUMA node 0
Rank 25: Node m25, CPU core 76, NUMA node 4
Rank 26: Node m25, CPU core 13, NUMA node 0
Rank 27: Node m25, CPU core 77, NUMA node 4
Rank 28: Node m25, CPU core 14, NUMA node 0
Rank 29: Node m25, CPU core 78, NUMA node 4
Rank 30: Node m25, CPU core 15, NUMA node 0
Rank 31: Node m25, CPU core 79, NUMA node 4
Rank 32: Node m25, CPU core 16, NUMA node 1
Rank 33: Node m25, CPU core 80, NUMA node 5
Rank 34: Node m25, CPU core 17, NUMA node 1
Rank 35: Node m25, CPU core 81, NUMA node 5
Rank 36: Node m25, CPU core 18, NUMA node 1
Rank 37: Node m25, CPU core 82, NUMA node 5
Rank 38: Node m25, CPU core 19, NUMA node 1
Rank 39: Node m25, CPU core 83, NUMA node 5
Rank 40: Node m25, CPU core 20, NUMA node 1
Rank 41: Node m25, CPU core 84, NUMA node 5
Rank 42: Node m25, CPU core 21, NUMA node 1
Rank 43: Node m25, CPU core 85, NUMA node 5
Rank 44: Node m25, CPU core 22, NUMA node 1
Rank 45: Node m25, CPU core 86, NUMA node 5
Rank 46: Node m25, CPU core 23, NUMA node 1
Rank 47: Node m25, CPU core 87, NUMA node 5
Rank 48: Node m25, CPU core 24, NUMA node 1
Rank 49: Node m25, CPU core 88, NUMA node 5
Rank 50: Node m25, CPU core 25, NUMA node 1
Rank 51: Node m25, CPU core 89, NUMA node 5
Rank 52: Node m25, CPU core 26, NUMA node 1
Rank 53: Node m25, CPU core 90, NUMA node 5
Rank 54: Node m25, CPU core 27, NUMA node 1
Rank 55: Node m25, CPU core 91, NUMA node 5
Rank 56: Node m25, CPU core 28, NUMA node 1
Rank 57: Node m25, CPU core 92, NUMA node 5
Rank 58: Node m25, CPU core 29, NUMA node 1
Rank 59: Node m25, CPU core 93, NUMA node 5
Rank 60: Node m25, CPU core 30, NUMA node 1
Rank 61: Node m25, CPU core 94, NUMA node 5
Rank 62: Node m25, CPU core 31, NUMA node 1
Rank 63: Node m25, CPU core 95, NUMA node 5

===== SUMMARY =====

----- NODE: m25 -----
CPU cores used: 0 64 1 65 2 66 3 67 4 68 5 69 6 70 7 71 8 72 9 73 10 74 11 75 12 76 13 77 14 78 15 79 16 80 17 81 18 82 19 83 20 84 21 85 22 86 23 87 24 88 25 89 26 90 27 91 28 92 29 93 30 94 31 95 
NUMA nodes used: 0 1 4 5 
## REPORT 2:
Rank 0: Node m25, CPU core 32, NUMA node 2
Rank 1: Node m25, CPU core 96, NUMA node 6
Rank 2: Node m25, CPU core 33, NUMA node 2
Rank 3: Node m25, CPU core 97, NUMA node 6
Rank 4: Node m25, CPU core 34, NUMA node 2
Rank 5: Node m25, CPU core 98, NUMA node 6
Rank 6: Node m25, CPU core 35, NUMA node 2
Rank 7: Node m25, CPU core 99, NUMA node 6
Rank 8: Node m25, CPU core 36, NUMA node 2
Rank 9: Node m25, CPU core 100, NUMA node 6
Rank 10: Node m25, CPU core 37, NUMA node 2
Rank 11: Node m25, CPU core 101, NUMA node 6
Rank 12: Node m25, CPU core 38, NUMA node 2
Rank 13: Node m25, CPU core 102, NUMA node 6
Rank 14: Node m25, CPU core 39, NUMA node 2
Rank 15: Node m25, CPU core 103, NUMA node 6
Rank 16: Node m25, CPU core 40, NUMA node 2
Rank 17: Node m25, CPU core 104, NUMA node 6
Rank 18: Node m25, CPU core 41, NUMA node 2
Rank 19: Node m25, CPU core 105, NUMA node 6
Rank 20: Node m25, CPU core 42, NUMA node 2
Rank 21: Node m25, CPU core 106, NUMA node 6
Rank 22: Node m25, CPU core 43, NUMA node 2
Rank 23: Node m25, CPU core 107, NUMA node 6
Rank 24: Node m25, CPU core 44, NUMA node 2
Rank 25: Node m25, CPU core 108, NUMA node 6
Rank 26: Node m25, CPU core 45, NUMA node 2
Rank 27: Node m25, CPU core 109, NUMA node 6
Rank 28: Node m25, CPU core 46, NUMA node 2
Rank 29: Node m25, CPU core 110, NUMA node 6
Rank 30: Node m25, CPU core 47, NUMA node 2
Rank 31: Node m25, CPU core 111, NUMA node 6
Rank 32: Node m25, CPU core 48, NUMA node 3
Rank 33: Node m25, CPU core 112, NUMA node 7
Rank 34: Node m25, CPU core 49, NUMA node 3
Rank 35: Node m25, CPU core 113, NUMA node 7
Rank 36: Node m25, CPU core 50, NUMA node 3
Rank 37: Node m25, CPU core 114, NUMA node 7
Rank 38: Node m25, CPU core 51, NUMA node 3
Rank 39: Node m25, CPU core 115, NUMA node 7
Rank 40: Node m25, CPU core 52, NUMA node 3
Rank 41: Node m25, CPU core 116, NUMA node 7
Rank 42: Node m25, CPU core 53, NUMA node 3
Rank 43: Node m25, CPU core 117, NUMA node 7
Rank 44: Node m25, CPU core 54, NUMA node 3
Rank 45: Node m25, CPU core 118, NUMA node 7
Rank 46: Node m25, CPU core 55, NUMA node 3
Rank 47: Node m25, CPU core 119, NUMA node 7
Rank 48: Node m25, CPU core 56, NUMA node 3
Rank 49: Node m25, CPU core 120, NUMA node 7
Rank 50: Node m25, CPU core 57, NUMA node 3
Rank 51: Node m25, CPU core 121, NUMA node 7
Rank 52: Node m25, CPU core 58, NUMA node 3
Rank 53: Node m25, CPU core 122, NUMA node 7
Rank 54: Node m25, CPU core 59, NUMA node 3
Rank 55: Node m25, CPU core 123, NUMA node 7
Rank 56: Node m25, CPU core 60, NUMA node 3
Rank 57: Node m25, CPU core 124, NUMA node 7
Rank 58: Node m25, CPU core 61, NUMA node 3
Rank 59: Node m25, CPU core 125, NUMA node 7
Rank 60: Node m25, CPU core 62, NUMA node 3
Rank 61: Node m25, CPU core 126, NUMA node 7
Rank 62: Node m25, CPU core 63, NUMA node 3
Rank 63: Node m25, CPU core 127, NUMA node 7

===== SUMMARY =====

----- NODE: m25 -----
CPU cores used: 32 96 33 97 34 98 35 99 36 100 37 101 38 102 39 103 40 104 41 105 42 106 43 107 44 108 45 109 46 110 47 111 48 112 49 113 50 114 51 115 52 116 53 117 54 118 55 119 56 120 57 121 58 122 59 123 60 124 61 125 62 126 63 127 
NUMA nodes used: 2 3 6 7 
## EXECUTE:
### mpirun 1 2026-07-05 23:07:40
### mpirun 1 2026-07-05 23:07:40
### mpirun 2 2026-07-05 23:10:05
### mpirun 3 2026-07-05 23:12:28
### mpirun 4 2026-07-05 23:14:50
### mpirun 2 2026-07-05 23:16:31
### mpirun 5 2026-07-05 23:17:12
### mpirun 6 2026-07-05 23:19:35
### mpirun 7 2026-07-05 23:21:58
### mpirun 8 2026-07-05 23:24:21
### mpirun 3 2026-07-05 23:25:19
### mpirun 9 2026-07-05 23:26:43
### mpirun 10 2026-07-05 23:29:05
### mpirun 11 2026-07-05 23:31:28
### mpirun 12 2026-07-05 23:33:50
## BENCH 1:
### mpirun 1 2026-07-05 23:07:40


 NAS Parallel Benchmarks 3.4 -- MG Benchmark

 No input file. Using compiled defaults 
 Size: 2048x2048x2048  (class E)
 Iterations:   50
 Total number of processes:     64


 Initialization time:          22.632 seconds

  iter    1
  iter    5
  iter   10
  iter   15
  iter   20
  iter   25
  iter   30
  iter   35
  iter   40
  iter   45
  iter   50

 Benchmark completed 
 VERIFICATION SUCCESSFUL 
 L2 Norm is  0.5630442584583E-10
 Error is    0.2268381496319E-10


 MG Benchmark Completed.
 Class           =                        E
 Size            =           2048x2048x2048
 Iterations      =                       50
 Time in seconds =                   503.78
 Total processes =                       64
 Active processes=                       64
 Mop/s total     =                 49447.97
 Mop/s/process   =                   772.62
 Operation type  =           floating point
 Verification    =               SUCCESSFUL
 Version         =                    3.4.4
 Compile date    =              06 Apr 2026

 Compile options:
    MPIFC        = mpif90
    FLINK        = $(MPIFC)
    FMPI_LIB     = (none)
    FMPI_INC     = (none)
    FFLAGS       = -O3
    FLINKFLAGS   = $(FFLAGS)
    RAND         = randi8


 Please send feedbacks and/or the results of this run to:

 NPB Development Team 
 Internet: npb@nas.nasa.gov


### mpirun 2 2026-07-05 23:16:31


 NAS Parallel Benchmarks 3.4 -- MG Benchmark

 No input file. Using compiled defaults 
 Size: 2048x2048x2048  (class E)
 Iterations:   50
 Total number of processes:     64


 Initialization time:          22.620 seconds

  iter    1
  iter    5
  iter   10
  iter   15
  iter   20
  iter   25
  iter   30
  iter   35
  iter   40
  iter   45
  iter   50

 Benchmark completed 
 VERIFICATION SUCCESSFUL 
 L2 Norm is  0.5630442584583E-10
 Error is    0.2268381496319E-10


 MG Benchmark Completed.
 Class           =                        E
 Size            =           2048x2048x2048
 Iterations      =                       50
 Time in seconds =                   503.76
 Total processes =                       64
 Active processes=                       64
 Mop/s total     =                 49449.71
 Mop/s/process   =                   772.65
 Operation type  =           floating point
 Verification    =               SUCCESSFUL
 Version         =                    3.4.4
 Compile date    =              06 Apr 2026

 Compile options:
    MPIFC        = mpif90
    FLINK        = $(MPIFC)
    FMPI_LIB     = (none)
    FMPI_INC     = (none)
    FFLAGS       = -O3
    FLINKFLAGS   = $(FFLAGS)
    RAND         = randi8


 Please send feedbacks and/or the results of this run to:

 NPB Development Team 
 Internet: npb@nas.nasa.gov


### mpirun 3 2026-07-05 23:25:19


 NAS Parallel Benchmarks 3.4 -- MG Benchmark

 No input file. Using compiled defaults 
 Size: 2048x2048x2048  (class E)
 Iterations:   50
 Total number of processes:     64


 Initialization time:          22.700 seconds

  iter    1
  iter    5
  iter   10
  iter   15
  iter   20
  iter   25
  iter   30
  iter   35
  iter   40
  iter   45
  iter   50

 Benchmark completed 
 VERIFICATION SUCCESSFUL 
 L2 Norm is  0.5630442584583E-10
 Error is    0.2268381496319E-10


 MG Benchmark Completed.
 Class           =                        E
 Size            =           2048x2048x2048
 Iterations      =                       50
 Time in seconds =                   503.88
 Total processes =                       64
 Active processes=                       64
 Mop/s total     =                 49438.07
 Mop/s/process   =                   772.47
 Operation type  =           floating point
 Verification    =               SUCCESSFUL
 Version         =                    3.4.4
 Compile date    =              06 Apr 2026

 Compile options:
    MPIFC        = mpif90
    FLINK        = $(MPIFC)
    FMPI_LIB     = (none)
    FMPI_INC     = (none)
    FFLAGS       = -O3
    FLINKFLAGS   = $(FFLAGS)
    RAND         = randi8


 Please send feedbacks and/or the results of this run to:

 NPB Development Team 
 Internet: npb@nas.nasa.gov


## BENCH 2:
### mpirun 1 2026-07-05 23:07:40


 NAS Parallel Benchmarks 3.4 -- FT Benchmark

 No input file inputft.data. Using compiled defaults
 Size                : 2048x1024x1024  (class D)
 Iterations          :             25
 Number of processes :             64
 Processor array     :         1x  64
 Layout type         :             1D

 Initialization time =      6.9102

 T =    1     Checksum =    5.122230065252D+02    5.118534037109D+02
 T =    2     Checksum =    5.120463975765D+02    5.117061181082D+02
 T =    3     Checksum =    5.119865766760D+02    5.117096364601D+02
 T =    4     Checksum =    5.119518799488D+02    5.117373863950D+02
 T =    5     Checksum =    5.119269088223D+02    5.117680347632D+02
 T =    6     Checksum =    5.119082416858D+02    5.117967875532D+02
 T =    7     Checksum =    5.118943814638D+02    5.118225281841D+02
 T =    8     Checksum =    5.118842385057D+02    5.118451629348D+02
 T =    9     Checksum =    5.118769435632D+02    5.118649119387D+02
 T =   10     Checksum =    5.118718203448D+02    5.118820803844D+02
 T =   11     Checksum =    5.118683569061D+02    5.118969781011D+02
 T =   12     Checksum =    5.118661708593D+02    5.119098918835D+02
 T =   13     Checksum =    5.118649768950D+02    5.119210777066D+02
 T =   14     Checksum =    5.118645605626D+02    5.119307604484D+02
 T =   15     Checksum =    5.118647586618D+02    5.119391362671D+02
 T =   16     Checksum =    5.118654451572D+02    5.119463757241D+02
 T =   17     Checksum =    5.118665212451D+02    5.119526269238D+02
 T =   18     Checksum =    5.118679083821D+02    5.119580184108D+02
 T =   19     Checksum =    5.118695433664D+02    5.119626617538D+02
 T =   20     Checksum =    5.118713748264D+02    5.119666538138D+02
 T =   21     Checksum =    5.118733606701D+02    5.119700787219D+02
 T =   22     Checksum =    5.118754661974D+02    5.119730095953D+02
 T =   23     Checksum =    5.118776626738D+02    5.119755100241D+02
 T =   24     Checksum =    5.118799262314D+02    5.119776353561D+02
 T =   25     Checksum =    5.118822370068D+02    5.119794338060D+02
 Result verification successful


 FT Benchmark Completed.
 Class           =                        D
 Size            =           2048x1024x1024
 Iterations      =                       25
 Time in seconds =                   133.84
 Total processes =                       64
 Active processes=                       64
 Mop/s total     =                 66973.10
 Mop/s/process   =                  1046.45
 Operation type  =           floating point
 Verification    =               SUCCESSFUL
 Version         =                    3.4.4
 Compile date    =              06 Apr 2026

 Compile options:
    MPIFC        = mpif90
    FLINK        = $(MPIFC)
    FMPI_LIB     = (none)
    FMPI_INC     = (none)
    FFLAGS       = -O3
    FLINKFLAGS   = $(FFLAGS)
    RAND         = randi8


 Please send feedbacks and/or the results of this run to:

 NPB Development Team 
 Internet: npb@nas.nasa.gov


### mpirun 2 2026-07-05 23:10:05


 NAS Parallel Benchmarks 3.4 -- FT Benchmark

 No input file inputft.data. Using compiled defaults
 Size                : 2048x1024x1024  (class D)
 Iterations          :             25
 Number of processes :             64
 Processor array     :         1x  64
 Layout type         :             1D

 Initialization time =      6.9528

 T =    1     Checksum =    5.122230065252D+02    5.118534037109D+02
 T =    2     Checksum =    5.120463975765D+02    5.117061181082D+02
 T =    3     Checksum =    5.119865766760D+02    5.117096364601D+02
 T =    4     Checksum =    5.119518799488D+02    5.117373863950D+02
 T =    5     Checksum =    5.119269088223D+02    5.117680347632D+02
 T =    6     Checksum =    5.119082416858D+02    5.117967875532D+02
 T =    7     Checksum =    5.118943814638D+02    5.118225281841D+02
 T =    8     Checksum =    5.118842385057D+02    5.118451629348D+02
 T =    9     Checksum =    5.118769435632D+02    5.118649119387D+02
 T =   10     Checksum =    5.118718203448D+02    5.118820803844D+02
 T =   11     Checksum =    5.118683569061D+02    5.118969781011D+02
 T =   12     Checksum =    5.118661708593D+02    5.119098918835D+02
 T =   13     Checksum =    5.118649768950D+02    5.119210777066D+02
 T =   14     Checksum =    5.118645605626D+02    5.119307604484D+02
 T =   15     Checksum =    5.118647586618D+02    5.119391362671D+02
 T =   16     Checksum =    5.118654451572D+02    5.119463757241D+02
 T =   17     Checksum =    5.118665212451D+02    5.119526269238D+02
 T =   18     Checksum =    5.118679083821D+02    5.119580184108D+02
 T =   19     Checksum =    5.118695433664D+02    5.119626617538D+02
 T =   20     Checksum =    5.118713748264D+02    5.119666538138D+02
 T =   21     Checksum =    5.118733606701D+02    5.119700787219D+02
 T =   22     Checksum =    5.118754661974D+02    5.119730095953D+02
 T =   23     Checksum =    5.118776626738D+02    5.119755100241D+02
 T =   24     Checksum =    5.118799262314D+02    5.119776353561D+02
 T =   25     Checksum =    5.118822370068D+02    5.119794338060D+02
 Result verification successful


 FT Benchmark Completed.
 Class           =                        D
 Size            =           2048x1024x1024
 Iterations      =                       25
 Time in seconds =                   134.18
 Total processes =                       64
 Active processes=                       64
 Mop/s total     =                 66803.89
 Mop/s/process   =                  1043.81
 Operation type  =           floating point
 Verification    =               SUCCESSFUL
 Version         =                    3.4.4
 Compile date    =              06 Apr 2026

 Compile options:
    MPIFC        = mpif90
    FLINK        = $(MPIFC)
    FMPI_LIB     = (none)
    FMPI_INC     = (none)
    FFLAGS       = -O3
    FLINKFLAGS   = $(FFLAGS)
    RAND         = randi8


 Please send feedbacks and/or the results of this run to:

 NPB Development Team 
 Internet: npb@nas.nasa.gov


### mpirun 3 2026-07-05 23:12:28


 NAS Parallel Benchmarks 3.4 -- FT Benchmark

 No input file inputft.data. Using compiled defaults
 Size                : 2048x1024x1024  (class D)
 Iterations          :             25
 Number of processes :             64
 Processor array     :         1x  64
 Layout type         :             1D

 Initialization time =      6.9084

 T =    1     Checksum =    5.122230065252D+02    5.118534037109D+02
 T =    2     Checksum =    5.120463975765D+02    5.117061181082D+02
 T =    3     Checksum =    5.119865766760D+02    5.117096364601D+02
 T =    4     Checksum =    5.119518799488D+02    5.117373863950D+02
 T =    5     Checksum =    5.119269088223D+02    5.117680347632D+02
 T =    6     Checksum =    5.119082416858D+02    5.117967875532D+02
 T =    7     Checksum =    5.118943814638D+02    5.118225281841D+02
 T =    8     Checksum =    5.118842385057D+02    5.118451629348D+02
 T =    9     Checksum =    5.118769435632D+02    5.118649119387D+02
 T =   10     Checksum =    5.118718203448D+02    5.118820803844D+02
 T =   11     Checksum =    5.118683569061D+02    5.118969781011D+02
 T =   12     Checksum =    5.118661708593D+02    5.119098918835D+02
 T =   13     Checksum =    5.118649768950D+02    5.119210777066D+02
 T =   14     Checksum =    5.118645605626D+02    5.119307604484D+02
 T =   15     Checksum =    5.118647586618D+02    5.119391362671D+02
 T =   16     Checksum =    5.118654451572D+02    5.119463757241D+02
 T =   17     Checksum =    5.118665212451D+02    5.119526269238D+02
 T =   18     Checksum =    5.118679083821D+02    5.119580184108D+02
 T =   19     Checksum =    5.118695433664D+02    5.119626617538D+02
 T =   20     Checksum =    5.118713748264D+02    5.119666538138D+02
 T =   21     Checksum =    5.118733606701D+02    5.119700787219D+02
 T =   22     Checksum =    5.118754661974D+02    5.119730095953D+02
 T =   23     Checksum =    5.118776626738D+02    5.119755100241D+02
 T =   24     Checksum =    5.118799262314D+02    5.119776353561D+02
 T =   25     Checksum =    5.118822370068D+02    5.119794338060D+02
 Result verification successful


 FT Benchmark Completed.
 Class           =                        D
 Size            =           2048x1024x1024
 Iterations      =                       25
 Time in seconds =                   133.77
 Total processes =                       64
 Active processes=                       64
 Mop/s total     =                 67010.42
 Mop/s/process   =                  1047.04
 Operation type  =           floating point
 Verification    =               SUCCESSFUL
 Version         =                    3.4.4
 Compile date    =              06 Apr 2026

 Compile options:
    MPIFC        = mpif90
    FLINK        = $(MPIFC)
    FMPI_LIB     = (none)
    FMPI_INC     = (none)
    FFLAGS       = -O3
    FLINKFLAGS   = $(FFLAGS)
    RAND         = randi8


 Please send feedbacks and/or the results of this run to:

 NPB Development Team 
 Internet: npb@nas.nasa.gov


### mpirun 4 2026-07-05 23:14:50


 NAS Parallel Benchmarks 3.4 -- FT Benchmark

 No input file inputft.data. Using compiled defaults
 Size                : 2048x1024x1024  (class D)
 Iterations          :             25
 Number of processes :             64
 Processor array     :         1x  64
 Layout type         :             1D

 Initialization time =      6.9628

 T =    1     Checksum =    5.122230065252D+02    5.118534037109D+02
 T =    2     Checksum =    5.120463975765D+02    5.117061181082D+02
 T =    3     Checksum =    5.119865766760D+02    5.117096364601D+02
 T =    4     Checksum =    5.119518799488D+02    5.117373863950D+02
 T =    5     Checksum =    5.119269088223D+02    5.117680347632D+02
 T =    6     Checksum =    5.119082416858D+02    5.117967875532D+02
 T =    7     Checksum =    5.118943814638D+02    5.118225281841D+02
 T =    8     Checksum =    5.118842385057D+02    5.118451629348D+02
 T =    9     Checksum =    5.118769435632D+02    5.118649119387D+02
 T =   10     Checksum =    5.118718203448D+02    5.118820803844D+02
 T =   11     Checksum =    5.118683569061D+02    5.118969781011D+02
 T =   12     Checksum =    5.118661708593D+02    5.119098918835D+02
 T =   13     Checksum =    5.118649768950D+02    5.119210777066D+02
 T =   14     Checksum =    5.118645605626D+02    5.119307604484D+02
 T =   15     Checksum =    5.118647586618D+02    5.119391362671D+02
 T =   16     Checksum =    5.118654451572D+02    5.119463757241D+02
 T =   17     Checksum =    5.118665212451D+02    5.119526269238D+02
 T =   18     Checksum =    5.118679083821D+02    5.119580184108D+02
 T =   19     Checksum =    5.118695433664D+02    5.119626617538D+02
 T =   20     Checksum =    5.118713748264D+02    5.119666538138D+02
 T =   21     Checksum =    5.118733606701D+02    5.119700787219D+02
 T =   22     Checksum =    5.118754661974D+02    5.119730095953D+02
 T =   23     Checksum =    5.118776626738D+02    5.119755100241D+02
 T =   24     Checksum =    5.118799262314D+02    5.119776353561D+02
 T =   25     Checksum =    5.118822370068D+02    5.119794338060D+02
 Result verification successful


 FT Benchmark Completed.
 Class           =                        D
 Size            =           2048x1024x1024
 Iterations      =                       25
 Time in seconds =                   133.53
 Total processes =                       64
 Active processes=                       64
 Mop/s total     =                 67129.97
 Mop/s/process   =                  1048.91
 Operation type  =           floating point
 Verification    =               SUCCESSFUL
 Version         =                    3.4.4
 Compile date    =              06 Apr 2026

 Compile options:
    MPIFC        = mpif90
    FLINK        = $(MPIFC)
    FMPI_LIB     = (none)
    FMPI_INC     = (none)
    FFLAGS       = -O3
    FLINKFLAGS   = $(FFLAGS)
    RAND         = randi8


 Please send feedbacks and/or the results of this run to:

 NPB Development Team 
 Internet: npb@nas.nasa.gov


### mpirun 5 2026-07-05 23:17:12


 NAS Parallel Benchmarks 3.4 -- FT Benchmark

 No input file inputft.data. Using compiled defaults
 Size                : 2048x1024x1024  (class D)
 Iterations          :             25
 Number of processes :             64
 Processor array     :         1x  64
 Layout type         :             1D

 Initialization time =      6.8900

 T =    1     Checksum =    5.122230065252D+02    5.118534037109D+02
 T =    2     Checksum =    5.120463975765D+02    5.117061181082D+02
 T =    3     Checksum =    5.119865766760D+02    5.117096364601D+02
 T =    4     Checksum =    5.119518799488D+02    5.117373863950D+02
 T =    5     Checksum =    5.119269088223D+02    5.117680347632D+02
 T =    6     Checksum =    5.119082416858D+02    5.117967875532D+02
 T =    7     Checksum =    5.118943814638D+02    5.118225281841D+02
 T =    8     Checksum =    5.118842385057D+02    5.118451629348D+02
 T =    9     Checksum =    5.118769435632D+02    5.118649119387D+02
 T =   10     Checksum =    5.118718203448D+02    5.118820803844D+02
 T =   11     Checksum =    5.118683569061D+02    5.118969781011D+02
 T =   12     Checksum =    5.118661708593D+02    5.119098918835D+02
 T =   13     Checksum =    5.118649768950D+02    5.119210777066D+02
 T =   14     Checksum =    5.118645605626D+02    5.119307604484D+02
 T =   15     Checksum =    5.118647586618D+02    5.119391362671D+02
 T =   16     Checksum =    5.118654451572D+02    5.119463757241D+02
 T =   17     Checksum =    5.118665212451D+02    5.119526269238D+02
 T =   18     Checksum =    5.118679083821D+02    5.119580184108D+02
 T =   19     Checksum =    5.118695433664D+02    5.119626617538D+02
 T =   20     Checksum =    5.118713748264D+02    5.119666538138D+02
 T =   21     Checksum =    5.118733606701D+02    5.119700787219D+02
 T =   22     Checksum =    5.118754661974D+02    5.119730095953D+02
 T =   23     Checksum =    5.118776626738D+02    5.119755100241D+02
 T =   24     Checksum =    5.118799262314D+02    5.119776353561D+02
 T =   25     Checksum =    5.118822370068D+02    5.119794338060D+02
 Result verification successful


 FT Benchmark Completed.
 Class           =                        D
 Size            =           2048x1024x1024
 Iterations      =                       25
 Time in seconds =                   134.46
 Total processes =                       64
 Active processes=                       64
 Mop/s total     =                 66662.45
 Mop/s/process   =                  1041.60
 Operation type  =           floating point
 Verification    =               SUCCESSFUL
 Version         =                    3.4.4
 Compile date    =              06 Apr 2026

 Compile options:
    MPIFC        = mpif90
    FLINK        = $(MPIFC)
    FMPI_LIB     = (none)
    FMPI_INC     = (none)
    FFLAGS       = -O3
    FLINKFLAGS   = $(FFLAGS)
    RAND         = randi8


 Please send feedbacks and/or the results of this run to:

 NPB Development Team 
 Internet: npb@nas.nasa.gov


### mpirun 6 2026-07-05 23:19:35


 NAS Parallel Benchmarks 3.4 -- FT Benchmark

 No input file inputft.data. Using compiled defaults
 Size                : 2048x1024x1024  (class D)
 Iterations          :             25
 Number of processes :             64
 Processor array     :         1x  64
 Layout type         :             1D

 Initialization time =      6.9925

 T =    1     Checksum =    5.122230065252D+02    5.118534037109D+02
 T =    2     Checksum =    5.120463975765D+02    5.117061181082D+02
 T =    3     Checksum =    5.119865766760D+02    5.117096364601D+02
 T =    4     Checksum =    5.119518799488D+02    5.117373863950D+02
 T =    5     Checksum =    5.119269088223D+02    5.117680347632D+02
 T =    6     Checksum =    5.119082416858D+02    5.117967875532D+02
 T =    7     Checksum =    5.118943814638D+02    5.118225281841D+02
 T =    8     Checksum =    5.118842385057D+02    5.118451629348D+02
 T =    9     Checksum =    5.118769435632D+02    5.118649119387D+02
 T =   10     Checksum =    5.118718203448D+02    5.118820803844D+02
 T =   11     Checksum =    5.118683569061D+02    5.118969781011D+02
 T =   12     Checksum =    5.118661708593D+02    5.119098918835D+02
 T =   13     Checksum =    5.118649768950D+02    5.119210777066D+02
 T =   14     Checksum =    5.118645605626D+02    5.119307604484D+02
 T =   15     Checksum =    5.118647586618D+02    5.119391362671D+02
 T =   16     Checksum =    5.118654451572D+02    5.119463757241D+02
 T =   17     Checksum =    5.118665212451D+02    5.119526269238D+02
 T =   18     Checksum =    5.118679083821D+02    5.119580184108D+02
 T =   19     Checksum =    5.118695433664D+02    5.119626617538D+02
 T =   20     Checksum =    5.118713748264D+02    5.119666538138D+02
 T =   21     Checksum =    5.118733606701D+02    5.119700787219D+02
 T =   22     Checksum =    5.118754661974D+02    5.119730095953D+02
 T =   23     Checksum =    5.118776626738D+02    5.119755100241D+02
 T =   24     Checksum =    5.118799262314D+02    5.119776353561D+02
 T =   25     Checksum =    5.118822370068D+02    5.119794338060D+02
 Result verification successful


 FT Benchmark Completed.
 Class           =                        D
 Size            =           2048x1024x1024
 Iterations      =                       25
 Time in seconds =                   133.90
 Total processes =                       64
 Active processes=                       64
 Mop/s total     =                 66942.74
 Mop/s/process   =                  1045.98
 Operation type  =           floating point
 Verification    =               SUCCESSFUL
 Version         =                    3.4.4
 Compile date    =              06 Apr 2026

 Compile options:
    MPIFC        = mpif90
    FLINK        = $(MPIFC)
    FMPI_LIB     = (none)
    FMPI_INC     = (none)
    FFLAGS       = -O3
    FLINKFLAGS   = $(FFLAGS)
    RAND         = randi8


 Please send feedbacks and/or the results of this run to:

 NPB Development Team 
 Internet: npb@nas.nasa.gov


### mpirun 7 2026-07-05 23:21:58


 NAS Parallel Benchmarks 3.4 -- FT Benchmark

 No input file inputft.data. Using compiled defaults
 Size                : 2048x1024x1024  (class D)
 Iterations          :             25
 Number of processes :             64
 Processor array     :         1x  64
 Layout type         :             1D

 Initialization time =      6.9397

 T =    1     Checksum =    5.122230065252D+02    5.118534037109D+02
 T =    2     Checksum =    5.120463975765D+02    5.117061181082D+02
 T =    3     Checksum =    5.119865766760D+02    5.117096364601D+02
 T =    4     Checksum =    5.119518799488D+02    5.117373863950D+02
 T =    5     Checksum =    5.119269088223D+02    5.117680347632D+02
 T =    6     Checksum =    5.119082416858D+02    5.117967875532D+02
 T =    7     Checksum =    5.118943814638D+02    5.118225281841D+02
 T =    8     Checksum =    5.118842385057D+02    5.118451629348D+02
 T =    9     Checksum =    5.118769435632D+02    5.118649119387D+02
 T =   10     Checksum =    5.118718203448D+02    5.118820803844D+02
 T =   11     Checksum =    5.118683569061D+02    5.118969781011D+02
 T =   12     Checksum =    5.118661708593D+02    5.119098918835D+02
 T =   13     Checksum =    5.118649768950D+02    5.119210777066D+02
 T =   14     Checksum =    5.118645605626D+02    5.119307604484D+02
 T =   15     Checksum =    5.118647586618D+02    5.119391362671D+02
 T =   16     Checksum =    5.118654451572D+02    5.119463757241D+02
 T =   17     Checksum =    5.118665212451D+02    5.119526269238D+02
 T =   18     Checksum =    5.118679083821D+02    5.119580184108D+02
 T =   19     Checksum =    5.118695433664D+02    5.119626617538D+02
 T =   20     Checksum =    5.118713748264D+02    5.119666538138D+02
 T =   21     Checksum =    5.118733606701D+02    5.119700787219D+02
 T =   22     Checksum =    5.118754661974D+02    5.119730095953D+02
 T =   23     Checksum =    5.118776626738D+02    5.119755100241D+02
 T =   24     Checksum =    5.118799262314D+02    5.119776353561D+02
 T =   25     Checksum =    5.118822370068D+02    5.119794338060D+02
 Result verification successful


 FT Benchmark Completed.
 Class           =                        D
 Size            =           2048x1024x1024
 Iterations      =                       25
 Time in seconds =                   134.23
 Total processes =                       64
 Active processes=                       64
 Mop/s total     =                 66779.19
 Mop/s/process   =                  1043.42
 Operation type  =           floating point
 Verification    =               SUCCESSFUL
 Version         =                    3.4.4
 Compile date    =              06 Apr 2026

 Compile options:
    MPIFC        = mpif90
    FLINK        = $(MPIFC)
    FMPI_LIB     = (none)
    FMPI_INC     = (none)
    FFLAGS       = -O3
    FLINKFLAGS   = $(FFLAGS)
    RAND         = randi8


 Please send feedbacks and/or the results of this run to:

 NPB Development Team 
 Internet: npb@nas.nasa.gov


### mpirun 8 2026-07-05 23:24:21


 NAS Parallel Benchmarks 3.4 -- FT Benchmark

 No input file inputft.data. Using compiled defaults
 Size                : 2048x1024x1024  (class D)
 Iterations          :             25
 Number of processes :             64
 Processor array     :         1x  64
 Layout type         :             1D

 Initialization time =      6.9949

 T =    1     Checksum =    5.122230065252D+02    5.118534037109D+02
 T =    2     Checksum =    5.120463975765D+02    5.117061181082D+02
 T =    3     Checksum =    5.119865766760D+02    5.117096364601D+02
 T =    4     Checksum =    5.119518799488D+02    5.117373863950D+02
 T =    5     Checksum =    5.119269088223D+02    5.117680347632D+02
 T =    6     Checksum =    5.119082416858D+02    5.117967875532D+02
 T =    7     Checksum =    5.118943814638D+02    5.118225281841D+02
 T =    8     Checksum =    5.118842385057D+02    5.118451629348D+02
 T =    9     Checksum =    5.118769435632D+02    5.118649119387D+02
 T =   10     Checksum =    5.118718203448D+02    5.118820803844D+02
 T =   11     Checksum =    5.118683569061D+02    5.118969781011D+02
 T =   12     Checksum =    5.118661708593D+02    5.119098918835D+02
 T =   13     Checksum =    5.118649768950D+02    5.119210777066D+02
 T =   14     Checksum =    5.118645605626D+02    5.119307604484D+02
 T =   15     Checksum =    5.118647586618D+02    5.119391362671D+02
 T =   16     Checksum =    5.118654451572D+02    5.119463757241D+02
 T =   17     Checksum =    5.118665212451D+02    5.119526269238D+02
 T =   18     Checksum =    5.118679083821D+02    5.119580184108D+02
 T =   19     Checksum =    5.118695433664D+02    5.119626617538D+02
 T =   20     Checksum =    5.118713748264D+02    5.119666538138D+02
 T =   21     Checksum =    5.118733606701D+02    5.119700787219D+02
 T =   22     Checksum =    5.118754661974D+02    5.119730095953D+02
 T =   23     Checksum =    5.118776626738D+02    5.119755100241D+02
 T =   24     Checksum =    5.118799262314D+02    5.119776353561D+02
 T =   25     Checksum =    5.118822370068D+02    5.119794338060D+02
 Result verification successful


 FT Benchmark Completed.
 Class           =                        D
 Size            =           2048x1024x1024
 Iterations      =                       25
 Time in seconds =                   133.75
 Total processes =                       64
 Active processes=                       64
 Mop/s total     =                 67017.95
 Mop/s/process   =                  1047.16
 Operation type  =           floating point
 Verification    =               SUCCESSFUL
 Version         =                    3.4.4
 Compile date    =              06 Apr 2026

 Compile options:
    MPIFC        = mpif90
    FLINK        = $(MPIFC)
    FMPI_LIB     = (none)
    FMPI_INC     = (none)
    FFLAGS       = -O3
    FLINKFLAGS   = $(FFLAGS)
    RAND         = randi8


 Please send feedbacks and/or the results of this run to:

 NPB Development Team 
 Internet: npb@nas.nasa.gov


### mpirun 9 2026-07-05 23:26:43


 NAS Parallel Benchmarks 3.4 -- FT Benchmark

 No input file inputft.data. Using compiled defaults
 Size                : 2048x1024x1024  (class D)
 Iterations          :             25
 Number of processes :             64
 Processor array     :         1x  64
 Layout type         :             1D

 Initialization time =      6.8509

 T =    1     Checksum =    5.122230065252D+02    5.118534037109D+02
 T =    2     Checksum =    5.120463975765D+02    5.117061181082D+02
 T =    3     Checksum =    5.119865766760D+02    5.117096364601D+02
 T =    4     Checksum =    5.119518799488D+02    5.117373863950D+02
 T =    5     Checksum =    5.119269088223D+02    5.117680347632D+02
 T =    6     Checksum =    5.119082416858D+02    5.117967875532D+02
 T =    7     Checksum =    5.118943814638D+02    5.118225281841D+02
 T =    8     Checksum =    5.118842385057D+02    5.118451629348D+02
 T =    9     Checksum =    5.118769435632D+02    5.118649119387D+02
 T =   10     Checksum =    5.118718203448D+02    5.118820803844D+02
 T =   11     Checksum =    5.118683569061D+02    5.118969781011D+02
 T =   12     Checksum =    5.118661708593D+02    5.119098918835D+02
 T =   13     Checksum =    5.118649768950D+02    5.119210777066D+02
 T =   14     Checksum =    5.118645605626D+02    5.119307604484D+02
 T =   15     Checksum =    5.118647586618D+02    5.119391362671D+02
 T =   16     Checksum =    5.118654451572D+02    5.119463757241D+02
 T =   17     Checksum =    5.118665212451D+02    5.119526269238D+02
 T =   18     Checksum =    5.118679083821D+02    5.119580184108D+02
 T =   19     Checksum =    5.118695433664D+02    5.119626617538D+02
 T =   20     Checksum =    5.118713748264D+02    5.119666538138D+02
 T =   21     Checksum =    5.118733606701D+02    5.119700787219D+02
 T =   22     Checksum =    5.118754661974D+02    5.119730095953D+02
 T =   23     Checksum =    5.118776626738D+02    5.119755100241D+02
 T =   24     Checksum =    5.118799262314D+02    5.119776353561D+02
 T =   25     Checksum =    5.118822370068D+02    5.119794338060D+02
 Result verification successful


 FT Benchmark Completed.
 Class           =                        D
 Size            =           2048x1024x1024
 Iterations      =                       25
 Time in seconds =                   133.52
 Total processes =                       64
 Active processes=                       64
 Mop/s total     =                 67133.61
 Mop/s/process   =                  1048.96
 Operation type  =           floating point
 Verification    =               SUCCESSFUL
 Version         =                    3.4.4
 Compile date    =              06 Apr 2026

 Compile options:
    MPIFC        = mpif90
    FLINK        = $(MPIFC)
    FMPI_LIB     = (none)
    FMPI_INC     = (none)
    FFLAGS       = -O3
    FLINKFLAGS   = $(FFLAGS)
    RAND         = randi8


 Please send feedbacks and/or the results of this run to:

 NPB Development Team 
 Internet: npb@nas.nasa.gov


### mpirun 10 2026-07-05 23:29:05


 NAS Parallel Benchmarks 3.4 -- FT Benchmark

 No input file inputft.data. Using compiled defaults
 Size                : 2048x1024x1024  (class D)
 Iterations          :             25
 Number of processes :             64
 Processor array     :         1x  64
 Layout type         :             1D

 Initialization time =      6.9180

 T =    1     Checksum =    5.122230065252D+02    5.118534037109D+02
 T =    2     Checksum =    5.120463975765D+02    5.117061181082D+02
 T =    3     Checksum =    5.119865766760D+02    5.117096364601D+02
 T =    4     Checksum =    5.119518799488D+02    5.117373863950D+02
 T =    5     Checksum =    5.119269088223D+02    5.117680347632D+02
 T =    6     Checksum =    5.119082416858D+02    5.117967875532D+02
 T =    7     Checksum =    5.118943814638D+02    5.118225281841D+02
 T =    8     Checksum =    5.118842385057D+02    5.118451629348D+02
 T =    9     Checksum =    5.118769435632D+02    5.118649119387D+02
 T =   10     Checksum =    5.118718203448D+02    5.118820803844D+02
 T =   11     Checksum =    5.118683569061D+02    5.118969781011D+02
 T =   12     Checksum =    5.118661708593D+02    5.119098918835D+02
 T =   13     Checksum =    5.118649768950D+02    5.119210777066D+02
 T =   14     Checksum =    5.118645605626D+02    5.119307604484D+02
 T =   15     Checksum =    5.118647586618D+02    5.119391362671D+02
 T =   16     Checksum =    5.118654451572D+02    5.119463757241D+02
 T =   17     Checksum =    5.118665212451D+02    5.119526269238D+02
 T =   18     Checksum =    5.118679083821D+02    5.119580184108D+02
 T =   19     Checksum =    5.118695433664D+02    5.119626617538D+02
 T =   20     Checksum =    5.118713748264D+02    5.119666538138D+02
 T =   21     Checksum =    5.118733606701D+02    5.119700787219D+02
 T =   22     Checksum =    5.118754661974D+02    5.119730095953D+02
 T =   23     Checksum =    5.118776626738D+02    5.119755100241D+02
 T =   24     Checksum =    5.118799262314D+02    5.119776353561D+02
 T =   25     Checksum =    5.118822370068D+02    5.119794338060D+02
 Result verification successful


 FT Benchmark Completed.
 Class           =                        D
 Size            =           2048x1024x1024
 Iterations      =                       25
 Time in seconds =                   133.81
 Total processes =                       64
 Active processes=                       64
 Mop/s total     =                 66991.10
 Mop/s/process   =                  1046.74
 Operation type  =           floating point
 Verification    =               SUCCESSFUL
 Version         =                    3.4.4
 Compile date    =              06 Apr 2026

 Compile options:
    MPIFC        = mpif90
    FLINK        = $(MPIFC)
    FMPI_LIB     = (none)
    FMPI_INC     = (none)
    FFLAGS       = -O3
    FLINKFLAGS   = $(FFLAGS)
    RAND         = randi8


 Please send feedbacks and/or the results of this run to:

 NPB Development Team 
 Internet: npb@nas.nasa.gov


### mpirun 11 2026-07-05 23:31:28


 NAS Parallel Benchmarks 3.4 -- FT Benchmark

 No input file inputft.data. Using compiled defaults
 Size                : 2048x1024x1024  (class D)
 Iterations          :             25
 Number of processes :             64
 Processor array     :         1x  64
 Layout type         :             1D

 Initialization time =      6.8454

 T =    1     Checksum =    5.122230065252D+02    5.118534037109D+02
 T =    2     Checksum =    5.120463975765D+02    5.117061181082D+02
 T =    3     Checksum =    5.119865766760D+02    5.117096364601D+02
 T =    4     Checksum =    5.119518799488D+02    5.117373863950D+02
 T =    5     Checksum =    5.119269088223D+02    5.117680347632D+02
 T =    6     Checksum =    5.119082416858D+02    5.117967875532D+02
 T =    7     Checksum =    5.118943814638D+02    5.118225281841D+02
 T =    8     Checksum =    5.118842385057D+02    5.118451629348D+02
 T =    9     Checksum =    5.118769435632D+02    5.118649119387D+02
 T =   10     Checksum =    5.118718203448D+02    5.118820803844D+02
 T =   11     Checksum =    5.118683569061D+02    5.118969781011D+02
 T =   12     Checksum =    5.118661708593D+02    5.119098918835D+02
 T =   13     Checksum =    5.118649768950D+02    5.119210777066D+02
 T =   14     Checksum =    5.118645605626D+02    5.119307604484D+02
 T =   15     Checksum =    5.118647586618D+02    5.119391362671D+02
 T =   16     Checksum =    5.118654451572D+02    5.119463757241D+02
 T =   17     Checksum =    5.118665212451D+02    5.119526269238D+02
 T =   18     Checksum =    5.118679083821D+02    5.119580184108D+02
 T =   19     Checksum =    5.118695433664D+02    5.119626617538D+02
 T =   20     Checksum =    5.118713748264D+02    5.119666538138D+02
 T =   21     Checksum =    5.118733606701D+02    5.119700787219D+02
 T =   22     Checksum =    5.118754661974D+02    5.119730095953D+02
 T =   23     Checksum =    5.118776626738D+02    5.119755100241D+02
 T =   24     Checksum =    5.118799262314D+02    5.119776353561D+02
 T =   25     Checksum =    5.118822370068D+02    5.119794338060D+02
 Result verification successful


 FT Benchmark Completed.
 Class           =                        D
 Size            =           2048x1024x1024
 Iterations      =                       25
 Time in seconds =                   133.33
 Total processes =                       64
 Active processes=                       64
 Mop/s total     =                 67228.63
 Mop/s/process   =                  1050.45
 Operation type  =           floating point
 Verification    =               SUCCESSFUL
 Version         =                    3.4.4
 Compile date    =              06 Apr 2026

 Compile options:
    MPIFC        = mpif90
    FLINK        = $(MPIFC)
    FMPI_LIB     = (none)
    FMPI_INC     = (none)
    FFLAGS       = -O3
    FLINKFLAGS   = $(FFLAGS)
    RAND         = randi8


 Please send feedbacks and/or the results of this run to:

 NPB Development Team 
 Internet: npb@nas.nasa.gov


### mpirun 12 2026-07-05 23:33:50


 NAS Parallel Benchmarks 3.4 -- FT Benchmark

 No input file inputft.data. Using compiled defaults
 Size                : 2048x1024x1024  (class D)
 Iterations          :             25
 Number of processes :             64
 Processor array     :         1x  64
 Layout type         :             1D

 Initialization time =      7.0010

 T =    1     Checksum =    5.122230065252D+02    5.118534037109D+02
 T =    2     Checksum =    5.120463975765D+02    5.117061181082D+02
 T =    3     Checksum =    5.119865766760D+02    5.117096364601D+02
 T =    4     Checksum =    5.119518799488D+02    5.117373863950D+02
 T =    5     Checksum =    5.119269088223D+02    5.117680347632D+02
 T =    6     Checksum =    5.119082416858D+02    5.117967875532D+02
 T =    7     Checksum =    5.118943814638D+02    5.118225281841D+02
 T =    8     Checksum =    5.118842385057D+02    5.118451629348D+02
 T =    9     Checksum =    5.118769435632D+02    5.118649119387D+02
 T =   10     Checksum =    5.118718203448D+02    5.118820803844D+02
 T =   11     Checksum =    5.118683569061D+02    5.118969781011D+02
 T =   12     Checksum =    5.118661708593D+02    5.119098918835D+02
 T =   13     Checksum =    5.118649768950D+02    5.119210777066D+02
 T =   14     Checksum =    5.118645605626D+02    5.119307604484D+02
 T =   15     Checksum =    5.118647586618D+02    5.119391362671D+02
 T =   16     Checksum =    5.118654451572D+02    5.119463757241D+02
 T =   17     Checksum =    5.118665212451D+02    5.119526269238D+02
 T =   18     Checksum =    5.118679083821D+02    5.119580184108D+02
 T =   19     Checksum =    5.118695433664D+02    5.119626617538D+02
 T =   20     Checksum =    5.118713748264D+02    5.119666538138D+02
 T =   21     Checksum =    5.118733606701D+02    5.119700787219D+02
 T =   22     Checksum =    5.118754661974D+02    5.119730095953D+02
 T =   23     Checksum =    5.118776626738D+02    5.119755100241D+02
 T =   24     Checksum =    5.118799262314D+02    5.119776353561D+02
 T =   25     Checksum =    5.118822370068D+02    5.119794338060D+02
 Result verification successful


 FT Benchmark Completed.
 Class           =                        D
 Size            =           2048x1024x1024
 Iterations      =                       25
 Time in seconds =                   130.15
 Total processes =                       64
 Active processes=                       64
 Mop/s total     =                 68872.69
 Mop/s/process   =                  1076.14
 Operation type  =           floating point
 Verification    =               SUCCESSFUL
 Version         =                    3.4.4
 Compile date    =              06 Apr 2026

 Compile options:
    MPIFC        = mpif90
    FLINK        = $(MPIFC)
    FMPI_LIB     = (none)
    FMPI_INC     = (none)
    FFLAGS       = -O3
    FLINKFLAGS   = $(FFLAGS)
    RAND         = randi8


 Please send feedbacks and/or the results of this run to:

 NPB Development Team 
 Internet: npb@nas.nasa.gov


# RUN: half_numa_RR mg.E.x ft.D.x
## RANKFILE 1:
rank 0=m25 slot=0
rank 1=m25 slot=16
rank 2=m25 slot=32
rank 3=m25 slot=48
rank 4=m25 slot=64
rank 5=m25 slot=80
rank 6=m25 slot=96
rank 7=m25 slot=112
rank 8=m25 slot=1
rank 9=m25 slot=17
rank 10=m25 slot=33
rank 11=m25 slot=49
rank 12=m25 slot=65
rank 13=m25 slot=81
rank 14=m25 slot=97
rank 15=m25 slot=113
rank 16=m25 slot=2
rank 17=m25 slot=18
rank 18=m25 slot=34
rank 19=m25 slot=50
rank 20=m25 slot=66
rank 21=m25 slot=82
rank 22=m25 slot=98
rank 23=m25 slot=114
rank 24=m25 slot=3
rank 25=m25 slot=19
rank 26=m25 slot=35
rank 27=m25 slot=51
rank 28=m25 slot=67
rank 29=m25 slot=83
rank 30=m25 slot=99
rank 31=m25 slot=115
rank 32=m25 slot=4
rank 33=m25 slot=20
rank 34=m25 slot=36
rank 35=m25 slot=52
rank 36=m25 slot=68
rank 37=m25 slot=84
rank 38=m25 slot=100
rank 39=m25 slot=116
rank 40=m25 slot=5
rank 41=m25 slot=21
rank 42=m25 slot=37
rank 43=m25 slot=53
rank 44=m25 slot=69
rank 45=m25 slot=85
rank 46=m25 slot=101
rank 47=m25 slot=117
rank 48=m25 slot=6
rank 49=m25 slot=22
rank 50=m25 slot=38
rank 51=m25 slot=54
rank 52=m25 slot=70
rank 53=m25 slot=86
rank 54=m25 slot=102
rank 55=m25 slot=118
rank 56=m25 slot=7
rank 57=m25 slot=23
rank 58=m25 slot=39
rank 59=m25 slot=55
rank 60=m25 slot=71
rank 61=m25 slot=87
rank 62=m25 slot=103
rank 63=m25 slot=119
## RANKFILE 2:
rank 0=m25 slot=8
rank 1=m25 slot=24
rank 2=m25 slot=40
rank 3=m25 slot=56
rank 4=m25 slot=72
rank 5=m25 slot=88
rank 6=m25 slot=104
rank 7=m25 slot=120
rank 8=m25 slot=9
rank 9=m25 slot=25
rank 10=m25 slot=41
rank 11=m25 slot=57
rank 12=m25 slot=73
rank 13=m25 slot=89
rank 14=m25 slot=105
rank 15=m25 slot=121
rank 16=m25 slot=10
rank 17=m25 slot=26
rank 18=m25 slot=42
rank 19=m25 slot=58
rank 20=m25 slot=74
rank 21=m25 slot=90
rank 22=m25 slot=106
rank 23=m25 slot=122
rank 24=m25 slot=11
rank 25=m25 slot=27
rank 26=m25 slot=43
rank 27=m25 slot=59
rank 28=m25 slot=75
rank 29=m25 slot=91
rank 30=m25 slot=107
rank 31=m25 slot=123
rank 32=m25 slot=12
rank 33=m25 slot=28
rank 34=m25 slot=44
rank 35=m25 slot=60
rank 36=m25 slot=76
rank 37=m25 slot=92
rank 38=m25 slot=108
rank 39=m25 slot=124
rank 40=m25 slot=13
rank 41=m25 slot=29
rank 42=m25 slot=45
rank 43=m25 slot=61
rank 44=m25 slot=77
rank 45=m25 slot=93
rank 46=m25 slot=109
rank 47=m25 slot=125
rank 48=m25 slot=14
rank 49=m25 slot=30
rank 50=m25 slot=46
rank 51=m25 slot=62
rank 52=m25 slot=78
rank 53=m25 slot=94
rank 54=m25 slot=110
rank 55=m25 slot=126
rank 56=m25 slot=15
rank 57=m25 slot=31
rank 58=m25 slot=47
rank 59=m25 slot=63
rank 60=m25 slot=79
rank 61=m25 slot=95
rank 62=m25 slot=111
rank 63=m25 slot=127
## REPORT 1:
Rank 0: Node m25, CPU core 0, NUMA node 0
Rank 1: Node m25, CPU core 16, NUMA node 1
Rank 2: Node m25, CPU core 32, NUMA node 2
Rank 3: Node m25, CPU core 48, NUMA node 3
Rank 4: Node m25, CPU core 64, NUMA node 4
Rank 5: Node m25, CPU core 80, NUMA node 5
Rank 6: Node m25, CPU core 96, NUMA node 6
Rank 7: Node m25, CPU core 112, NUMA node 7
Rank 8: Node m25, CPU core 1, NUMA node 0
Rank 9: Node m25, CPU core 17, NUMA node 1
Rank 10: Node m25, CPU core 33, NUMA node 2
Rank 11: Node m25, CPU core 49, NUMA node 3
Rank 12: Node m25, CPU core 65, NUMA node 4
Rank 13: Node m25, CPU core 81, NUMA node 5
Rank 14: Node m25, CPU core 97, NUMA node 6
Rank 15: Node m25, CPU core 113, NUMA node 7
Rank 16: Node m25, CPU core 2, NUMA node 0
Rank 17: Node m25, CPU core 18, NUMA node 1
Rank 18: Node m25, CPU core 34, NUMA node 2
Rank 19: Node m25, CPU core 50, NUMA node 3
Rank 20: Node m25, CPU core 66, NUMA node 4
Rank 21: Node m25, CPU core 82, NUMA node 5
Rank 22: Node m25, CPU core 98, NUMA node 6
Rank 23: Node m25, CPU core 114, NUMA node 7
Rank 24: Node m25, CPU core 3, NUMA node 0
Rank 25: Node m25, CPU core 19, NUMA node 1
Rank 26: Node m25, CPU core 35, NUMA node 2
Rank 27: Node m25, CPU core 51, NUMA node 3
Rank 28: Node m25, CPU core 67, NUMA node 4
Rank 29: Node m25, CPU core 83, NUMA node 5
Rank 30: Node m25, CPU core 99, NUMA node 6
Rank 31: Node m25, CPU core 115, NUMA node 7
Rank 32: Node m25, CPU core 4, NUMA node 0
Rank 33: Node m25, CPU core 20, NUMA node 1
Rank 34: Node m25, CPU core 36, NUMA node 2
Rank 35: Node m25, CPU core 52, NUMA node 3
Rank 36: Node m25, CPU core 68, NUMA node 4
Rank 37: Node m25, CPU core 84, NUMA node 5
Rank 38: Node m25, CPU core 100, NUMA node 6
Rank 39: Node m25, CPU core 116, NUMA node 7
Rank 40: Node m25, CPU core 5, NUMA node 0
Rank 41: Node m25, CPU core 21, NUMA node 1
Rank 42: Node m25, CPU core 37, NUMA node 2
Rank 43: Node m25, CPU core 53, NUMA node 3
Rank 44: Node m25, CPU core 69, NUMA node 4
Rank 45: Node m25, CPU core 85, NUMA node 5
Rank 46: Node m25, CPU core 101, NUMA node 6
Rank 47: Node m25, CPU core 117, NUMA node 7
Rank 48: Node m25, CPU core 6, NUMA node 0
Rank 49: Node m25, CPU core 22, NUMA node 1
Rank 50: Node m25, CPU core 38, NUMA node 2
Rank 51: Node m25, CPU core 54, NUMA node 3
Rank 52: Node m25, CPU core 70, NUMA node 4
Rank 53: Node m25, CPU core 86, NUMA node 5
Rank 54: Node m25, CPU core 102, NUMA node 6
Rank 55: Node m25, CPU core 118, NUMA node 7
Rank 56: Node m25, CPU core 7, NUMA node 0
Rank 57: Node m25, CPU core 23, NUMA node 1
Rank 58: Node m25, CPU core 39, NUMA node 2
Rank 59: Node m25, CPU core 55, NUMA node 3
Rank 60: Node m25, CPU core 71, NUMA node 4
Rank 61: Node m25, CPU core 87, NUMA node 5
Rank 62: Node m25, CPU core 103, NUMA node 6
Rank 63: Node m25, CPU core 119, NUMA node 7

===== SUMMARY =====

----- NODE: m25 -----
CPU cores used: 0 16 32 48 64 80 96 112 1 17 33 49 65 81 97 113 2 18 34 50 66 82 98 114 3 19 35 51 67 83 99 115 4 20 36 52 68 84 100 116 5 21 37 53 69 85 101 117 6 22 38 54 70 86 102 118 7 23 39 55 71 87 103 119 
NUMA nodes used: 0 1 2 3 4 5 6 7 
## REPORT 2:
Rank 0: Node m25, CPU core 8, NUMA node 0
Rank 1: Node m25, CPU core 24, NUMA node 1
Rank 2: Node m25, CPU core 40, NUMA node 2
Rank 3: Node m25, CPU core 56, NUMA node 3
Rank 4: Node m25, CPU core 72, NUMA node 4
Rank 5: Node m25, CPU core 88, NUMA node 5
Rank 6: Node m25, CPU core 104, NUMA node 6
Rank 7: Node m25, CPU core 120, NUMA node 7
Rank 8: Node m25, CPU core 9, NUMA node 0
Rank 9: Node m25, CPU core 25, NUMA node 1
Rank 10: Node m25, CPU core 41, NUMA node 2
Rank 11: Node m25, CPU core 57, NUMA node 3
Rank 12: Node m25, CPU core 73, NUMA node 4
Rank 13: Node m25, CPU core 89, NUMA node 5
Rank 14: Node m25, CPU core 105, NUMA node 6
Rank 15: Node m25, CPU core 121, NUMA node 7
Rank 16: Node m25, CPU core 10, NUMA node 0
Rank 17: Node m25, CPU core 26, NUMA node 1
Rank 18: Node m25, CPU core 42, NUMA node 2
Rank 19: Node m25, CPU core 58, NUMA node 3
Rank 20: Node m25, CPU core 74, NUMA node 4
Rank 21: Node m25, CPU core 90, NUMA node 5
Rank 22: Node m25, CPU core 106, NUMA node 6
Rank 23: Node m25, CPU core 122, NUMA node 7
Rank 24: Node m25, CPU core 11, NUMA node 0
Rank 25: Node m25, CPU core 27, NUMA node 1
Rank 26: Node m25, CPU core 43, NUMA node 2
Rank 27: Node m25, CPU core 59, NUMA node 3
Rank 28: Node m25, CPU core 75, NUMA node 4
Rank 29: Node m25, CPU core 91, NUMA node 5
Rank 30: Node m25, CPU core 107, NUMA node 6
Rank 31: Node m25, CPU core 123, NUMA node 7
Rank 32: Node m25, CPU core 12, NUMA node 0
Rank 33: Node m25, CPU core 28, NUMA node 1
Rank 34: Node m25, CPU core 44, NUMA node 2
Rank 35: Node m25, CPU core 60, NUMA node 3
Rank 36: Node m25, CPU core 76, NUMA node 4
Rank 37: Node m25, CPU core 92, NUMA node 5
Rank 38: Node m25, CPU core 108, NUMA node 6
Rank 39: Node m25, CPU core 124, NUMA node 7
Rank 40: Node m25, CPU core 13, NUMA node 0
Rank 41: Node m25, CPU core 29, NUMA node 1
Rank 42: Node m25, CPU core 45, NUMA node 2
Rank 43: Node m25, CPU core 61, NUMA node 3
Rank 44: Node m25, CPU core 77, NUMA node 4
Rank 45: Node m25, CPU core 93, NUMA node 5
Rank 46: Node m25, CPU core 109, NUMA node 6
Rank 47: Node m25, CPU core 125, NUMA node 7
Rank 48: Node m25, CPU core 14, NUMA node 0
Rank 49: Node m25, CPU core 30, NUMA node 1
Rank 50: Node m25, CPU core 46, NUMA node 2
Rank 51: Node m25, CPU core 62, NUMA node 3
Rank 52: Node m25, CPU core 78, NUMA node 4
Rank 53: Node m25, CPU core 94, NUMA node 5
Rank 54: Node m25, CPU core 110, NUMA node 6
Rank 55: Node m25, CPU core 126, NUMA node 7
Rank 56: Node m25, CPU core 15, NUMA node 0
Rank 57: Node m25, CPU core 31, NUMA node 1
Rank 58: Node m25, CPU core 47, NUMA node 2
Rank 59: Node m25, CPU core 63, NUMA node 3
Rank 60: Node m25, CPU core 79, NUMA node 4
Rank 61: Node m25, CPU core 95, NUMA node 5
Rank 62: Node m25, CPU core 111, NUMA node 6
Rank 63: Node m25, CPU core 127, NUMA node 7

===== SUMMARY =====

----- NODE: m25 -----
CPU cores used: 8 24 40 56 72 88 104 120 9 25 41 57 73 89 105 121 10 26 42 58 74 90 106 122 11 27 43 59 75 91 107 123 12 28 44 60 76 92 108 124 13 29 45 61 77 93 109 125 14 30 46 62 78 94 110 126 15 31 47 63 79 95 111 127 
NUMA nodes used: 0 1 2 3 4 5 6 7 
## EXECUTE:
### mpirun 1 2026-07-05 23:36:13
### mpirun 1 2026-07-05 23:36:13
### mpirun 2 2026-07-05 23:38:32
### mpirun 3 2026-07-05 23:40:49
### mpirun 4 2026-07-05 23:43:06
### mpirun 2 2026-07-05 23:44:44
### mpirun 5 2026-07-05 23:45:23
### mpirun 6 2026-07-05 23:47:39
### mpirun 7 2026-07-05 23:49:57
### mpirun 8 2026-07-05 23:52:14
### mpirun 3 2026-07-05 23:53:14
### mpirun 9 2026-07-05 23:54:30
### mpirun 10 2026-07-05 23:56:48
### mpirun 11 2026-07-05 23:59:05
### mpirun 12 2026-07-06 00:01:23
## BENCH 1:
### mpirun 1 2026-07-05 23:36:13


 NAS Parallel Benchmarks 3.4 -- MG Benchmark

 No input file. Using compiled defaults 
 Size: 2048x2048x2048  (class E)
 Iterations:   50
 Total number of processes:     64


 Initialization time:          21.669 seconds

  iter    1
  iter    5
  iter   10
  iter   15
  iter   20
  iter   25
  iter   30
  iter   35
  iter   40
  iter   45
  iter   50

 Benchmark completed 
 VERIFICATION SUCCESSFUL 
 L2 Norm is  0.5630442584583E-10
 Error is    0.2268381496319E-10


 MG Benchmark Completed.
 Class           =                        E
 Size            =           2048x2048x2048
 Iterations      =                       50
 Time in seconds =                   486.15
 Total processes =                       64
 Active processes=                       64
 Mop/s total     =                 51241.11
 Mop/s/process   =                   800.64
 Operation type  =           floating point
 Verification    =               SUCCESSFUL
 Version         =                    3.4.4
 Compile date    =              06 Apr 2026

 Compile options:
    MPIFC        = mpif90
    FLINK        = $(MPIFC)
    FMPI_LIB     = (none)
    FMPI_INC     = (none)
    FFLAGS       = -O3
    FLINKFLAGS   = $(FFLAGS)
    RAND         = randi8


 Please send feedbacks and/or the results of this run to:

 NPB Development Team 
 Internet: npb@nas.nasa.gov


### mpirun 2 2026-07-05 23:44:44


 NAS Parallel Benchmarks 3.4 -- MG Benchmark

 No input file. Using compiled defaults 
 Size: 2048x2048x2048  (class E)
 Iterations:   50
 Total number of processes:     64


 Initialization time:          21.668 seconds

  iter    1
  iter    5
  iter   10
  iter   15
  iter   20
  iter   25
  iter   30
  iter   35
  iter   40
  iter   45
  iter   50

 Benchmark completed 
 VERIFICATION SUCCESSFUL 
 L2 Norm is  0.5630442584583E-10
 Error is    0.2268381496319E-10


 MG Benchmark Completed.
 Class           =                        E
 Size            =           2048x2048x2048
 Iterations      =                       50
 Time in seconds =                   486.27
 Total processes =                       64
 Active processes=                       64
 Mop/s total     =                 51228.82
 Mop/s/process   =                   800.45
 Operation type  =           floating point
 Verification    =               SUCCESSFUL
 Version         =                    3.4.4
 Compile date    =              06 Apr 2026

 Compile options:
    MPIFC        = mpif90
    FLINK        = $(MPIFC)
    FMPI_LIB     = (none)
    FMPI_INC     = (none)
    FFLAGS       = -O3
    FLINKFLAGS   = $(FFLAGS)
    RAND         = randi8


 Please send feedbacks and/or the results of this run to:

 NPB Development Team 
 Internet: npb@nas.nasa.gov


### mpirun 3 2026-07-05 23:53:14


 NAS Parallel Benchmarks 3.4 -- MG Benchmark

 No input file. Using compiled defaults 
 Size: 2048x2048x2048  (class E)
 Iterations:   50
 Total number of processes:     64


 Initialization time:          21.862 seconds

  iter    1
  iter    5
  iter   10
  iter   15
  iter   20
  iter   25
  iter   30
  iter   35
  iter   40
  iter   45
  iter   50

 Benchmark completed 
 VERIFICATION SUCCESSFUL 
 L2 Norm is  0.5630442584583E-10
 Error is    0.2268381496319E-10


 MG Benchmark Completed.
 Class           =                        E
 Size            =           2048x2048x2048
 Iterations      =                       50
 Time in seconds =                   485.09
 Total processes =                       64
 Active processes=                       64
 Mop/s total     =                 51352.61
 Mop/s/process   =                   802.38
 Operation type  =           floating point
 Verification    =               SUCCESSFUL
 Version         =                    3.4.4
 Compile date    =              06 Apr 2026

 Compile options:
    MPIFC        = mpif90
    FLINK        = $(MPIFC)
    FMPI_LIB     = (none)
    FMPI_INC     = (none)
    FFLAGS       = -O3
    FLINKFLAGS   = $(FFLAGS)
    RAND         = randi8


 Please send feedbacks and/or the results of this run to:

 NPB Development Team 
 Internet: npb@nas.nasa.gov


## BENCH 2:
### mpirun 1 2026-07-05 23:36:13


 NAS Parallel Benchmarks 3.4 -- FT Benchmark

 No input file inputft.data. Using compiled defaults
 Size                : 2048x1024x1024  (class D)
 Iterations          :             25
 Number of processes :             64
 Processor array     :         1x  64
 Layout type         :             1D

 Initialization time =      7.1535

 T =    1     Checksum =    5.122230065252D+02    5.118534037109D+02
 T =    2     Checksum =    5.120463975765D+02    5.117061181082D+02
 T =    3     Checksum =    5.119865766760D+02    5.117096364601D+02
 T =    4     Checksum =    5.119518799488D+02    5.117373863950D+02
 T =    5     Checksum =    5.119269088223D+02    5.117680347632D+02
 T =    6     Checksum =    5.119082416858D+02    5.117967875532D+02
 T =    7     Checksum =    5.118943814638D+02    5.118225281841D+02
 T =    8     Checksum =    5.118842385057D+02    5.118451629348D+02
 T =    9     Checksum =    5.118769435632D+02    5.118649119387D+02
 T =   10     Checksum =    5.118718203448D+02    5.118820803844D+02
 T =   11     Checksum =    5.118683569061D+02    5.118969781011D+02
 T =   12     Checksum =    5.118661708593D+02    5.119098918835D+02
 T =   13     Checksum =    5.118649768950D+02    5.119210777066D+02
 T =   14     Checksum =    5.118645605626D+02    5.119307604484D+02
 T =   15     Checksum =    5.118647586618D+02    5.119391362671D+02
 T =   16     Checksum =    5.118654451572D+02    5.119463757241D+02
 T =   17     Checksum =    5.118665212451D+02    5.119526269238D+02
 T =   18     Checksum =    5.118679083821D+02    5.119580184108D+02
 T =   19     Checksum =    5.118695433664D+02    5.119626617538D+02
 T =   20     Checksum =    5.118713748264D+02    5.119666538138D+02
 T =   21     Checksum =    5.118733606701D+02    5.119700787219D+02
 T =   22     Checksum =    5.118754661974D+02    5.119730095953D+02
 T =   23     Checksum =    5.118776626738D+02    5.119755100241D+02
 T =   24     Checksum =    5.118799262314D+02    5.119776353561D+02
 T =   25     Checksum =    5.118822370068D+02    5.119794338060D+02
 Result verification successful


 FT Benchmark Completed.
 Class           =                        D
 Size            =           2048x1024x1024
 Iterations      =                       25
 Time in seconds =                   128.43
 Total processes =                       64
 Active processes=                       64
 Mop/s total     =                 69793.91
 Mop/s/process   =                  1090.53
 Operation type  =           floating point
 Verification    =               SUCCESSFUL
 Version         =                    3.4.4
 Compile date    =              06 Apr 2026

 Compile options:
    MPIFC        = mpif90
    FLINK        = $(MPIFC)
    FMPI_LIB     = (none)
    FMPI_INC     = (none)
    FFLAGS       = -O3
    FLINKFLAGS   = $(FFLAGS)
    RAND         = randi8


 Please send feedbacks and/or the results of this run to:

 NPB Development Team 
 Internet: npb@nas.nasa.gov


### mpirun 2 2026-07-05 23:38:32


 NAS Parallel Benchmarks 3.4 -- FT Benchmark

 No input file inputft.data. Using compiled defaults
 Size                : 2048x1024x1024  (class D)
 Iterations          :             25
 Number of processes :             64
 Processor array     :         1x  64
 Layout type         :             1D

 Initialization time =      6.4591

 T =    1     Checksum =    5.122230065252D+02    5.118534037109D+02
 T =    2     Checksum =    5.120463975765D+02    5.117061181082D+02
 T =    3     Checksum =    5.119865766760D+02    5.117096364601D+02
 T =    4     Checksum =    5.119518799488D+02    5.117373863950D+02
 T =    5     Checksum =    5.119269088223D+02    5.117680347632D+02
 T =    6     Checksum =    5.119082416858D+02    5.117967875532D+02
 T =    7     Checksum =    5.118943814638D+02    5.118225281841D+02
 T =    8     Checksum =    5.118842385057D+02    5.118451629348D+02
 T =    9     Checksum =    5.118769435632D+02    5.118649119387D+02
 T =   10     Checksum =    5.118718203448D+02    5.118820803844D+02
 T =   11     Checksum =    5.118683569061D+02    5.118969781011D+02
 T =   12     Checksum =    5.118661708593D+02    5.119098918835D+02
 T =   13     Checksum =    5.118649768950D+02    5.119210777066D+02
 T =   14     Checksum =    5.118645605626D+02    5.119307604484D+02
 T =   15     Checksum =    5.118647586618D+02    5.119391362671D+02
 T =   16     Checksum =    5.118654451572D+02    5.119463757241D+02
 T =   17     Checksum =    5.118665212451D+02    5.119526269238D+02
 T =   18     Checksum =    5.118679083821D+02    5.119580184108D+02
 T =   19     Checksum =    5.118695433664D+02    5.119626617538D+02
 T =   20     Checksum =    5.118713748264D+02    5.119666538138D+02
 T =   21     Checksum =    5.118733606701D+02    5.119700787219D+02
 T =   22     Checksum =    5.118754661974D+02    5.119730095953D+02
 T =   23     Checksum =    5.118776626738D+02    5.119755100241D+02
 T =   24     Checksum =    5.118799262314D+02    5.119776353561D+02
 T =   25     Checksum =    5.118822370068D+02    5.119794338060D+02
 Result verification successful


 FT Benchmark Completed.
 Class           =                        D
 Size            =           2048x1024x1024
 Iterations      =                       25
 Time in seconds =                   128.58
 Total processes =                       64
 Active processes=                       64
 Mop/s total     =                 69713.93
 Mop/s/process   =                  1089.28
 Operation type  =           floating point
 Verification    =               SUCCESSFUL
 Version         =                    3.4.4
 Compile date    =              06 Apr 2026

 Compile options:
    MPIFC        = mpif90
    FLINK        = $(MPIFC)
    FMPI_LIB     = (none)
    FMPI_INC     = (none)
    FFLAGS       = -O3
    FLINKFLAGS   = $(FFLAGS)
    RAND         = randi8


 Please send feedbacks and/or the results of this run to:

 NPB Development Team 
 Internet: npb@nas.nasa.gov


### mpirun 3 2026-07-05 23:40:49


 NAS Parallel Benchmarks 3.4 -- FT Benchmark

 No input file inputft.data. Using compiled defaults
 Size                : 2048x1024x1024  (class D)
 Iterations          :             25
 Number of processes :             64
 Processor array     :         1x  64
 Layout type         :             1D

 Initialization time =      6.5033

 T =    1     Checksum =    5.122230065252D+02    5.118534037109D+02
 T =    2     Checksum =    5.120463975765D+02    5.117061181082D+02
 T =    3     Checksum =    5.119865766760D+02    5.117096364601D+02
 T =    4     Checksum =    5.119518799488D+02    5.117373863950D+02
 T =    5     Checksum =    5.119269088223D+02    5.117680347632D+02
 T =    6     Checksum =    5.119082416858D+02    5.117967875532D+02
 T =    7     Checksum =    5.118943814638D+02    5.118225281841D+02
 T =    8     Checksum =    5.118842385057D+02    5.118451629348D+02
 T =    9     Checksum =    5.118769435632D+02    5.118649119387D+02
 T =   10     Checksum =    5.118718203448D+02    5.118820803844D+02
 T =   11     Checksum =    5.118683569061D+02    5.118969781011D+02
 T =   12     Checksum =    5.118661708593D+02    5.119098918835D+02
 T =   13     Checksum =    5.118649768950D+02    5.119210777066D+02
 T =   14     Checksum =    5.118645605626D+02    5.119307604484D+02
 T =   15     Checksum =    5.118647586618D+02    5.119391362671D+02
 T =   16     Checksum =    5.118654451572D+02    5.119463757241D+02
 T =   17     Checksum =    5.118665212451D+02    5.119526269238D+02
 T =   18     Checksum =    5.118679083821D+02    5.119580184108D+02
 T =   19     Checksum =    5.118695433664D+02    5.119626617538D+02
 T =   20     Checksum =    5.118713748264D+02    5.119666538138D+02
 T =   21     Checksum =    5.118733606701D+02    5.119700787219D+02
 T =   22     Checksum =    5.118754661974D+02    5.119730095953D+02
 T =   23     Checksum =    5.118776626738D+02    5.119755100241D+02
 T =   24     Checksum =    5.118799262314D+02    5.119776353561D+02
 T =   25     Checksum =    5.118822370068D+02    5.119794338060D+02
 Result verification successful


 FT Benchmark Completed.
 Class           =                        D
 Size            =           2048x1024x1024
 Iterations      =                       25
 Time in seconds =                   128.13
 Total processes =                       64
 Active processes=                       64
 Mop/s total     =                 69960.43
 Mop/s/process   =                  1093.13
 Operation type  =           floating point
 Verification    =               SUCCESSFUL
 Version         =                    3.4.4
 Compile date    =              06 Apr 2026

 Compile options:
    MPIFC        = mpif90
    FLINK        = $(MPIFC)
    FMPI_LIB     = (none)
    FMPI_INC     = (none)
    FFLAGS       = -O3
    FLINKFLAGS   = $(FFLAGS)
    RAND         = randi8


 Please send feedbacks and/or the results of this run to:

 NPB Development Team 
 Internet: npb@nas.nasa.gov


### mpirun 4 2026-07-05 23:43:06


 NAS Parallel Benchmarks 3.4 -- FT Benchmark

 No input file inputft.data. Using compiled defaults
 Size                : 2048x1024x1024  (class D)
 Iterations          :             25
 Number of processes :             64
 Processor array     :         1x  64
 Layout type         :             1D

 Initialization time =      6.5050

 T =    1     Checksum =    5.122230065252D+02    5.118534037109D+02
 T =    2     Checksum =    5.120463975765D+02    5.117061181082D+02
 T =    3     Checksum =    5.119865766760D+02    5.117096364601D+02
 T =    4     Checksum =    5.119518799488D+02    5.117373863950D+02
 T =    5     Checksum =    5.119269088223D+02    5.117680347632D+02
 T =    6     Checksum =    5.119082416858D+02    5.117967875532D+02
 T =    7     Checksum =    5.118943814638D+02    5.118225281841D+02
 T =    8     Checksum =    5.118842385057D+02    5.118451629348D+02
 T =    9     Checksum =    5.118769435632D+02    5.118649119387D+02
 T =   10     Checksum =    5.118718203448D+02    5.118820803844D+02
 T =   11     Checksum =    5.118683569061D+02    5.118969781011D+02
 T =   12     Checksum =    5.118661708593D+02    5.119098918835D+02
 T =   13     Checksum =    5.118649768950D+02    5.119210777066D+02
 T =   14     Checksum =    5.118645605626D+02    5.119307604484D+02
 T =   15     Checksum =    5.118647586618D+02    5.119391362671D+02
 T =   16     Checksum =    5.118654451572D+02    5.119463757241D+02
 T =   17     Checksum =    5.118665212451D+02    5.119526269238D+02
 T =   18     Checksum =    5.118679083821D+02    5.119580184108D+02
 T =   19     Checksum =    5.118695433664D+02    5.119626617538D+02
 T =   20     Checksum =    5.118713748264D+02    5.119666538138D+02
 T =   21     Checksum =    5.118733606701D+02    5.119700787219D+02
 T =   22     Checksum =    5.118754661974D+02    5.119730095953D+02
 T =   23     Checksum =    5.118776626738D+02    5.119755100241D+02
 T =   24     Checksum =    5.118799262314D+02    5.119776353561D+02
 T =   25     Checksum =    5.118822370068D+02    5.119794338060D+02
 Result verification successful


 FT Benchmark Completed.
 Class           =                        D
 Size            =           2048x1024x1024
 Iterations      =                       25
 Time in seconds =                   128.95
 Total processes =                       64
 Active processes=                       64
 Mop/s total     =                 69513.90
 Mop/s/process   =                  1086.15
 Operation type  =           floating point
 Verification    =               SUCCESSFUL
 Version         =                    3.4.4
 Compile date    =              06 Apr 2026

 Compile options:
    MPIFC        = mpif90
    FLINK        = $(MPIFC)
    FMPI_LIB     = (none)
    FMPI_INC     = (none)
    FFLAGS       = -O3
    FLINKFLAGS   = $(FFLAGS)
    RAND         = randi8


 Please send feedbacks and/or the results of this run to:

 NPB Development Team 
 Internet: npb@nas.nasa.gov


### mpirun 5 2026-07-05 23:45:23


 NAS Parallel Benchmarks 3.4 -- FT Benchmark

 No input file inputft.data. Using compiled defaults
 Size                : 2048x1024x1024  (class D)
 Iterations          :             25
 Number of processes :             64
 Processor array     :         1x  64
 Layout type         :             1D

 Initialization time =      6.3852

 T =    1     Checksum =    5.122230065252D+02    5.118534037109D+02
 T =    2     Checksum =    5.120463975765D+02    5.117061181082D+02
 T =    3     Checksum =    5.119865766760D+02    5.117096364601D+02
 T =    4     Checksum =    5.119518799488D+02    5.117373863950D+02
 T =    5     Checksum =    5.119269088223D+02    5.117680347632D+02
 T =    6     Checksum =    5.119082416858D+02    5.117967875532D+02
 T =    7     Checksum =    5.118943814638D+02    5.118225281841D+02
 T =    8     Checksum =    5.118842385057D+02    5.118451629348D+02
 T =    9     Checksum =    5.118769435632D+02    5.118649119387D+02
 T =   10     Checksum =    5.118718203448D+02    5.118820803844D+02
 T =   11     Checksum =    5.118683569061D+02    5.118969781011D+02
 T =   12     Checksum =    5.118661708593D+02    5.119098918835D+02
 T =   13     Checksum =    5.118649768950D+02    5.119210777066D+02
 T =   14     Checksum =    5.118645605626D+02    5.119307604484D+02
 T =   15     Checksum =    5.118647586618D+02    5.119391362671D+02
 T =   16     Checksum =    5.118654451572D+02    5.119463757241D+02
 T =   17     Checksum =    5.118665212451D+02    5.119526269238D+02
 T =   18     Checksum =    5.118679083821D+02    5.119580184108D+02
 T =   19     Checksum =    5.118695433664D+02    5.119626617538D+02
 T =   20     Checksum =    5.118713748264D+02    5.119666538138D+02
 T =   21     Checksum =    5.118733606701D+02    5.119700787219D+02
 T =   22     Checksum =    5.118754661974D+02    5.119730095953D+02
 T =   23     Checksum =    5.118776626738D+02    5.119755100241D+02
 T =   24     Checksum =    5.118799262314D+02    5.119776353561D+02
 T =   25     Checksum =    5.118822370068D+02    5.119794338060D+02
 Result verification successful


 FT Benchmark Completed.
 Class           =                        D
 Size            =           2048x1024x1024
 Iterations      =                       25
 Time in seconds =                   128.35
 Total processes =                       64
 Active processes=                       64
 Mop/s total     =                 69839.74
 Mop/s/process   =                  1091.25
 Operation type  =           floating point
 Verification    =               SUCCESSFUL
 Version         =                    3.4.4
 Compile date    =              06 Apr 2026

 Compile options:
    MPIFC        = mpif90
    FLINK        = $(MPIFC)
    FMPI_LIB     = (none)
    FMPI_INC     = (none)
    FFLAGS       = -O3
    FLINKFLAGS   = $(FFLAGS)
    RAND         = randi8


 Please send feedbacks and/or the results of this run to:

 NPB Development Team 
 Internet: npb@nas.nasa.gov


### mpirun 6 2026-07-05 23:47:39


 NAS Parallel Benchmarks 3.4 -- FT Benchmark

 No input file inputft.data. Using compiled defaults
 Size                : 2048x1024x1024  (class D)
 Iterations          :             25
 Number of processes :             64
 Processor array     :         1x  64
 Layout type         :             1D

 Initialization time =      6.5207

 T =    1     Checksum =    5.122230065252D+02    5.118534037109D+02
 T =    2     Checksum =    5.120463975765D+02    5.117061181082D+02
 T =    3     Checksum =    5.119865766760D+02    5.117096364601D+02
 T =    4     Checksum =    5.119518799488D+02    5.117373863950D+02
 T =    5     Checksum =    5.119269088223D+02    5.117680347632D+02
 T =    6     Checksum =    5.119082416858D+02    5.117967875532D+02
 T =    7     Checksum =    5.118943814638D+02    5.118225281841D+02
 T =    8     Checksum =    5.118842385057D+02    5.118451629348D+02
 T =    9     Checksum =    5.118769435632D+02    5.118649119387D+02
 T =   10     Checksum =    5.118718203448D+02    5.118820803844D+02
 T =   11     Checksum =    5.118683569061D+02    5.118969781011D+02
 T =   12     Checksum =    5.118661708593D+02    5.119098918835D+02
 T =   13     Checksum =    5.118649768950D+02    5.119210777066D+02
 T =   14     Checksum =    5.118645605626D+02    5.119307604484D+02
 T =   15     Checksum =    5.118647586618D+02    5.119391362671D+02
 T =   16     Checksum =    5.118654451572D+02    5.119463757241D+02
 T =   17     Checksum =    5.118665212451D+02    5.119526269238D+02
 T =   18     Checksum =    5.118679083821D+02    5.119580184108D+02
 T =   19     Checksum =    5.118695433664D+02    5.119626617538D+02
 T =   20     Checksum =    5.118713748264D+02    5.119666538138D+02
 T =   21     Checksum =    5.118733606701D+02    5.119700787219D+02
 T =   22     Checksum =    5.118754661974D+02    5.119730095953D+02
 T =   23     Checksum =    5.118776626738D+02    5.119755100241D+02
 T =   24     Checksum =    5.118799262314D+02    5.119776353561D+02
 T =   25     Checksum =    5.118822370068D+02    5.119794338060D+02
 Result verification successful


 FT Benchmark Completed.
 Class           =                        D
 Size            =           2048x1024x1024
 Iterations      =                       25
 Time in seconds =                   129.22
 Total processes =                       64
 Active processes=                       64
 Mop/s total     =                 69365.45
 Mop/s/process   =                  1083.84
 Operation type  =           floating point
 Verification    =               SUCCESSFUL
 Version         =                    3.4.4
 Compile date    =              06 Apr 2026

 Compile options:
    MPIFC        = mpif90
    FLINK        = $(MPIFC)
    FMPI_LIB     = (none)
    FMPI_INC     = (none)
    FFLAGS       = -O3
    FLINKFLAGS   = $(FFLAGS)
    RAND         = randi8


 Please send feedbacks and/or the results of this run to:

 NPB Development Team 
 Internet: npb@nas.nasa.gov


### mpirun 7 2026-07-05 23:49:57


 NAS Parallel Benchmarks 3.4 -- FT Benchmark

 No input file inputft.data. Using compiled defaults
 Size                : 2048x1024x1024  (class D)
 Iterations          :             25
 Number of processes :             64
 Processor array     :         1x  64
 Layout type         :             1D

 Initialization time =      6.4985

 T =    1     Checksum =    5.122230065252D+02    5.118534037109D+02
 T =    2     Checksum =    5.120463975765D+02    5.117061181082D+02
 T =    3     Checksum =    5.119865766760D+02    5.117096364601D+02
 T =    4     Checksum =    5.119518799488D+02    5.117373863950D+02
 T =    5     Checksum =    5.119269088223D+02    5.117680347632D+02
 T =    6     Checksum =    5.119082416858D+02    5.117967875532D+02
 T =    7     Checksum =    5.118943814638D+02    5.118225281841D+02
 T =    8     Checksum =    5.118842385057D+02    5.118451629348D+02
 T =    9     Checksum =    5.118769435632D+02    5.118649119387D+02
 T =   10     Checksum =    5.118718203448D+02    5.118820803844D+02
 T =   11     Checksum =    5.118683569061D+02    5.118969781011D+02
 T =   12     Checksum =    5.118661708593D+02    5.119098918835D+02
 T =   13     Checksum =    5.118649768950D+02    5.119210777066D+02
 T =   14     Checksum =    5.118645605626D+02    5.119307604484D+02
 T =   15     Checksum =    5.118647586618D+02    5.119391362671D+02
 T =   16     Checksum =    5.118654451572D+02    5.119463757241D+02
 T =   17     Checksum =    5.118665212451D+02    5.119526269238D+02
 T =   18     Checksum =    5.118679083821D+02    5.119580184108D+02
 T =   19     Checksum =    5.118695433664D+02    5.119626617538D+02
 T =   20     Checksum =    5.118713748264D+02    5.119666538138D+02
 T =   21     Checksum =    5.118733606701D+02    5.119700787219D+02
 T =   22     Checksum =    5.118754661974D+02    5.119730095953D+02
 T =   23     Checksum =    5.118776626738D+02    5.119755100241D+02
 T =   24     Checksum =    5.118799262314D+02    5.119776353561D+02
 T =   25     Checksum =    5.118822370068D+02    5.119794338060D+02
 Result verification successful


 FT Benchmark Completed.
 Class           =                        D
 Size            =           2048x1024x1024
 Iterations      =                       25
 Time in seconds =                   128.24
 Total processes =                       64
 Active processes=                       64
 Mop/s total     =                 69897.45
 Mop/s/process   =                  1092.15
 Operation type  =           floating point
 Verification    =               SUCCESSFUL
 Version         =                    3.4.4
 Compile date    =              06 Apr 2026

 Compile options:
    MPIFC        = mpif90
    FLINK        = $(MPIFC)
    FMPI_LIB     = (none)
    FMPI_INC     = (none)
    FFLAGS       = -O3
    FLINKFLAGS   = $(FFLAGS)
    RAND         = randi8


 Please send feedbacks and/or the results of this run to:

 NPB Development Team 
 Internet: npb@nas.nasa.gov


### mpirun 8 2026-07-05 23:52:14


 NAS Parallel Benchmarks 3.4 -- FT Benchmark

 No input file inputft.data. Using compiled defaults
 Size                : 2048x1024x1024  (class D)
 Iterations          :             25
 Number of processes :             64
 Processor array     :         1x  64
 Layout type         :             1D

 Initialization time =      6.5159

 T =    1     Checksum =    5.122230065252D+02    5.118534037109D+02
 T =    2     Checksum =    5.120463975765D+02    5.117061181082D+02
 T =    3     Checksum =    5.119865766760D+02    5.117096364601D+02
 T =    4     Checksum =    5.119518799488D+02    5.117373863950D+02
 T =    5     Checksum =    5.119269088223D+02    5.117680347632D+02
 T =    6     Checksum =    5.119082416858D+02    5.117967875532D+02
 T =    7     Checksum =    5.118943814638D+02    5.118225281841D+02
 T =    8     Checksum =    5.118842385057D+02    5.118451629348D+02
 T =    9     Checksum =    5.118769435632D+02    5.118649119387D+02
 T =   10     Checksum =    5.118718203448D+02    5.118820803844D+02
 T =   11     Checksum =    5.118683569061D+02    5.118969781011D+02
 T =   12     Checksum =    5.118661708593D+02    5.119098918835D+02
 T =   13     Checksum =    5.118649768950D+02    5.119210777066D+02
 T =   14     Checksum =    5.118645605626D+02    5.119307604484D+02
 T =   15     Checksum =    5.118647586618D+02    5.119391362671D+02
 T =   16     Checksum =    5.118654451572D+02    5.119463757241D+02
 T =   17     Checksum =    5.118665212451D+02    5.119526269238D+02
 T =   18     Checksum =    5.118679083821D+02    5.119580184108D+02
 T =   19     Checksum =    5.118695433664D+02    5.119626617538D+02
 T =   20     Checksum =    5.118713748264D+02    5.119666538138D+02
 T =   21     Checksum =    5.118733606701D+02    5.119700787219D+02
 T =   22     Checksum =    5.118754661974D+02    5.119730095953D+02
 T =   23     Checksum =    5.118776626738D+02    5.119755100241D+02
 T =   24     Checksum =    5.118799262314D+02    5.119776353561D+02
 T =   25     Checksum =    5.118822370068D+02    5.119794338060D+02
 Result verification successful


 FT Benchmark Completed.
 Class           =                        D
 Size            =           2048x1024x1024
 Iterations      =                       25
 Time in seconds =                   128.21
 Total processes =                       64
 Active processes=                       64
 Mop/s total     =                 69915.82
 Mop/s/process   =                  1092.43
 Operation type  =           floating point
 Verification    =               SUCCESSFUL
 Version         =                    3.4.4
 Compile date    =              06 Apr 2026

 Compile options:
    MPIFC        = mpif90
    FLINK        = $(MPIFC)
    FMPI_LIB     = (none)
    FMPI_INC     = (none)
    FFLAGS       = -O3
    FLINKFLAGS   = $(FFLAGS)
    RAND         = randi8


 Please send feedbacks and/or the results of this run to:

 NPB Development Team 
 Internet: npb@nas.nasa.gov


### mpirun 9 2026-07-05 23:54:30


 NAS Parallel Benchmarks 3.4 -- FT Benchmark

 No input file inputft.data. Using compiled defaults
 Size                : 2048x1024x1024  (class D)
 Iterations          :             25
 Number of processes :             64
 Processor array     :         1x  64
 Layout type         :             1D

 Initialization time =      6.3956

 T =    1     Checksum =    5.122230065252D+02    5.118534037109D+02
 T =    2     Checksum =    5.120463975765D+02    5.117061181082D+02
 T =    3     Checksum =    5.119865766760D+02    5.117096364601D+02
 T =    4     Checksum =    5.119518799488D+02    5.117373863950D+02
 T =    5     Checksum =    5.119269088223D+02    5.117680347632D+02
 T =    6     Checksum =    5.119082416858D+02    5.117967875532D+02
 T =    7     Checksum =    5.118943814638D+02    5.118225281841D+02
 T =    8     Checksum =    5.118842385057D+02    5.118451629348D+02
 T =    9     Checksum =    5.118769435632D+02    5.118649119387D+02
 T =   10     Checksum =    5.118718203448D+02    5.118820803844D+02
 T =   11     Checksum =    5.118683569061D+02    5.118969781011D+02
 T =   12     Checksum =    5.118661708593D+02    5.119098918835D+02
 T =   13     Checksum =    5.118649768950D+02    5.119210777066D+02
 T =   14     Checksum =    5.118645605626D+02    5.119307604484D+02
 T =   15     Checksum =    5.118647586618D+02    5.119391362671D+02
 T =   16     Checksum =    5.118654451572D+02    5.119463757241D+02
 T =   17     Checksum =    5.118665212451D+02    5.119526269238D+02
 T =   18     Checksum =    5.118679083821D+02    5.119580184108D+02
 T =   19     Checksum =    5.118695433664D+02    5.119626617538D+02
 T =   20     Checksum =    5.118713748264D+02    5.119666538138D+02
 T =   21     Checksum =    5.118733606701D+02    5.119700787219D+02
 T =   22     Checksum =    5.118754661974D+02    5.119730095953D+02
 T =   23     Checksum =    5.118776626738D+02    5.119755100241D+02
 T =   24     Checksum =    5.118799262314D+02    5.119776353561D+02
 T =   25     Checksum =    5.118822370068D+02    5.119794338060D+02
 Result verification successful


 FT Benchmark Completed.
 Class           =                        D
 Size            =           2048x1024x1024
 Iterations      =                       25
 Time in seconds =                   129.10
 Total processes =                       64
 Active processes=                       64
 Mop/s total     =                 69433.67
 Mop/s/process   =                  1084.90
 Operation type  =           floating point
 Verification    =               SUCCESSFUL
 Version         =                    3.4.4
 Compile date    =              06 Apr 2026

 Compile options:
    MPIFC        = mpif90
    FLINK        = $(MPIFC)
    FMPI_LIB     = (none)
    FMPI_INC     = (none)
    FFLAGS       = -O3
    FLINKFLAGS   = $(FFLAGS)
    RAND         = randi8


 Please send feedbacks and/or the results of this run to:

 NPB Development Team 
 Internet: npb@nas.nasa.gov


### mpirun 10 2026-07-05 23:56:48


 NAS Parallel Benchmarks 3.4 -- FT Benchmark

 No input file inputft.data. Using compiled defaults
 Size                : 2048x1024x1024  (class D)
 Iterations          :             25
 Number of processes :             64
 Processor array     :         1x  64
 Layout type         :             1D

 Initialization time =      6.5059

 T =    1     Checksum =    5.122230065252D+02    5.118534037109D+02
 T =    2     Checksum =    5.120463975765D+02    5.117061181082D+02
 T =    3     Checksum =    5.119865766760D+02    5.117096364601D+02
 T =    4     Checksum =    5.119518799488D+02    5.117373863950D+02
 T =    5     Checksum =    5.119269088223D+02    5.117680347632D+02
 T =    6     Checksum =    5.119082416858D+02    5.117967875532D+02
 T =    7     Checksum =    5.118943814638D+02    5.118225281841D+02
 T =    8     Checksum =    5.118842385057D+02    5.118451629348D+02
 T =    9     Checksum =    5.118769435632D+02    5.118649119387D+02
 T =   10     Checksum =    5.118718203448D+02    5.118820803844D+02
 T =   11     Checksum =    5.118683569061D+02    5.118969781011D+02
 T =   12     Checksum =    5.118661708593D+02    5.119098918835D+02
 T =   13     Checksum =    5.118649768950D+02    5.119210777066D+02
 T =   14     Checksum =    5.118645605626D+02    5.119307604484D+02
 T =   15     Checksum =    5.118647586618D+02    5.119391362671D+02
 T =   16     Checksum =    5.118654451572D+02    5.119463757241D+02
 T =   17     Checksum =    5.118665212451D+02    5.119526269238D+02
 T =   18     Checksum =    5.118679083821D+02    5.119580184108D+02
 T =   19     Checksum =    5.118695433664D+02    5.119626617538D+02
 T =   20     Checksum =    5.118713748264D+02    5.119666538138D+02
 T =   21     Checksum =    5.118733606701D+02    5.119700787219D+02
 T =   22     Checksum =    5.118754661974D+02    5.119730095953D+02
 T =   23     Checksum =    5.118776626738D+02    5.119755100241D+02
 T =   24     Checksum =    5.118799262314D+02    5.119776353561D+02
 T =   25     Checksum =    5.118822370068D+02    5.119794338060D+02
 Result verification successful


 FT Benchmark Completed.
 Class           =                        D
 Size            =           2048x1024x1024
 Iterations      =                       25
 Time in seconds =                   129.44
 Total processes =                       64
 Active processes=                       64
 Mop/s total     =                 69251.51
 Mop/s/process   =                  1082.05
 Operation type  =           floating point
 Verification    =               SUCCESSFUL
 Version         =                    3.4.4
 Compile date    =              06 Apr 2026

 Compile options:
    MPIFC        = mpif90
    FLINK        = $(MPIFC)
    FMPI_LIB     = (none)
    FMPI_INC     = (none)
    FFLAGS       = -O3
    FLINKFLAGS   = $(FFLAGS)
    RAND         = randi8


 Please send feedbacks and/or the results of this run to:

 NPB Development Team 
 Internet: npb@nas.nasa.gov


### mpirun 11 2026-07-05 23:59:05


 NAS Parallel Benchmarks 3.4 -- FT Benchmark

 No input file inputft.data. Using compiled defaults
 Size                : 2048x1024x1024  (class D)
 Iterations          :             25
 Number of processes :             64
 Processor array     :         1x  64
 Layout type         :             1D

 Initialization time =      6.4951

 T =    1     Checksum =    5.122230065252D+02    5.118534037109D+02
 T =    2     Checksum =    5.120463975765D+02    5.117061181082D+02
 T =    3     Checksum =    5.119865766760D+02    5.117096364601D+02
 T =    4     Checksum =    5.119518799488D+02    5.117373863950D+02
 T =    5     Checksum =    5.119269088223D+02    5.117680347632D+02
 T =    6     Checksum =    5.119082416858D+02    5.117967875532D+02
 T =    7     Checksum =    5.118943814638D+02    5.118225281841D+02
 T =    8     Checksum =    5.118842385057D+02    5.118451629348D+02
 T =    9     Checksum =    5.118769435632D+02    5.118649119387D+02
 T =   10     Checksum =    5.118718203448D+02    5.118820803844D+02
 T =   11     Checksum =    5.118683569061D+02    5.118969781011D+02
 T =   12     Checksum =    5.118661708593D+02    5.119098918835D+02
 T =   13     Checksum =    5.118649768950D+02    5.119210777066D+02
 T =   14     Checksum =    5.118645605626D+02    5.119307604484D+02
 T =   15     Checksum =    5.118647586618D+02    5.119391362671D+02
 T =   16     Checksum =    5.118654451572D+02    5.119463757241D+02
 T =   17     Checksum =    5.118665212451D+02    5.119526269238D+02
 T =   18     Checksum =    5.118679083821D+02    5.119580184108D+02
 T =   19     Checksum =    5.118695433664D+02    5.119626617538D+02
 T =   20     Checksum =    5.118713748264D+02    5.119666538138D+02
 T =   21     Checksum =    5.118733606701D+02    5.119700787219D+02
 T =   22     Checksum =    5.118754661974D+02    5.119730095953D+02
 T =   23     Checksum =    5.118776626738D+02    5.119755100241D+02
 T =   24     Checksum =    5.118799262314D+02    5.119776353561D+02
 T =   25     Checksum =    5.118822370068D+02    5.119794338060D+02
 Result verification successful


 FT Benchmark Completed.
 Class           =                        D
 Size            =           2048x1024x1024
 Iterations      =                       25
 Time in seconds =                   128.59
 Total processes =                       64
 Active processes=                       64
 Mop/s total     =                 69709.78
 Mop/s/process   =                  1089.22
 Operation type  =           floating point
 Verification    =               SUCCESSFUL
 Version         =                    3.4.4
 Compile date    =              06 Apr 2026

 Compile options:
    MPIFC        = mpif90
    FLINK        = $(MPIFC)
    FMPI_LIB     = (none)
    FMPI_INC     = (none)
    FFLAGS       = -O3
    FLINKFLAGS   = $(FFLAGS)
    RAND         = randi8


 Please send feedbacks and/or the results of this run to:

 NPB Development Team 
 Internet: npb@nas.nasa.gov


### mpirun 12 2026-07-06 00:01:23


 NAS Parallel Benchmarks 3.4 -- FT Benchmark

 No input file inputft.data. Using compiled defaults
 Size                : 2048x1024x1024  (class D)
 Iterations          :             25
 Number of processes :             64
 Processor array     :         1x  64
 Layout type         :             1D

 Initialization time =      6.5168

 T =    1     Checksum =    5.122230065252D+02    5.118534037109D+02
 T =    2     Checksum =    5.120463975765D+02    5.117061181082D+02
 T =    3     Checksum =    5.119865766760D+02    5.117096364601D+02
 T =    4     Checksum =    5.119518799488D+02    5.117373863950D+02
 T =    5     Checksum =    5.119269088223D+02    5.117680347632D+02
 T =    6     Checksum =    5.119082416858D+02    5.117967875532D+02
 T =    7     Checksum =    5.118943814638D+02    5.118225281841D+02
 T =    8     Checksum =    5.118842385057D+02    5.118451629348D+02
 T =    9     Checksum =    5.118769435632D+02    5.118649119387D+02
 T =   10     Checksum =    5.118718203448D+02    5.118820803844D+02
 T =   11     Checksum =    5.118683569061D+02    5.118969781011D+02
 T =   12     Checksum =    5.118661708593D+02    5.119098918835D+02
 T =   13     Checksum =    5.118649768950D+02    5.119210777066D+02
 T =   14     Checksum =    5.118645605626D+02    5.119307604484D+02
 T =   15     Checksum =    5.118647586618D+02    5.119391362671D+02
 T =   16     Checksum =    5.118654451572D+02    5.119463757241D+02
 T =   17     Checksum =    5.118665212451D+02    5.119526269238D+02
 T =   18     Checksum =    5.118679083821D+02    5.119580184108D+02
 T =   19     Checksum =    5.118695433664D+02    5.119626617538D+02
 T =   20     Checksum =    5.118713748264D+02    5.119666538138D+02
 T =   21     Checksum =    5.118733606701D+02    5.119700787219D+02
 T =   22     Checksum =    5.118754661974D+02    5.119730095953D+02
 T =   23     Checksum =    5.118776626738D+02    5.119755100241D+02
 T =   24     Checksum =    5.118799262314D+02    5.119776353561D+02
 T =   25     Checksum =    5.118822370068D+02    5.119794338060D+02
 Result verification successful


 FT Benchmark Completed.
 Class           =                        D
 Size            =           2048x1024x1024
 Iterations      =                       25
 Time in seconds =                    97.79
 Total processes =                       64
 Active processes=                       64
 Mop/s total     =                 91660.18
 Mop/s/process   =                  1432.19
 Operation type  =           floating point
 Verification    =               SUCCESSFUL
 Version         =                    3.4.4
 Compile date    =              06 Apr 2026

 Compile options:
    MPIFC        = mpif90
    FLINK        = $(MPIFC)
    FMPI_LIB     = (none)
    FMPI_INC     = (none)
    FFLAGS       = -O3
    FLINKFLAGS   = $(FFLAGS)
    RAND         = randi8


 Please send feedbacks and/or the results of this run to:

 NPB Development Team 
 Internet: npb@nas.nasa.gov


# RUN: half_ccd_RR mg.E.x ft.D.x
## RANKFILE 1:
rank 0=m25 slot=0
rank 1=m25 slot=8
rank 2=m25 slot=16
rank 3=m25 slot=24
rank 4=m25 slot=32
rank 5=m25 slot=40
rank 6=m25 slot=48
rank 7=m25 slot=56
rank 8=m25 slot=64
rank 9=m25 slot=72
rank 10=m25 slot=80
rank 11=m25 slot=88
rank 12=m25 slot=96
rank 13=m25 slot=104
rank 14=m25 slot=112
rank 15=m25 slot=120
rank 16=m25 slot=1
rank 17=m25 slot=9
rank 18=m25 slot=17
rank 19=m25 slot=25
rank 20=m25 slot=33
rank 21=m25 slot=41
rank 22=m25 slot=49
rank 23=m25 slot=57
rank 24=m25 slot=65
rank 25=m25 slot=73
rank 26=m25 slot=81
rank 27=m25 slot=89
rank 28=m25 slot=97
rank 29=m25 slot=105
rank 30=m25 slot=113
rank 31=m25 slot=121
rank 32=m25 slot=2
rank 33=m25 slot=10
rank 34=m25 slot=18
rank 35=m25 slot=26
rank 36=m25 slot=34
rank 37=m25 slot=42
rank 38=m25 slot=50
rank 39=m25 slot=58
rank 40=m25 slot=66
rank 41=m25 slot=74
rank 42=m25 slot=82
rank 43=m25 slot=90
rank 44=m25 slot=98
rank 45=m25 slot=106
rank 46=m25 slot=114
rank 47=m25 slot=122
rank 48=m25 slot=3
rank 49=m25 slot=11
rank 50=m25 slot=19
rank 51=m25 slot=27
rank 52=m25 slot=35
rank 53=m25 slot=43
rank 54=m25 slot=51
rank 55=m25 slot=59
rank 56=m25 slot=67
rank 57=m25 slot=75
rank 58=m25 slot=83
rank 59=m25 slot=91
rank 60=m25 slot=99
rank 61=m25 slot=107
rank 62=m25 slot=115
rank 63=m25 slot=123
## RANKFILE 2:
rank 0=m25 slot=4
rank 1=m25 slot=12
rank 2=m25 slot=20
rank 3=m25 slot=28
rank 4=m25 slot=36
rank 5=m25 slot=44
rank 6=m25 slot=52
rank 7=m25 slot=60
rank 8=m25 slot=68
rank 9=m25 slot=76
rank 10=m25 slot=84
rank 11=m25 slot=92
rank 12=m25 slot=100
rank 13=m25 slot=108
rank 14=m25 slot=116
rank 15=m25 slot=124
rank 16=m25 slot=5
rank 17=m25 slot=13
rank 18=m25 slot=21
rank 19=m25 slot=29
rank 20=m25 slot=37
rank 21=m25 slot=45
rank 22=m25 slot=53
rank 23=m25 slot=61
rank 24=m25 slot=69
rank 25=m25 slot=77
rank 26=m25 slot=85
rank 27=m25 slot=93
rank 28=m25 slot=101
rank 29=m25 slot=109
rank 30=m25 slot=117
rank 31=m25 slot=125
rank 32=m25 slot=6
rank 33=m25 slot=14
rank 34=m25 slot=22
rank 35=m25 slot=30
rank 36=m25 slot=38
rank 37=m25 slot=46
rank 38=m25 slot=54
rank 39=m25 slot=62
rank 40=m25 slot=70
rank 41=m25 slot=78
rank 42=m25 slot=86
rank 43=m25 slot=94
rank 44=m25 slot=102
rank 45=m25 slot=110
rank 46=m25 slot=118
rank 47=m25 slot=126
rank 48=m25 slot=7
rank 49=m25 slot=15
rank 50=m25 slot=23
rank 51=m25 slot=31
rank 52=m25 slot=39
rank 53=m25 slot=47
rank 54=m25 slot=55
rank 55=m25 slot=63
rank 56=m25 slot=71
rank 57=m25 slot=79
rank 58=m25 slot=87
rank 59=m25 slot=95
rank 60=m25 slot=103
rank 61=m25 slot=111
rank 62=m25 slot=119
rank 63=m25 slot=127
## REPORT 1:
Rank 0: Node m25, CPU core 0, NUMA node 0
Rank 1: Node m25, CPU core 8, NUMA node 0
Rank 2: Node m25, CPU core 16, NUMA node 1
Rank 3: Node m25, CPU core 24, NUMA node 1
Rank 4: Node m25, CPU core 32, NUMA node 2
Rank 5: Node m25, CPU core 40, NUMA node 2
Rank 6: Node m25, CPU core 48, NUMA node 3
Rank 7: Node m25, CPU core 56, NUMA node 3
Rank 8: Node m25, CPU core 64, NUMA node 4
Rank 9: Node m25, CPU core 72, NUMA node 4
Rank 10: Node m25, CPU core 80, NUMA node 5
Rank 11: Node m25, CPU core 88, NUMA node 5
Rank 12: Node m25, CPU core 96, NUMA node 6
Rank 13: Node m25, CPU core 104, NUMA node 6
Rank 14: Node m25, CPU core 112, NUMA node 7
Rank 15: Node m25, CPU core 120, NUMA node 7
Rank 16: Node m25, CPU core 1, NUMA node 0
Rank 17: Node m25, CPU core 9, NUMA node 0
Rank 18: Node m25, CPU core 17, NUMA node 1
Rank 19: Node m25, CPU core 25, NUMA node 1
Rank 20: Node m25, CPU core 33, NUMA node 2
Rank 21: Node m25, CPU core 41, NUMA node 2
Rank 22: Node m25, CPU core 49, NUMA node 3
Rank 23: Node m25, CPU core 57, NUMA node 3
Rank 24: Node m25, CPU core 65, NUMA node 4
Rank 25: Node m25, CPU core 73, NUMA node 4
Rank 26: Node m25, CPU core 81, NUMA node 5
Rank 27: Node m25, CPU core 89, NUMA node 5
Rank 28: Node m25, CPU core 97, NUMA node 6
Rank 29: Node m25, CPU core 105, NUMA node 6
Rank 30: Node m25, CPU core 113, NUMA node 7
Rank 31: Node m25, CPU core 121, NUMA node 7
Rank 32: Node m25, CPU core 2, NUMA node 0
Rank 33: Node m25, CPU core 10, NUMA node 0
Rank 34: Node m25, CPU core 18, NUMA node 1
Rank 35: Node m25, CPU core 26, NUMA node 1
Rank 36: Node m25, CPU core 34, NUMA node 2
Rank 37: Node m25, CPU core 42, NUMA node 2
Rank 38: Node m25, CPU core 50, NUMA node 3
Rank 39: Node m25, CPU core 58, NUMA node 3
Rank 40: Node m25, CPU core 66, NUMA node 4
Rank 41: Node m25, CPU core 74, NUMA node 4
Rank 42: Node m25, CPU core 82, NUMA node 5
Rank 43: Node m25, CPU core 90, NUMA node 5
Rank 44: Node m25, CPU core 98, NUMA node 6
Rank 45: Node m25, CPU core 106, NUMA node 6
Rank 46: Node m25, CPU core 114, NUMA node 7
Rank 47: Node m25, CPU core 122, NUMA node 7
Rank 48: Node m25, CPU core 3, NUMA node 0
Rank 49: Node m25, CPU core 11, NUMA node 0
Rank 50: Node m25, CPU core 19, NUMA node 1
Rank 51: Node m25, CPU core 27, NUMA node 1
Rank 52: Node m25, CPU core 35, NUMA node 2
Rank 53: Node m25, CPU core 43, NUMA node 2
Rank 54: Node m25, CPU core 51, NUMA node 3
Rank 55: Node m25, CPU core 59, NUMA node 3
Rank 56: Node m25, CPU core 67, NUMA node 4
Rank 57: Node m25, CPU core 75, NUMA node 4
Rank 58: Node m25, CPU core 83, NUMA node 5
Rank 59: Node m25, CPU core 91, NUMA node 5
Rank 60: Node m25, CPU core 99, NUMA node 6
Rank 61: Node m25, CPU core 107, NUMA node 6
Rank 62: Node m25, CPU core 115, NUMA node 7
Rank 63: Node m25, CPU core 123, NUMA node 7

===== SUMMARY =====

----- NODE: m25 -----
CPU cores used: 0 8 16 24 32 40 48 56 64 72 80 88 96 104 112 120 1 9 17 25 33 41 49 57 65 73 81 89 97 105 113 121 2 10 18 26 34 42 50 58 66 74 82 90 98 106 114 122 3 11 19 27 35 43 51 59 67 75 83 91 99 107 115 123 
NUMA nodes used: 0 1 2 3 4 5 6 7 
## REPORT 2:
Rank 0: Node m25, CPU core 4, NUMA node 0
Rank 1: Node m25, CPU core 12, NUMA node 0
Rank 2: Node m25, CPU core 20, NUMA node 1
Rank 3: Node m25, CPU core 28, NUMA node 1
Rank 4: Node m25, CPU core 36, NUMA node 2
Rank 5: Node m25, CPU core 44, NUMA node 2
Rank 6: Node m25, CPU core 52, NUMA node 3
Rank 7: Node m25, CPU core 60, NUMA node 3
Rank 8: Node m25, CPU core 68, NUMA node 4
Rank 9: Node m25, CPU core 76, NUMA node 4
Rank 10: Node m25, CPU core 84, NUMA node 5
Rank 11: Node m25, CPU core 92, NUMA node 5
Rank 12: Node m25, CPU core 100, NUMA node 6
Rank 13: Node m25, CPU core 108, NUMA node 6
Rank 14: Node m25, CPU core 116, NUMA node 7
Rank 15: Node m25, CPU core 124, NUMA node 7
Rank 16: Node m25, CPU core 5, NUMA node 0
Rank 17: Node m25, CPU core 13, NUMA node 0
Rank 18: Node m25, CPU core 21, NUMA node 1
Rank 19: Node m25, CPU core 29, NUMA node 1
Rank 20: Node m25, CPU core 37, NUMA node 2
Rank 21: Node m25, CPU core 45, NUMA node 2
Rank 22: Node m25, CPU core 53, NUMA node 3
Rank 23: Node m25, CPU core 61, NUMA node 3
Rank 24: Node m25, CPU core 69, NUMA node 4
Rank 25: Node m25, CPU core 77, NUMA node 4
Rank 26: Node m25, CPU core 85, NUMA node 5
Rank 27: Node m25, CPU core 93, NUMA node 5
Rank 28: Node m25, CPU core 101, NUMA node 6
Rank 29: Node m25, CPU core 109, NUMA node 6
Rank 30: Node m25, CPU core 117, NUMA node 7
Rank 31: Node m25, CPU core 125, NUMA node 7
Rank 32: Node m25, CPU core 6, NUMA node 0
Rank 33: Node m25, CPU core 14, NUMA node 0
Rank 34: Node m25, CPU core 22, NUMA node 1
Rank 35: Node m25, CPU core 30, NUMA node 1
Rank 36: Node m25, CPU core 38, NUMA node 2
Rank 37: Node m25, CPU core 46, NUMA node 2
Rank 38: Node m25, CPU core 54, NUMA node 3
Rank 39: Node m25, CPU core 62, NUMA node 3
Rank 40: Node m25, CPU core 70, NUMA node 4
Rank 41: Node m25, CPU core 78, NUMA node 4
Rank 42: Node m25, CPU core 86, NUMA node 5
Rank 43: Node m25, CPU core 94, NUMA node 5
Rank 44: Node m25, CPU core 102, NUMA node 6
Rank 45: Node m25, CPU core 110, NUMA node 6
Rank 46: Node m25, CPU core 118, NUMA node 7
Rank 47: Node m25, CPU core 126, NUMA node 7
Rank 48: Node m25, CPU core 7, NUMA node 0
Rank 49: Node m25, CPU core 15, NUMA node 0
Rank 50: Node m25, CPU core 23, NUMA node 1
Rank 51: Node m25, CPU core 31, NUMA node 1
Rank 52: Node m25, CPU core 39, NUMA node 2
Rank 53: Node m25, CPU core 47, NUMA node 2
Rank 54: Node m25, CPU core 55, NUMA node 3
Rank 55: Node m25, CPU core 63, NUMA node 3
Rank 56: Node m25, CPU core 71, NUMA node 4
Rank 57: Node m25, CPU core 79, NUMA node 4
Rank 58: Node m25, CPU core 87, NUMA node 5
Rank 59: Node m25, CPU core 95, NUMA node 5
Rank 60: Node m25, CPU core 103, NUMA node 6
Rank 61: Node m25, CPU core 111, NUMA node 6
Rank 62: Node m25, CPU core 119, NUMA node 7
Rank 63: Node m25, CPU core 127, NUMA node 7

===== SUMMARY =====

----- NODE: m25 -----
CPU cores used: 4 12 20 28 36 44 52 60 68 76 84 92 100 108 116 124 5 13 21 29 37 45 53 61 69 77 85 93 101 109 117 125 6 14 22 30 38 46 54 62 70 78 86 94 102 110 118 126 7 15 23 31 39 47 55 63 71 79 87 95 103 111 119 127 
NUMA nodes used: 0 1 2 3 4 5 6 7 
## EXECUTE:
### mpirun 1 2026-07-06 00:03:13
### mpirun 1 2026-07-06 00:03:13
### mpirun 2 2026-07-06 00:05:47
### mpirun 3 2026-07-06 00:08:18
### mpirun 4 2026-07-06 00:10:48
### mpirun 2 2026-07-06 00:10:51
### mpirun 5 2026-07-06 00:13:19
### mpirun 6 2026-07-06 00:15:49
### mpirun 7 2026-07-06 00:18:20
### mpirun 3 2026-07-06 00:18:27
### mpirun 8 2026-07-06 00:20:49
### mpirun 9 2026-07-06 00:23:20
### mpirun 10 2026-07-06 00:25:51
## BENCH 1:
### mpirun 1 2026-07-06 00:03:13


 NAS Parallel Benchmarks 3.4 -- MG Benchmark

 No input file. Using compiled defaults 
 Size: 2048x2048x2048  (class E)
 Iterations:   50
 Total number of processes:     64


 Initialization time:          19.780 seconds

  iter    1
  iter    5
  iter   10
  iter   15
  iter   20
  iter   25
  iter   30
  iter   35
  iter   40
  iter   45
  iter   50

 Benchmark completed 
 VERIFICATION SUCCESSFUL 
 L2 Norm is  0.5630442584583E-10
 Error is    0.2268381496319E-10


 MG Benchmark Completed.
 Class           =                        E
 Size            =           2048x2048x2048
 Iterations      =                       50
 Time in seconds =                   434.06
 Total processes =                       64
 Active processes=                       64
 Mop/s total     =                 57390.05
 Mop/s/process   =                   896.72
 Operation type  =           floating point
 Verification    =               SUCCESSFUL
 Version         =                    3.4.4
 Compile date    =              06 Apr 2026

 Compile options:
    MPIFC        = mpif90
    FLINK        = $(MPIFC)
    FMPI_LIB     = (none)
    FMPI_INC     = (none)
    FFLAGS       = -O3
    FLINKFLAGS   = $(FFLAGS)
    RAND         = randi8


 Please send feedbacks and/or the results of this run to:

 NPB Development Team 
 Internet: npb@nas.nasa.gov


### mpirun 2 2026-07-06 00:10:51


 NAS Parallel Benchmarks 3.4 -- MG Benchmark

 No input file. Using compiled defaults 
 Size: 2048x2048x2048  (class E)
 Iterations:   50
 Total number of processes:     64


 Initialization time:          19.689 seconds

  iter    1
  iter    5
  iter   10
  iter   15
  iter   20
  iter   25
  iter   30
  iter   35
  iter   40
  iter   45
  iter   50

 Benchmark completed 
 VERIFICATION SUCCESSFUL 
 L2 Norm is  0.5630442584583E-10
 Error is    0.2268381496319E-10


 MG Benchmark Completed.
 Class           =                        E
 Size            =           2048x2048x2048
 Iterations      =                       50
 Time in seconds =                   434.08
 Total processes =                       64
 Active processes=                       64
 Mop/s total     =                 57387.56
 Mop/s/process   =                   896.68
 Operation type  =           floating point
 Verification    =               SUCCESSFUL
 Version         =                    3.4.4
 Compile date    =              06 Apr 2026

 Compile options:
    MPIFC        = mpif90
    FLINK        = $(MPIFC)
    FMPI_LIB     = (none)
    FMPI_INC     = (none)
    FFLAGS       = -O3
    FLINKFLAGS   = $(FFLAGS)
    RAND         = randi8


 Please send feedbacks and/or the results of this run to:

 NPB Development Team 
 Internet: npb@nas.nasa.gov


### mpirun 3 2026-07-06 00:18:27


 NAS Parallel Benchmarks 3.4 -- MG Benchmark

 No input file. Using compiled defaults 
 Size: 2048x2048x2048  (class E)
 Iterations:   50
 Total number of processes:     64


 Initialization time:          19.893 seconds

  iter    1
  iter    5
  iter   10
  iter   15
  iter   20
  iter   25
  iter   30
  iter   35
  iter   40
  iter   45
  iter   50

 Benchmark completed 
 VERIFICATION SUCCESSFUL 
 L2 Norm is  0.5630442584583E-10
 Error is    0.2268381496319E-10


 MG Benchmark Completed.
 Class           =                        E
 Size            =           2048x2048x2048
 Iterations      =                       50
 Time in seconds =                   434.56
 Total processes =                       64
 Active processes=                       64
 Mop/s total     =                 57324.83
 Mop/s/process   =                   895.70
 Operation type  =           floating point
 Verification    =               SUCCESSFUL
 Version         =                    3.4.4
 Compile date    =              06 Apr 2026

 Compile options:
    MPIFC        = mpif90
    FLINK        = $(MPIFC)
    FMPI_LIB     = (none)
    FMPI_INC     = (none)
    FFLAGS       = -O3
    FLINKFLAGS   = $(FFLAGS)
    RAND         = randi8


 Please send feedbacks and/or the results of this run to:

 NPB Development Team 
 Internet: npb@nas.nasa.gov


## BENCH 2:
### mpirun 1 2026-07-06 00:03:13


 NAS Parallel Benchmarks 3.4 -- FT Benchmark

 No input file inputft.data. Using compiled defaults
 Size                : 2048x1024x1024  (class D)
 Iterations          :             25
 Number of processes :             64
 Processor array     :         1x  64
 Layout type         :             1D

 Initialization time =      7.3751

 T =    1     Checksum =    5.122230065252D+02    5.118534037109D+02
 T =    2     Checksum =    5.120463975765D+02    5.117061181082D+02
 T =    3     Checksum =    5.119865766760D+02    5.117096364601D+02
 T =    4     Checksum =    5.119518799488D+02    5.117373863950D+02
 T =    5     Checksum =    5.119269088223D+02    5.117680347632D+02
 T =    6     Checksum =    5.119082416858D+02    5.117967875532D+02
 T =    7     Checksum =    5.118943814638D+02    5.118225281841D+02
 T =    8     Checksum =    5.118842385057D+02    5.118451629348D+02
 T =    9     Checksum =    5.118769435632D+02    5.118649119387D+02
 T =   10     Checksum =    5.118718203448D+02    5.118820803844D+02
 T =   11     Checksum =    5.118683569061D+02    5.118969781011D+02
 T =   12     Checksum =    5.118661708593D+02    5.119098918835D+02
 T =   13     Checksum =    5.118649768950D+02    5.119210777066D+02
 T =   14     Checksum =    5.118645605626D+02    5.119307604484D+02
 T =   15     Checksum =    5.118647586618D+02    5.119391362671D+02
 T =   16     Checksum =    5.118654451572D+02    5.119463757241D+02
 T =   17     Checksum =    5.118665212451D+02    5.119526269238D+02
 T =   18     Checksum =    5.118679083821D+02    5.119580184108D+02
 T =   19     Checksum =    5.118695433664D+02    5.119626617538D+02
 T =   20     Checksum =    5.118713748264D+02    5.119666538138D+02
 T =   21     Checksum =    5.118733606701D+02    5.119700787219D+02
 T =   22     Checksum =    5.118754661974D+02    5.119730095953D+02
 T =   23     Checksum =    5.118776626738D+02    5.119755100241D+02
 T =   24     Checksum =    5.118799262314D+02    5.119776353561D+02
 T =   25     Checksum =    5.118822370068D+02    5.119794338060D+02
 Result verification successful


 FT Benchmark Completed.
 Class           =                        D
 Size            =           2048x1024x1024
 Iterations      =                       25
 Time in seconds =                   142.88
 Total processes =                       64
 Active processes=                       64
 Mop/s total     =                 62734.84
 Mop/s/process   =                   980.23
 Operation type  =           floating point
 Verification    =               SUCCESSFUL
 Version         =                    3.4.4
 Compile date    =              06 Apr 2026

 Compile options:
    MPIFC        = mpif90
    FLINK        = $(MPIFC)
    FMPI_LIB     = (none)
    FMPI_INC     = (none)
    FFLAGS       = -O3
    FLINKFLAGS   = $(FFLAGS)
    RAND         = randi8


 Please send feedbacks and/or the results of this run to:

 NPB Development Team 
 Internet: npb@nas.nasa.gov


### mpirun 2 2026-07-06 00:05:47


 NAS Parallel Benchmarks 3.4 -- FT Benchmark

 No input file inputft.data. Using compiled defaults
 Size                : 2048x1024x1024  (class D)
 Iterations          :             25
 Number of processes :             64
 Processor array     :         1x  64
 Layout type         :             1D

 Initialization time =      6.7745

 T =    1     Checksum =    5.122230065252D+02    5.118534037109D+02
 T =    2     Checksum =    5.120463975765D+02    5.117061181082D+02
 T =    3     Checksum =    5.119865766760D+02    5.117096364601D+02
 T =    4     Checksum =    5.119518799488D+02    5.117373863950D+02
 T =    5     Checksum =    5.119269088223D+02    5.117680347632D+02
 T =    6     Checksum =    5.119082416858D+02    5.117967875532D+02
 T =    7     Checksum =    5.118943814638D+02    5.118225281841D+02
 T =    8     Checksum =    5.118842385057D+02    5.118451629348D+02
 T =    9     Checksum =    5.118769435632D+02    5.118649119387D+02
 T =   10     Checksum =    5.118718203448D+02    5.118820803844D+02
 T =   11     Checksum =    5.118683569061D+02    5.118969781011D+02
 T =   12     Checksum =    5.118661708593D+02    5.119098918835D+02
 T =   13     Checksum =    5.118649768950D+02    5.119210777066D+02
 T =   14     Checksum =    5.118645605626D+02    5.119307604484D+02
 T =   15     Checksum =    5.118647586618D+02    5.119391362671D+02
 T =   16     Checksum =    5.118654451572D+02    5.119463757241D+02
 T =   17     Checksum =    5.118665212451D+02    5.119526269238D+02
 T =   18     Checksum =    5.118679083821D+02    5.119580184108D+02
 T =   19     Checksum =    5.118695433664D+02    5.119626617538D+02
 T =   20     Checksum =    5.118713748264D+02    5.119666538138D+02
 T =   21     Checksum =    5.118733606701D+02    5.119700787219D+02
 T =   22     Checksum =    5.118754661974D+02    5.119730095953D+02
 T =   23     Checksum =    5.118776626738D+02    5.119755100241D+02
 T =   24     Checksum =    5.118799262314D+02    5.119776353561D+02
 T =   25     Checksum =    5.118822370068D+02    5.119794338060D+02
 Result verification successful


 FT Benchmark Completed.
 Class           =                        D
 Size            =           2048x1024x1024
 Iterations      =                       25
 Time in seconds =                   141.06
 Total processes =                       64
 Active processes=                       64
 Mop/s total     =                 63544.76
 Mop/s/process   =                   992.89
 Operation type  =           floating point
 Verification    =               SUCCESSFUL
 Version         =                    3.4.4
 Compile date    =              06 Apr 2026

 Compile options:
    MPIFC        = mpif90
    FLINK        = $(MPIFC)
    FMPI_LIB     = (none)
    FMPI_INC     = (none)
    FFLAGS       = -O3
    FLINKFLAGS   = $(FFLAGS)
    RAND         = randi8


 Please send feedbacks and/or the results of this run to:

 NPB Development Team 
 Internet: npb@nas.nasa.gov


### mpirun 3 2026-07-06 00:08:18


 NAS Parallel Benchmarks 3.4 -- FT Benchmark

 No input file inputft.data. Using compiled defaults
 Size                : 2048x1024x1024  (class D)
 Iterations          :             25
 Number of processes :             64
 Processor array     :         1x  64
 Layout type         :             1D

 Initialization time =      6.8865

 T =    1     Checksum =    5.122230065252D+02    5.118534037109D+02
 T =    2     Checksum =    5.120463975765D+02    5.117061181082D+02
 T =    3     Checksum =    5.119865766760D+02    5.117096364601D+02
 T =    4     Checksum =    5.119518799488D+02    5.117373863950D+02
 T =    5     Checksum =    5.119269088223D+02    5.117680347632D+02
 T =    6     Checksum =    5.119082416858D+02    5.117967875532D+02
 T =    7     Checksum =    5.118943814638D+02    5.118225281841D+02
 T =    8     Checksum =    5.118842385057D+02    5.118451629348D+02
 T =    9     Checksum =    5.118769435632D+02    5.118649119387D+02
 T =   10     Checksum =    5.118718203448D+02    5.118820803844D+02
 T =   11     Checksum =    5.118683569061D+02    5.118969781011D+02
 T =   12     Checksum =    5.118661708593D+02    5.119098918835D+02
 T =   13     Checksum =    5.118649768950D+02    5.119210777066D+02
 T =   14     Checksum =    5.118645605626D+02    5.119307604484D+02
 T =   15     Checksum =    5.118647586618D+02    5.119391362671D+02
 T =   16     Checksum =    5.118654451572D+02    5.119463757241D+02
 T =   17     Checksum =    5.118665212451D+02    5.119526269238D+02
 T =   18     Checksum =    5.118679083821D+02    5.119580184108D+02
 T =   19     Checksum =    5.118695433664D+02    5.119626617538D+02
 T =   20     Checksum =    5.118713748264D+02    5.119666538138D+02
 T =   21     Checksum =    5.118733606701D+02    5.119700787219D+02
 T =   22     Checksum =    5.118754661974D+02    5.119730095953D+02
 T =   23     Checksum =    5.118776626738D+02    5.119755100241D+02
 T =   24     Checksum =    5.118799262314D+02    5.119776353561D+02
 T =   25     Checksum =    5.118822370068D+02    5.119794338060D+02
 Result verification successful


 FT Benchmark Completed.
 Class           =                        D
 Size            =           2048x1024x1024
 Iterations      =                       25
 Time in seconds =                   141.20
 Total processes =                       64
 Active processes=                       64
 Mop/s total     =                 63483.47
 Mop/s/process   =                   991.93
 Operation type  =           floating point
 Verification    =               SUCCESSFUL
 Version         =                    3.4.4
 Compile date    =              06 Apr 2026

 Compile options:
    MPIFC        = mpif90
    FLINK        = $(MPIFC)
    FMPI_LIB     = (none)
    FMPI_INC     = (none)
    FFLAGS       = -O3
    FLINKFLAGS   = $(FFLAGS)
    RAND         = randi8


 Please send feedbacks and/or the results of this run to:

 NPB Development Team 
 Internet: npb@nas.nasa.gov


### mpirun 4 2026-07-06 00:10:48


 NAS Parallel Benchmarks 3.4 -- FT Benchmark

 No input file inputft.data. Using compiled defaults
 Size                : 2048x1024x1024  (class D)
 Iterations          :             25
 Number of processes :             64
 Processor array     :         1x  64
 Layout type         :             1D

 Initialization time =      5.8794

 T =    1     Checksum =    5.122230065252D+02    5.118534037109D+02
 T =    2     Checksum =    5.120463975765D+02    5.117061181082D+02
 T =    3     Checksum =    5.119865766760D+02    5.117096364601D+02
 T =    4     Checksum =    5.119518799488D+02    5.117373863950D+02
 T =    5     Checksum =    5.119269088223D+02    5.117680347632D+02
 T =    6     Checksum =    5.119082416858D+02    5.117967875532D+02
 T =    7     Checksum =    5.118943814638D+02    5.118225281841D+02
 T =    8     Checksum =    5.118842385057D+02    5.118451629348D+02
 T =    9     Checksum =    5.118769435632D+02    5.118649119387D+02
 T =   10     Checksum =    5.118718203448D+02    5.118820803844D+02
 T =   11     Checksum =    5.118683569061D+02    5.118969781011D+02
 T =   12     Checksum =    5.118661708593D+02    5.119098918835D+02
 T =   13     Checksum =    5.118649768950D+02    5.119210777066D+02
 T =   14     Checksum =    5.118645605626D+02    5.119307604484D+02
 T =   15     Checksum =    5.118647586618D+02    5.119391362671D+02
 T =   16     Checksum =    5.118654451572D+02    5.119463757241D+02
 T =   17     Checksum =    5.118665212451D+02    5.119526269238D+02
 T =   18     Checksum =    5.118679083821D+02    5.119580184108D+02
 T =   19     Checksum =    5.118695433664D+02    5.119626617538D+02
 T =   20     Checksum =    5.118713748264D+02    5.119666538138D+02
 T =   21     Checksum =    5.118733606701D+02    5.119700787219D+02
 T =   22     Checksum =    5.118754661974D+02    5.119730095953D+02
 T =   23     Checksum =    5.118776626738D+02    5.119755100241D+02
 T =   24     Checksum =    5.118799262314D+02    5.119776353561D+02
 T =   25     Checksum =    5.118822370068D+02    5.119794338060D+02
 Result verification successful


 FT Benchmark Completed.
 Class           =                        D
 Size            =           2048x1024x1024
 Iterations      =                       25
 Time in seconds =                   141.62
 Total processes =                       64
 Active processes=                       64
 Mop/s total     =                 63293.35
 Mop/s/process   =                   988.96
 Operation type  =           floating point
 Verification    =               SUCCESSFUL
 Version         =                    3.4.4
 Compile date    =              06 Apr 2026

 Compile options:
    MPIFC        = mpif90
    FLINK        = $(MPIFC)
    FMPI_LIB     = (none)
    FMPI_INC     = (none)
    FFLAGS       = -O3
    FLINKFLAGS   = $(FFLAGS)
    RAND         = randi8


 Please send feedbacks and/or the results of this run to:

 NPB Development Team 
 Internet: npb@nas.nasa.gov


### mpirun 5 2026-07-06 00:13:19


 NAS Parallel Benchmarks 3.4 -- FT Benchmark

 No input file inputft.data. Using compiled defaults
 Size                : 2048x1024x1024  (class D)
 Iterations          :             25
 Number of processes :             64
 Processor array     :         1x  64
 Layout type         :             1D

 Initialization time =      6.8756

 T =    1     Checksum =    5.122230065252D+02    5.118534037109D+02
 T =    2     Checksum =    5.120463975765D+02    5.117061181082D+02
 T =    3     Checksum =    5.119865766760D+02    5.117096364601D+02
 T =    4     Checksum =    5.119518799488D+02    5.117373863950D+02
 T =    5     Checksum =    5.119269088223D+02    5.117680347632D+02
 T =    6     Checksum =    5.119082416858D+02    5.117967875532D+02
 T =    7     Checksum =    5.118943814638D+02    5.118225281841D+02
 T =    8     Checksum =    5.118842385057D+02    5.118451629348D+02
 T =    9     Checksum =    5.118769435632D+02    5.118649119387D+02
 T =   10     Checksum =    5.118718203448D+02    5.118820803844D+02
 T =   11     Checksum =    5.118683569061D+02    5.118969781011D+02
 T =   12     Checksum =    5.118661708593D+02    5.119098918835D+02
 T =   13     Checksum =    5.118649768950D+02    5.119210777066D+02
 T =   14     Checksum =    5.118645605626D+02    5.119307604484D+02
 T =   15     Checksum =    5.118647586618D+02    5.119391362671D+02
 T =   16     Checksum =    5.118654451572D+02    5.119463757241D+02
 T =   17     Checksum =    5.118665212451D+02    5.119526269238D+02
 T =   18     Checksum =    5.118679083821D+02    5.119580184108D+02
 T =   19     Checksum =    5.118695433664D+02    5.119626617538D+02
 T =   20     Checksum =    5.118713748264D+02    5.119666538138D+02
 T =   21     Checksum =    5.118733606701D+02    5.119700787219D+02
 T =   22     Checksum =    5.118754661974D+02    5.119730095953D+02
 T =   23     Checksum =    5.118776626738D+02    5.119755100241D+02
 T =   24     Checksum =    5.118799262314D+02    5.119776353561D+02
 T =   25     Checksum =    5.118822370068D+02    5.119794338060D+02
 Result verification successful


 FT Benchmark Completed.
 Class           =                        D
 Size            =           2048x1024x1024
 Iterations      =                       25
 Time in seconds =                   141.01
 Total processes =                       64
 Active processes=                       64
 Mop/s total     =                 63566.91
 Mop/s/process   =                   993.23
 Operation type  =           floating point
 Verification    =               SUCCESSFUL
 Version         =                    3.4.4
 Compile date    =              06 Apr 2026

 Compile options:
    MPIFC        = mpif90
    FLINK        = $(MPIFC)
    FMPI_LIB     = (none)
    FMPI_INC     = (none)
    FFLAGS       = -O3
    FLINKFLAGS   = $(FFLAGS)
    RAND         = randi8


 Please send feedbacks and/or the results of this run to:

 NPB Development Team 
 Internet: npb@nas.nasa.gov


### mpirun 6 2026-07-06 00:15:49


 NAS Parallel Benchmarks 3.4 -- FT Benchmark

 No input file inputft.data. Using compiled defaults
 Size                : 2048x1024x1024  (class D)
 Iterations          :             25
 Number of processes :             64
 Processor array     :         1x  64
 Layout type         :             1D

 Initialization time =      6.8463

 T =    1     Checksum =    5.122230065252D+02    5.118534037109D+02
 T =    2     Checksum =    5.120463975765D+02    5.117061181082D+02
 T =    3     Checksum =    5.119865766760D+02    5.117096364601D+02
 T =    4     Checksum =    5.119518799488D+02    5.117373863950D+02
 T =    5     Checksum =    5.119269088223D+02    5.117680347632D+02
 T =    6     Checksum =    5.119082416858D+02    5.117967875532D+02
 T =    7     Checksum =    5.118943814638D+02    5.118225281841D+02
 T =    8     Checksum =    5.118842385057D+02    5.118451629348D+02
 T =    9     Checksum =    5.118769435632D+02    5.118649119387D+02
 T =   10     Checksum =    5.118718203448D+02    5.118820803844D+02
 T =   11     Checksum =    5.118683569061D+02    5.118969781011D+02
 T =   12     Checksum =    5.118661708593D+02    5.119098918835D+02
 T =   13     Checksum =    5.118649768950D+02    5.119210777066D+02
 T =   14     Checksum =    5.118645605626D+02    5.119307604484D+02
 T =   15     Checksum =    5.118647586618D+02    5.119391362671D+02
 T =   16     Checksum =    5.118654451572D+02    5.119463757241D+02
 T =   17     Checksum =    5.118665212451D+02    5.119526269238D+02
 T =   18     Checksum =    5.118679083821D+02    5.119580184108D+02
 T =   19     Checksum =    5.118695433664D+02    5.119626617538D+02
 T =   20     Checksum =    5.118713748264D+02    5.119666538138D+02
 T =   21     Checksum =    5.118733606701D+02    5.119700787219D+02
 T =   22     Checksum =    5.118754661974D+02    5.119730095953D+02
 T =   23     Checksum =    5.118776626738D+02    5.119755100241D+02
 T =   24     Checksum =    5.118799262314D+02    5.119776353561D+02
 T =   25     Checksum =    5.118822370068D+02    5.119794338060D+02
 Result verification successful


 FT Benchmark Completed.
 Class           =                        D
 Size            =           2048x1024x1024
 Iterations      =                       25
 Time in seconds =                   141.65
 Total processes =                       64
 Active processes=                       64
 Mop/s total     =                 63282.40
 Mop/s/process   =                   988.79
 Operation type  =           floating point
 Verification    =               SUCCESSFUL
 Version         =                    3.4.4
 Compile date    =              06 Apr 2026

 Compile options:
    MPIFC        = mpif90
    FLINK        = $(MPIFC)
    FMPI_LIB     = (none)
    FMPI_INC     = (none)
    FFLAGS       = -O3
    FLINKFLAGS   = $(FFLAGS)
    RAND         = randi8


 Please send feedbacks and/or the results of this run to:

 NPB Development Team 
 Internet: npb@nas.nasa.gov


### mpirun 7 2026-07-06 00:18:20


 NAS Parallel Benchmarks 3.4 -- FT Benchmark

 No input file inputft.data. Using compiled defaults
 Size                : 2048x1024x1024  (class D)
 Iterations          :             25
 Number of processes :             64
 Processor array     :         1x  64
 Layout type         :             1D

 Initialization time =      5.8577

 T =    1     Checksum =    5.122230065252D+02    5.118534037109D+02
 T =    2     Checksum =    5.120463975765D+02    5.117061181082D+02
 T =    3     Checksum =    5.119865766760D+02    5.117096364601D+02
 T =    4     Checksum =    5.119518799488D+02    5.117373863950D+02
 T =    5     Checksum =    5.119269088223D+02    5.117680347632D+02
 T =    6     Checksum =    5.119082416858D+02    5.117967875532D+02
 T =    7     Checksum =    5.118943814638D+02    5.118225281841D+02
 T =    8     Checksum =    5.118842385057D+02    5.118451629348D+02
 T =    9     Checksum =    5.118769435632D+02    5.118649119387D+02
 T =   10     Checksum =    5.118718203448D+02    5.118820803844D+02
 T =   11     Checksum =    5.118683569061D+02    5.118969781011D+02
 T =   12     Checksum =    5.118661708593D+02    5.119098918835D+02
 T =   13     Checksum =    5.118649768950D+02    5.119210777066D+02
 T =   14     Checksum =    5.118645605626D+02    5.119307604484D+02
 T =   15     Checksum =    5.118647586618D+02    5.119391362671D+02
 T =   16     Checksum =    5.118654451572D+02    5.119463757241D+02
 T =   17     Checksum =    5.118665212451D+02    5.119526269238D+02
 T =   18     Checksum =    5.118679083821D+02    5.119580184108D+02
 T =   19     Checksum =    5.118695433664D+02    5.119626617538D+02
 T =   20     Checksum =    5.118713748264D+02    5.119666538138D+02
 T =   21     Checksum =    5.118733606701D+02    5.119700787219D+02
 T =   22     Checksum =    5.118754661974D+02    5.119730095953D+02
 T =   23     Checksum =    5.118776626738D+02    5.119755100241D+02
 T =   24     Checksum =    5.118799262314D+02    5.119776353561D+02
 T =   25     Checksum =    5.118822370068D+02    5.119794338060D+02
 Result verification successful


 FT Benchmark Completed.
 Class           =                        D
 Size            =           2048x1024x1024
 Iterations      =                       25
 Time in seconds =                   140.91
 Total processes =                       64
 Active processes=                       64
 Mop/s total     =                 63611.07
 Mop/s/process   =                   993.92
 Operation type  =           floating point
 Verification    =               SUCCESSFUL
 Version         =                    3.4.4
 Compile date    =              06 Apr 2026

 Compile options:
    MPIFC        = mpif90
    FLINK        = $(MPIFC)
    FMPI_LIB     = (none)
    FMPI_INC     = (none)
    FFLAGS       = -O3
    FLINKFLAGS   = $(FFLAGS)
    RAND         = randi8


 Please send feedbacks and/or the results of this run to:

 NPB Development Team 
 Internet: npb@nas.nasa.gov


### mpirun 8 2026-07-06 00:20:49


 NAS Parallel Benchmarks 3.4 -- FT Benchmark

 No input file inputft.data. Using compiled defaults
 Size                : 2048x1024x1024  (class D)
 Iterations          :             25
 Number of processes :             64
 Processor array     :         1x  64
 Layout type         :             1D

 Initialization time =      6.9623

 T =    1     Checksum =    5.122230065252D+02    5.118534037109D+02
 T =    2     Checksum =    5.120463975765D+02    5.117061181082D+02
 T =    3     Checksum =    5.119865766760D+02    5.117096364601D+02
 T =    4     Checksum =    5.119518799488D+02    5.117373863950D+02
 T =    5     Checksum =    5.119269088223D+02    5.117680347632D+02
 T =    6     Checksum =    5.119082416858D+02    5.117967875532D+02
 T =    7     Checksum =    5.118943814638D+02    5.118225281841D+02
 T =    8     Checksum =    5.118842385057D+02    5.118451629348D+02
 T =    9     Checksum =    5.118769435632D+02    5.118649119387D+02
 T =   10     Checksum =    5.118718203448D+02    5.118820803844D+02
 T =   11     Checksum =    5.118683569061D+02    5.118969781011D+02
 T =   12     Checksum =    5.118661708593D+02    5.119098918835D+02
 T =   13     Checksum =    5.118649768950D+02    5.119210777066D+02
 T =   14     Checksum =    5.118645605626D+02    5.119307604484D+02
 T =   15     Checksum =    5.118647586618D+02    5.119391362671D+02
 T =   16     Checksum =    5.118654451572D+02    5.119463757241D+02
 T =   17     Checksum =    5.118665212451D+02    5.119526269238D+02
 T =   18     Checksum =    5.118679083821D+02    5.119580184108D+02
 T =   19     Checksum =    5.118695433664D+02    5.119626617538D+02
 T =   20     Checksum =    5.118713748264D+02    5.119666538138D+02
 T =   21     Checksum =    5.118733606701D+02    5.119700787219D+02
 T =   22     Checksum =    5.118754661974D+02    5.119730095953D+02
 T =   23     Checksum =    5.118776626738D+02    5.119755100241D+02
 T =   24     Checksum =    5.118799262314D+02    5.119776353561D+02
 T =   25     Checksum =    5.118822370068D+02    5.119794338060D+02
 Result verification successful


 FT Benchmark Completed.
 Class           =                        D
 Size            =           2048x1024x1024
 Iterations      =                       25
 Time in seconds =                   141.16
 Total processes =                       64
 Active processes=                       64
 Mop/s total     =                 63502.05
 Mop/s/process   =                   992.22
 Operation type  =           floating point
 Verification    =               SUCCESSFUL
 Version         =                    3.4.4
 Compile date    =              06 Apr 2026

 Compile options:
    MPIFC        = mpif90
    FLINK        = $(MPIFC)
    FMPI_LIB     = (none)
    FMPI_INC     = (none)
    FFLAGS       = -O3
    FLINKFLAGS   = $(FFLAGS)
    RAND         = randi8


 Please send feedbacks and/or the results of this run to:

 NPB Development Team 
 Internet: npb@nas.nasa.gov


### mpirun 9 2026-07-06 00:23:20


 NAS Parallel Benchmarks 3.4 -- FT Benchmark

 No input file inputft.data. Using compiled defaults
 Size                : 2048x1024x1024  (class D)
 Iterations          :             25
 Number of processes :             64
 Processor array     :         1x  64
 Layout type         :             1D

 Initialization time =      6.7220

 T =    1     Checksum =    5.122230065252D+02    5.118534037109D+02
 T =    2     Checksum =    5.120463975765D+02    5.117061181082D+02
 T =    3     Checksum =    5.119865766760D+02    5.117096364601D+02
 T =    4     Checksum =    5.119518799488D+02    5.117373863950D+02
 T =    5     Checksum =    5.119269088223D+02    5.117680347632D+02
 T =    6     Checksum =    5.119082416858D+02    5.117967875532D+02
 T =    7     Checksum =    5.118943814638D+02    5.118225281841D+02
 T =    8     Checksum =    5.118842385057D+02    5.118451629348D+02
 T =    9     Checksum =    5.118769435632D+02    5.118649119387D+02
 T =   10     Checksum =    5.118718203448D+02    5.118820803844D+02
 T =   11     Checksum =    5.118683569061D+02    5.118969781011D+02
 T =   12     Checksum =    5.118661708593D+02    5.119098918835D+02
 T =   13     Checksum =    5.118649768950D+02    5.119210777066D+02
 T =   14     Checksum =    5.118645605626D+02    5.119307604484D+02
 T =   15     Checksum =    5.118647586618D+02    5.119391362671D+02
 T =   16     Checksum =    5.118654451572D+02    5.119463757241D+02
 T =   17     Checksum =    5.118665212451D+02    5.119526269238D+02
 T =   18     Checksum =    5.118679083821D+02    5.119580184108D+02
 T =   19     Checksum =    5.118695433664D+02    5.119626617538D+02
 T =   20     Checksum =    5.118713748264D+02    5.119666538138D+02
 T =   21     Checksum =    5.118733606701D+02    5.119700787219D+02
 T =   22     Checksum =    5.118754661974D+02    5.119730095953D+02
 T =   23     Checksum =    5.118776626738D+02    5.119755100241D+02
 T =   24     Checksum =    5.118799262314D+02    5.119776353561D+02
 T =   25     Checksum =    5.118822370068D+02    5.119794338060D+02
 Result verification successful


 FT Benchmark Completed.
 Class           =                        D
 Size            =           2048x1024x1024
 Iterations      =                       25
 Time in seconds =                   141.23
 Total processes =                       64
 Active processes=                       64
 Mop/s total     =                 63470.25
 Mop/s/process   =                   991.72
 Operation type  =           floating point
 Verification    =               SUCCESSFUL
 Version         =                    3.4.4
 Compile date    =              06 Apr 2026

 Compile options:
    MPIFC        = mpif90
    FLINK        = $(MPIFC)
    FMPI_LIB     = (none)
    FMPI_INC     = (none)
    FFLAGS       = -O3
    FLINKFLAGS   = $(FFLAGS)
    RAND         = randi8


 Please send feedbacks and/or the results of this run to:

 NPB Development Team 
 Internet: npb@nas.nasa.gov


### mpirun 10 2026-07-06 00:25:51


 NAS Parallel Benchmarks 3.4 -- FT Benchmark

 No input file inputft.data. Using compiled defaults
 Size                : 2048x1024x1024  (class D)
 Iterations          :             25
 Number of processes :             64
 Processor array     :         1x  64
 Layout type         :             1D

 Initialization time =      6.8412

 T =    1     Checksum =    5.122230065252D+02    5.118534037109D+02
 T =    2     Checksum =    5.120463975765D+02    5.117061181082D+02
 T =    3     Checksum =    5.119865766760D+02    5.117096364601D+02
 T =    4     Checksum =    5.119518799488D+02    5.117373863950D+02
 T =    5     Checksum =    5.119269088223D+02    5.117680347632D+02
 T =    6     Checksum =    5.119082416858D+02    5.117967875532D+02
 T =    7     Checksum =    5.118943814638D+02    5.118225281841D+02
 T =    8     Checksum =    5.118842385057D+02    5.118451629348D+02
 T =    9     Checksum =    5.118769435632D+02    5.118649119387D+02
 T =   10     Checksum =    5.118718203448D+02    5.118820803844D+02
 T =   11     Checksum =    5.118683569061D+02    5.118969781011D+02
 T =   12     Checksum =    5.118661708593D+02    5.119098918835D+02
 T =   13     Checksum =    5.118649768950D+02    5.119210777066D+02
 T =   14     Checksum =    5.118645605626D+02    5.119307604484D+02
 T =   15     Checksum =    5.118647586618D+02    5.119391362671D+02
 T =   16     Checksum =    5.118654451572D+02    5.119463757241D+02
 T =   17     Checksum =    5.118665212451D+02    5.119526269238D+02
 T =   18     Checksum =    5.118679083821D+02    5.119580184108D+02
 T =   19     Checksum =    5.118695433664D+02    5.119626617538D+02
 T =   20     Checksum =    5.118713748264D+02    5.119666538138D+02
 T =   21     Checksum =    5.118733606701D+02    5.119700787219D+02
 T =   22     Checksum =    5.118754661974D+02    5.119730095953D+02
 T =   23     Checksum =    5.118776626738D+02    5.119755100241D+02
 T =   24     Checksum =    5.118799262314D+02    5.119776353561D+02
 T =   25     Checksum =    5.118822370068D+02    5.119794338060D+02
 Result verification successful


 FT Benchmark Completed.
 Class           =                        D
 Size            =           2048x1024x1024
 Iterations      =                       25
 Time in seconds =                    84.55
 Total processes =                       64
 Active processes=                       64
 Mop/s total     =                106011.60
 Mop/s/process   =                  1656.43
 Operation type  =           floating point
 Verification    =               SUCCESSFUL
 Version         =                    3.4.4
 Compile date    =              06 Apr 2026

 Compile options:
    MPIFC        = mpif90
    FLINK        = $(MPIFC)
    FMPI_LIB     = (none)
    FMPI_INC     = (none)
    FFLAGS       = -O3
    FLINKFLAGS   = $(FFLAGS)
    RAND         = randi8


 Please send feedbacks and/or the results of this run to:

 NPB Development Team 
 Internet: npb@nas.nasa.gov


